id,microserviceName,URI,connectionTypes,duplicate,creationTime,pattern,role,connections
0,LoadBalancingService0,http://localhost:9010/api/LoadBalancingService0,GET ,false,0,LoadBalanceing,LoadBalancingService,POST http://localhost:9011/api/ProviderService0 PUT http://localhost:9011/api/ProviderService0 GET http://localhost:9011/api/ProviderService0 POST http://localhost:9012/api/ProviderService1 PUT http://localhost:9012/api/ProviderService1 GET http://localhost:9012/api/ProviderService1 POST http://localhost:9013/api/ProviderService2 PUT http://localhost:9013/api/ProviderService2 GET http://localhost:9013/api/ProviderService2 
1,ProviderService0,http://localhost:9011/api/ProviderService0,POST PUT GET ,false,1,LoadBalanceing,ProviderService,
2,ProviderService1,http://localhost:9012/api/ProviderService1,POST PUT GET ,false,2,LoadBalanceing,ProviderService,
3,ProviderService2,http://localhost:9013/api/ProviderService2,POST PUT GET ,false,3,LoadBalanceing,ProviderService,
4,LoadBalancingService1,http://localhost:9014/api/LoadBalancingService1,GET ,false,4,LoadBalanceing,LoadBalancingService,POST http://localhost:9015/api/ProviderService3 PUT http://localhost:9015/api/ProviderService3 GET http://localhost:9015/api/ProviderService3 POST http://localhost:9016/api/ProviderService4 PUT http://localhost:9016/api/ProviderService4 GET http://localhost:9016/api/ProviderService4 POST http://localhost:9017/api/ProviderService5 PUT http://localhost:9017/api/ProviderService5 GET http://localhost:9017/api/ProviderService5 
5,ProviderService3,http://localhost:9015/api/ProviderService3,POST PUT GET ,false,5,LoadBalanceing,ProviderService,
6,ProviderService4,http://localhost:9016/api/ProviderService4,POST PUT GET ,false,6,LoadBalanceing,ProviderService,
7,ProviderService5,http://localhost:9017/api/ProviderService5,POST PUT GET ,false,7,LoadBalanceing,ProviderService,
8,LoadBalancingService2,http://localhost:9018/api/LoadBalancingService2,GET ,false,8,LoadBalanceing,LoadBalancingService,POST http://localhost:9019/api/ProviderService6 PUT http://localhost:9019/api/ProviderService6 GET http://localhost:9019/api/ProviderService6 POST http://localhost:9020/api/ProviderService7 PUT http://localhost:9020/api/ProviderService7 GET http://localhost:9020/api/ProviderService7 POST http://localhost:9021/api/ProviderService8 PUT http://localhost:9021/api/ProviderService8 GET http://localhost:9021/api/ProviderService8 POST http://localhost:9022/api/ProviderService9 PUT http://localhost:9022/api/ProviderService9 GET http://localhost:9022/api/ProviderService9 POST http://localhost:9023/api/ProviderService10 PUT http://localhost:9023/api/ProviderService10 GET http://localhost:9023/api/ProviderService10 POST http://localhost:9024/api/ProviderService11 PUT http://localhost:9024/api/ProviderService11 GET http://localhost:9024/api/ProviderService11 
9,ProviderService6,http://localhost:9019/api/ProviderService6,POST PUT GET ,false,9,LoadBalanceing,ProviderService,
10,ProviderService7,http://localhost:9020/api/ProviderService7,POST PUT GET ,false,10,LoadBalanceing,ProviderService,
11,ProviderService8,http://localhost:9021/api/ProviderService8,POST PUT GET ,false,11,LoadBalanceing,ProviderService,
12,ProviderService9,http://localhost:9022/api/ProviderService9,POST PUT GET ,false,12,LoadBalanceing,ProviderService,
13,ProviderService10,http://localhost:9023/api/ProviderService10,POST PUT GET ,false,13,LoadBalanceing,ProviderService,
14,ProviderService11,http://localhost:9024/api/ProviderService11,POST PUT GET ,false,14,LoadBalanceing,ProviderService,
15,LoadBalancingService3,http://localhost:9025/api/LoadBalancingService3,GET ,false,15,LoadBalanceing,LoadBalancingService,POST http://localhost:9026/api/ProviderService12 PUT http://localhost:9026/api/ProviderService12 GET http://localhost:9026/api/ProviderService12 POST http://localhost:9027/api/ProviderService13 PUT http://localhost:9027/api/ProviderService13 GET http://localhost:9027/api/ProviderService13 POST http://localhost:9028/api/ProviderService14 PUT http://localhost:9028/api/ProviderService14 GET http://localhost:9028/api/ProviderService14 POST http://localhost:9029/api/ProviderService15 PUT http://localhost:9029/api/ProviderService15 GET http://localhost:9029/api/ProviderService15 POST http://localhost:9030/api/ProviderService16 PUT http://localhost:9030/api/ProviderService16 GET http://localhost:9030/api/ProviderService16 
16,ProviderService12,http://localhost:9026/api/ProviderService12,POST PUT GET ,false,16,LoadBalanceing,ProviderService,
17,ProviderService13,http://localhost:9027/api/ProviderService13,POST PUT GET ,false,17,LoadBalanceing,ProviderService,
18,ProviderService14,http://localhost:9028/api/ProviderService14,POST PUT GET ,false,18,LoadBalanceing,ProviderService,
19,ProviderService15,http://localhost:9029/api/ProviderService15,POST PUT GET ,false,19,LoadBalanceing,ProviderService,
20,ProviderService16,http://localhost:9030/api/ProviderService16,POST PUT GET ,false,20,LoadBalanceing,ProviderService,
21,LoadBalancingService4,http://localhost:9031/api/LoadBalancingService4,GET ,false,21,LoadBalanceing,LoadBalancingService,POST http://localhost:9032/api/ProviderService17 PUT http://localhost:9032/api/ProviderService17 GET http://localhost:9032/api/ProviderService17 POST http://localhost:9033/api/ProviderService18 PUT http://localhost:9033/api/ProviderService18 GET http://localhost:9033/api/ProviderService18 POST http://localhost:9034/api/ProviderService19 PUT http://localhost:9034/api/ProviderService19 GET http://localhost:9034/api/ProviderService19 
22,ProviderService17,http://localhost:9032/api/ProviderService17,POST PUT GET ,false,22,LoadBalanceing,ProviderService,
23,ProviderService18,http://localhost:9033/api/ProviderService18,POST PUT GET ,false,23,LoadBalanceing,ProviderService,
24,ProviderService19,http://localhost:9034/api/ProviderService19,POST PUT GET ,false,24,LoadBalanceing,ProviderService,
25,LoadBalancingService5,http://localhost:9035/api/LoadBalancingService5,GET ,false,25,LoadBalanceing,LoadBalancingService,POST http://localhost:9036/api/ProviderService20 PUT http://localhost:9036/api/ProviderService20 GET http://localhost:9036/api/ProviderService20 POST http://localhost:9037/api/ProviderService21 PUT http://localhost:9037/api/ProviderService21 GET http://localhost:9037/api/ProviderService21 POST http://localhost:9038/api/ProviderService22 PUT http://localhost:9038/api/ProviderService22 GET http://localhost:9038/api/ProviderService22 POST http://localhost:9039/api/ProviderService23 PUT http://localhost:9039/api/ProviderService23 GET http://localhost:9039/api/ProviderService23 
26,ProviderService20,http://localhost:9036/api/ProviderService20,POST PUT GET ,false,26,LoadBalanceing,ProviderService,
27,ProviderService21,http://localhost:9037/api/ProviderService21,POST PUT GET ,false,27,LoadBalanceing,ProviderService,
28,ProviderService22,http://localhost:9038/api/ProviderService22,POST PUT GET ,false,28,LoadBalanceing,ProviderService,
29,ProviderService23,http://localhost:9039/api/ProviderService23,POST PUT GET ,false,29,LoadBalanceing,ProviderService,
30,LoadBalancingService6,http://localhost:9040/api/LoadBalancingService6,GET ,false,30,LoadBalanceing,LoadBalancingService,POST http://localhost:9041/api/ProviderService24 PUT http://localhost:9041/api/ProviderService24 GET http://localhost:9041/api/ProviderService24 POST http://localhost:9042/api/ProviderService25 PUT http://localhost:9042/api/ProviderService25 GET http://localhost:9042/api/ProviderService25 POST http://localhost:9043/api/ProviderService26 PUT http://localhost:9043/api/ProviderService26 GET http://localhost:9043/api/ProviderService26 POST http://localhost:9044/api/ProviderService27 PUT http://localhost:9044/api/ProviderService27 GET http://localhost:9044/api/ProviderService27 POST http://localhost:9045/api/ProviderService28 PUT http://localhost:9045/api/ProviderService28 GET http://localhost:9045/api/ProviderService28 
31,ProviderService24,http://localhost:9041/api/ProviderService24,POST PUT GET ,false,31,LoadBalanceing,ProviderService,
32,ProviderService25,http://localhost:9042/api/ProviderService25,POST PUT GET ,false,32,LoadBalanceing,ProviderService,
33,ProviderService26,http://localhost:9043/api/ProviderService26,POST PUT GET ,false,33,LoadBalanceing,ProviderService,
34,ProviderService27,http://localhost:9044/api/ProviderService27,POST PUT GET ,false,34,LoadBalanceing,ProviderService,
35,ProviderService28,http://localhost:9045/api/ProviderService28,POST PUT GET ,false,35,LoadBalanceing,ProviderService,
36,LoadBalancingService7,http://localhost:9046/api/LoadBalancingService7,GET ,false,36,LoadBalanceing,LoadBalancingService,POST http://localhost:9047/api/ProviderService29 PUT http://localhost:9047/api/ProviderService29 GET http://localhost:9047/api/ProviderService29 POST http://localhost:9048/api/ProviderService30 PUT http://localhost:9048/api/ProviderService30 GET http://localhost:9048/api/ProviderService30 
37,ProviderService29,http://localhost:9047/api/ProviderService29,POST PUT GET ,false,37,LoadBalanceing,ProviderService,
38,ProviderService30,http://localhost:9048/api/ProviderService30,POST PUT GET ,false,38,LoadBalanceing,ProviderService,
39,LoadBalancingService8,http://localhost:9049/api/LoadBalancingService8,GET ,false,39,LoadBalanceing,LoadBalancingService,POST http://localhost:9050/api/ProviderService31 PUT http://localhost:9050/api/ProviderService31 GET http://localhost:9050/api/ProviderService31 POST http://localhost:9051/api/ProviderService32 PUT http://localhost:9051/api/ProviderService32 GET http://localhost:9051/api/ProviderService32 POST http://localhost:9052/api/ProviderService33 PUT http://localhost:9052/api/ProviderService33 GET http://localhost:9052/api/ProviderService33 POST http://localhost:9053/api/ProviderService34 PUT http://localhost:9053/api/ProviderService34 GET http://localhost:9053/api/ProviderService34 POST http://localhost:9054/api/ProviderService35 PUT http://localhost:9054/api/ProviderService35 GET http://localhost:9054/api/ProviderService35 
40,ProviderService31,http://localhost:9050/api/ProviderService31,POST PUT GET ,false,40,LoadBalanceing,ProviderService,
41,ProviderService32,http://localhost:9051/api/ProviderService32,POST PUT GET ,false,41,LoadBalanceing,ProviderService,
42,ProviderService33,http://localhost:9052/api/ProviderService33,POST PUT GET ,false,42,LoadBalanceing,ProviderService,
43,ProviderService34,http://localhost:9053/api/ProviderService34,POST PUT GET ,false,43,LoadBalanceing,ProviderService,
44,ProviderService35,http://localhost:9054/api/ProviderService35,POST PUT GET ,false,44,LoadBalanceing,ProviderService,
45,LoadBalancingService9,http://localhost:9055/api/LoadBalancingService9,GET ,false,45,LoadBalanceing,LoadBalancingService,POST http://localhost:9056/api/ProviderService36 PUT http://localhost:9056/api/ProviderService36 GET http://localhost:9056/api/ProviderService36 POST http://localhost:9057/api/ProviderService37 PUT http://localhost:9057/api/ProviderService37 GET http://localhost:9057/api/ProviderService37 POST http://localhost:9058/api/ProviderService38 PUT http://localhost:9058/api/ProviderService38 GET http://localhost:9058/api/ProviderService38 
46,ProviderService36,http://localhost:9056/api/ProviderService36,POST PUT GET ,false,46,LoadBalanceing,ProviderService,
47,ProviderService37,http://localhost:9057/api/ProviderService37,POST PUT GET ,false,47,LoadBalanceing,ProviderService,
48,ProviderService38,http://localhost:9058/api/ProviderService38,POST PUT GET ,false,48,LoadBalanceing,ProviderService,
49,LoadBalancingService10,http://localhost:9059/api/LoadBalancingService10,GET ,false,49,LoadBalanceing,LoadBalancingService,POST http://localhost:9060/api/ProviderService39 PUT http://localhost:9060/api/ProviderService39 GET http://localhost:9060/api/ProviderService39 POST http://localhost:9061/api/ProviderService40 PUT http://localhost:9061/api/ProviderService40 GET http://localhost:9061/api/ProviderService40 POST http://localhost:9062/api/ProviderService41 PUT http://localhost:9062/api/ProviderService41 GET http://localhost:9062/api/ProviderService41 POST http://localhost:9063/api/ProviderService42 PUT http://localhost:9063/api/ProviderService42 GET http://localhost:9063/api/ProviderService42 
50,ProviderService39,http://localhost:9060/api/ProviderService39,POST PUT GET ,false,50,LoadBalanceing,ProviderService,
51,ProviderService40,http://localhost:9061/api/ProviderService40,POST PUT GET ,false,51,LoadBalanceing,ProviderService,
52,ProviderService41,http://localhost:9062/api/ProviderService41,POST PUT GET ,false,52,LoadBalanceing,ProviderService,
53,ProviderService42,http://localhost:9063/api/ProviderService42,POST PUT GET ,false,53,LoadBalanceing,ProviderService,
54,LoadBalancingService11,http://localhost:9064/api/LoadBalancingService11,GET ,false,54,LoadBalanceing,LoadBalancingService,POST http://localhost:9065/api/ProviderService43 PUT http://localhost:9065/api/ProviderService43 GET http://localhost:9065/api/ProviderService43 POST http://localhost:9066/api/ProviderService44 PUT http://localhost:9066/api/ProviderService44 GET http://localhost:9066/api/ProviderService44 POST http://localhost:9067/api/ProviderService45 PUT http://localhost:9067/api/ProviderService45 GET http://localhost:9067/api/ProviderService45 
55,ProviderService43,http://localhost:9065/api/ProviderService43,POST PUT GET ,false,55,LoadBalanceing,ProviderService,
56,ProviderService44,http://localhost:9066/api/ProviderService44,POST PUT GET ,false,56,LoadBalanceing,ProviderService,
57,ProviderService45,http://localhost:9067/api/ProviderService45,POST PUT GET ,false,57,LoadBalanceing,ProviderService,
58,LoadBalancingService12,http://localhost:9068/api/LoadBalancingService12,GET ,false,58,LoadBalanceing,LoadBalancingService,POST http://localhost:9069/api/ProviderService46 PUT http://localhost:9069/api/ProviderService46 GET http://localhost:9069/api/ProviderService46 POST http://localhost:9070/api/ProviderService47 PUT http://localhost:9070/api/ProviderService47 GET http://localhost:9070/api/ProviderService47 POST http://localhost:9071/api/ProviderService48 PUT http://localhost:9071/api/ProviderService48 GET http://localhost:9071/api/ProviderService48 POST http://localhost:9072/api/ProviderService49 PUT http://localhost:9072/api/ProviderService49 GET http://localhost:9072/api/ProviderService49 POST http://localhost:9073/api/ProviderService50 PUT http://localhost:9073/api/ProviderService50 GET http://localhost:9073/api/ProviderService50 
59,ProviderService46,http://localhost:9069/api/ProviderService46,POST PUT GET ,false,59,LoadBalanceing,ProviderService,
60,ProviderService47,http://localhost:9070/api/ProviderService47,POST PUT GET ,false,60,LoadBalanceing,ProviderService,
61,ProviderService48,http://localhost:9071/api/ProviderService48,POST PUT GET ,false,61,LoadBalanceing,ProviderService,
62,ProviderService49,http://localhost:9072/api/ProviderService49,POST PUT GET ,false,62,LoadBalanceing,ProviderService,
63,ProviderService50,http://localhost:9073/api/ProviderService50,POST PUT GET ,false,63,LoadBalanceing,ProviderService,
64,LoadBalancingService13,http://localhost:9074/api/LoadBalancingService13,GET ,false,64,LoadBalanceing,LoadBalancingService,POST http://localhost:9075/api/ProviderService51 PUT http://localhost:9075/api/ProviderService51 GET http://localhost:9075/api/ProviderService51 POST http://localhost:9076/api/ProviderService52 PUT http://localhost:9076/api/ProviderService52 GET http://localhost:9076/api/ProviderService52 POST http://localhost:9077/api/ProviderService53 PUT http://localhost:9077/api/ProviderService53 GET http://localhost:9077/api/ProviderService53 POST http://localhost:9078/api/ProviderService54 PUT http://localhost:9078/api/ProviderService54 GET http://localhost:9078/api/ProviderService54 POST http://localhost:9079/api/ProviderService55 PUT http://localhost:9079/api/ProviderService55 GET http://localhost:9079/api/ProviderService55 
65,ProviderService51,http://localhost:9075/api/ProviderService51,POST PUT GET ,false,65,LoadBalanceing,ProviderService,
66,ProviderService52,http://localhost:9076/api/ProviderService52,POST PUT GET ,false,66,LoadBalanceing,ProviderService,
67,ProviderService53,http://localhost:9077/api/ProviderService53,POST PUT GET ,false,67,LoadBalanceing,ProviderService,
68,ProviderService54,http://localhost:9078/api/ProviderService54,POST PUT GET ,false,68,LoadBalanceing,ProviderService,
69,ProviderService55,http://localhost:9079/api/ProviderService55,POST PUT GET ,false,69,LoadBalanceing,ProviderService,
70,LoadBalancingService14,http://localhost:9080/api/LoadBalancingService14,GET ,false,70,LoadBalanceing,LoadBalancingService,POST http://localhost:9081/api/ProviderService56 PUT http://localhost:9081/api/ProviderService56 GET http://localhost:9081/api/ProviderService56 POST http://localhost:9082/api/ProviderService57 PUT http://localhost:9082/api/ProviderService57 GET http://localhost:9082/api/ProviderService57 POST http://localhost:9083/api/ProviderService58 PUT http://localhost:9083/api/ProviderService58 GET http://localhost:9083/api/ProviderService58 POST http://localhost:9084/api/ProviderService59 PUT http://localhost:9084/api/ProviderService59 GET http://localhost:9084/api/ProviderService59 POST http://localhost:9085/api/ProviderService60 PUT http://localhost:9085/api/ProviderService60 GET http://localhost:9085/api/ProviderService60 POST http://localhost:9086/api/ProviderService61 PUT http://localhost:9086/api/ProviderService61 GET http://localhost:9086/api/ProviderService61 
71,ProviderService56,http://localhost:9081/api/ProviderService56,POST PUT GET ,false,71,LoadBalanceing,ProviderService,
72,ProviderService57,http://localhost:9082/api/ProviderService57,POST PUT GET ,false,72,LoadBalanceing,ProviderService,
73,ProviderService58,http://localhost:9083/api/ProviderService58,POST PUT GET ,false,73,LoadBalanceing,ProviderService,
74,ProviderService59,http://localhost:9084/api/ProviderService59,POST PUT GET ,false,74,LoadBalanceing,ProviderService,
75,ProviderService60,http://localhost:9085/api/ProviderService60,POST PUT GET ,false,75,LoadBalanceing,ProviderService,
76,ProviderService61,http://localhost:9086/api/ProviderService61,POST PUT GET ,false,76,LoadBalanceing,ProviderService,
77,LoadBalancingService15,http://localhost:9087/api/LoadBalancingService15,GET ,false,77,LoadBalanceing,LoadBalancingService,POST http://localhost:9088/api/ProviderService62 PUT http://localhost:9088/api/ProviderService62 GET http://localhost:9088/api/ProviderService62 POST http://localhost:9089/api/ProviderService63 PUT http://localhost:9089/api/ProviderService63 GET http://localhost:9089/api/ProviderService63 
78,ProviderService62,http://localhost:9088/api/ProviderService62,POST PUT GET ,false,78,LoadBalanceing,ProviderService,
79,ProviderService63,http://localhost:9089/api/ProviderService63,POST PUT GET ,false,79,LoadBalanceing,ProviderService,
80,LoadBalancingService16,http://localhost:9090/api/LoadBalancingService16,GET ,false,80,LoadBalanceing,LoadBalancingService,POST http://localhost:9091/api/ProviderService64 PUT http://localhost:9091/api/ProviderService64 GET http://localhost:9091/api/ProviderService64 POST http://localhost:9092/api/ProviderService65 PUT http://localhost:9092/api/ProviderService65 GET http://localhost:9092/api/ProviderService65 POST http://localhost:9093/api/ProviderService66 PUT http://localhost:9093/api/ProviderService66 GET http://localhost:9093/api/ProviderService66 POST http://localhost:9094/api/ProviderService67 PUT http://localhost:9094/api/ProviderService67 GET http://localhost:9094/api/ProviderService67 POST http://localhost:9095/api/ProviderService68 PUT http://localhost:9095/api/ProviderService68 GET http://localhost:9095/api/ProviderService68 POST http://localhost:9096/api/ProviderService69 PUT http://localhost:9096/api/ProviderService69 GET http://localhost:9096/api/ProviderService69 
81,ProviderService64,http://localhost:9091/api/ProviderService64,POST PUT GET ,false,81,LoadBalanceing,ProviderService,
82,ProviderService65,http://localhost:9092/api/ProviderService65,POST PUT GET ,false,82,LoadBalanceing,ProviderService,
83,ProviderService66,http://localhost:9093/api/ProviderService66,POST PUT GET ,false,83,LoadBalanceing,ProviderService,
84,ProviderService67,http://localhost:9094/api/ProviderService67,POST PUT GET ,false,84,LoadBalanceing,ProviderService,
85,ProviderService68,http://localhost:9095/api/ProviderService68,POST PUT GET ,false,85,LoadBalanceing,ProviderService,
86,ProviderService69,http://localhost:9096/api/ProviderService69,POST PUT GET ,false,86,LoadBalanceing,ProviderService,
87,LoadBalancingService17,http://localhost:9097/api/LoadBalancingService17,GET ,false,87,LoadBalanceing,LoadBalancingService,POST http://localhost:9098/api/ProviderService70 PUT http://localhost:9098/api/ProviderService70 GET http://localhost:9098/api/ProviderService70 POST http://localhost:9099/api/ProviderService71 PUT http://localhost:9099/api/ProviderService71 GET http://localhost:9099/api/ProviderService71 POST http://localhost:9100/api/ProviderService72 PUT http://localhost:9100/api/ProviderService72 GET http://localhost:9100/api/ProviderService72 POST http://localhost:9101/api/ProviderService73 PUT http://localhost:9101/api/ProviderService73 GET http://localhost:9101/api/ProviderService73 POST http://localhost:9102/api/ProviderService74 PUT http://localhost:9102/api/ProviderService74 GET http://localhost:9102/api/ProviderService74 
88,ProviderService70,http://localhost:9098/api/ProviderService70,POST PUT GET ,false,88,LoadBalanceing,ProviderService,
89,ProviderService71,http://localhost:9099/api/ProviderService71,POST PUT GET ,false,89,LoadBalanceing,ProviderService,
90,ProviderService72,http://localhost:9100/api/ProviderService72,POST PUT GET ,false,90,LoadBalanceing,ProviderService,
91,ProviderService73,http://localhost:9101/api/ProviderService73,POST PUT GET ,false,91,LoadBalanceing,ProviderService,
92,ProviderService74,http://localhost:9102/api/ProviderService74,POST PUT GET ,false,92,LoadBalanceing,ProviderService,
93,LoadBalancingService18,http://localhost:9103/api/LoadBalancingService18,GET ,false,93,LoadBalanceing,LoadBalancingService,POST http://localhost:9104/api/ProviderService75 PUT http://localhost:9104/api/ProviderService75 GET http://localhost:9104/api/ProviderService75 POST http://localhost:9105/api/ProviderService76 PUT http://localhost:9105/api/ProviderService76 GET http://localhost:9105/api/ProviderService76 POST http://localhost:9106/api/ProviderService77 PUT http://localhost:9106/api/ProviderService77 GET http://localhost:9106/api/ProviderService77 POST http://localhost:9107/api/ProviderService78 PUT http://localhost:9107/api/ProviderService78 GET http://localhost:9107/api/ProviderService78 POST http://localhost:9108/api/ProviderService79 PUT http://localhost:9108/api/ProviderService79 GET http://localhost:9108/api/ProviderService79 
94,ProviderService75,http://localhost:9104/api/ProviderService75,POST PUT GET ,false,94,LoadBalanceing,ProviderService,
95,ProviderService76,http://localhost:9105/api/ProviderService76,POST PUT GET ,false,95,LoadBalanceing,ProviderService,
96,ProviderService77,http://localhost:9106/api/ProviderService77,POST PUT GET ,false,96,LoadBalanceing,ProviderService,
97,ProviderService78,http://localhost:9107/api/ProviderService78,POST PUT GET ,false,97,LoadBalanceing,ProviderService,
98,ProviderService79,http://localhost:9108/api/ProviderService79,POST PUT GET ,false,98,LoadBalanceing,ProviderService,
99,LoadBalancingService19,http://localhost:9109/api/LoadBalancingService19,GET ,false,99,LoadBalanceing,LoadBalancingService,POST http://localhost:9110/api/ProviderService80 PUT http://localhost:9110/api/ProviderService80 GET http://localhost:9110/api/ProviderService80 POST http://localhost:9111/api/ProviderService81 PUT http://localhost:9111/api/ProviderService81 GET http://localhost:9111/api/ProviderService81 POST http://localhost:9112/api/ProviderService82 PUT http://localhost:9112/api/ProviderService82 GET http://localhost:9112/api/ProviderService82 POST http://localhost:9113/api/ProviderService83 PUT http://localhost:9113/api/ProviderService83 GET http://localhost:9113/api/ProviderService83 
100,ProviderService80,http://localhost:9110/api/ProviderService80,POST PUT GET ,false,100,LoadBalanceing,ProviderService,
101,ProviderService81,http://localhost:9111/api/ProviderService81,POST PUT GET ,false,101,LoadBalanceing,ProviderService,
102,ProviderService82,http://localhost:9112/api/ProviderService82,POST PUT GET ,false,102,LoadBalanceing,ProviderService,
103,ProviderService83,http://localhost:9113/api/ProviderService83,POST PUT GET ,false,103,LoadBalanceing,ProviderService,
104,LoadBalancingService20,http://localhost:9114/api/LoadBalancingService20,GET ,false,104,LoadBalanceing,LoadBalancingService,POST http://localhost:9115/api/ProviderService84 PUT http://localhost:9115/api/ProviderService84 GET http://localhost:9115/api/ProviderService84 POST http://localhost:9116/api/ProviderService85 PUT http://localhost:9116/api/ProviderService85 GET http://localhost:9116/api/ProviderService85 POST http://localhost:9117/api/ProviderService86 PUT http://localhost:9117/api/ProviderService86 GET http://localhost:9117/api/ProviderService86 POST http://localhost:9118/api/ProviderService87 PUT http://localhost:9118/api/ProviderService87 GET http://localhost:9118/api/ProviderService87 POST http://localhost:9119/api/ProviderService88 PUT http://localhost:9119/api/ProviderService88 GET http://localhost:9119/api/ProviderService88 
105,ProviderService84,http://localhost:9115/api/ProviderService84,POST PUT GET ,false,105,LoadBalanceing,ProviderService,
106,ProviderService85,http://localhost:9116/api/ProviderService85,POST PUT GET ,false,106,LoadBalanceing,ProviderService,
107,ProviderService86,http://localhost:9117/api/ProviderService86,POST PUT GET ,false,107,LoadBalanceing,ProviderService,
108,ProviderService87,http://localhost:9118/api/ProviderService87,POST PUT GET ,false,108,LoadBalanceing,ProviderService,
109,ProviderService88,http://localhost:9119/api/ProviderService88,POST PUT GET ,false,109,LoadBalanceing,ProviderService,
110,LoadBalancingService21,http://localhost:9120/api/LoadBalancingService21,GET ,false,110,LoadBalanceing,LoadBalancingService,POST http://localhost:9121/api/ProviderService89 PUT http://localhost:9121/api/ProviderService89 GET http://localhost:9121/api/ProviderService89 POST http://localhost:9122/api/ProviderService90 PUT http://localhost:9122/api/ProviderService90 GET http://localhost:9122/api/ProviderService90 POST http://localhost:9123/api/ProviderService91 PUT http://localhost:9123/api/ProviderService91 GET http://localhost:9123/api/ProviderService91 POST http://localhost:9124/api/ProviderService92 PUT http://localhost:9124/api/ProviderService92 GET http://localhost:9124/api/ProviderService92 POST http://localhost:9125/api/ProviderService93 PUT http://localhost:9125/api/ProviderService93 GET http://localhost:9125/api/ProviderService93 
111,ProviderService89,http://localhost:9121/api/ProviderService89,POST PUT GET ,false,111,LoadBalanceing,ProviderService,
112,ProviderService90,http://localhost:9122/api/ProviderService90,POST PUT GET ,false,112,LoadBalanceing,ProviderService,
113,ProviderService91,http://localhost:9123/api/ProviderService91,POST PUT GET ,false,113,LoadBalanceing,ProviderService,
114,ProviderService92,http://localhost:9124/api/ProviderService92,POST PUT GET ,false,114,LoadBalanceing,ProviderService,
115,ProviderService93,http://localhost:9125/api/ProviderService93,POST PUT GET ,false,115,LoadBalanceing,ProviderService,
116,LoadBalancingService22,http://localhost:9126/api/LoadBalancingService22,GET ,false,116,LoadBalanceing,LoadBalancingService,POST http://localhost:9127/api/ProviderService94 PUT http://localhost:9127/api/ProviderService94 GET http://localhost:9127/api/ProviderService94 POST http://localhost:9128/api/ProviderService95 PUT http://localhost:9128/api/ProviderService95 GET http://localhost:9128/api/ProviderService95 
117,ProviderService94,http://localhost:9127/api/ProviderService94,POST PUT GET ,false,117,LoadBalanceing,ProviderService,
118,ProviderService95,http://localhost:9128/api/ProviderService95,POST PUT GET ,false,118,LoadBalanceing,ProviderService,
119,LoadBalancingService23,http://localhost:9129/api/LoadBalancingService23,GET ,false,119,LoadBalanceing,LoadBalancingService,POST http://localhost:9130/api/ProviderService96 PUT http://localhost:9130/api/ProviderService96 GET http://localhost:9130/api/ProviderService96 POST http://localhost:9131/api/ProviderService97 PUT http://localhost:9131/api/ProviderService97 GET http://localhost:9131/api/ProviderService97 POST http://localhost:9132/api/ProviderService98 PUT http://localhost:9132/api/ProviderService98 GET http://localhost:9132/api/ProviderService98 POST http://localhost:9133/api/ProviderService99 PUT http://localhost:9133/api/ProviderService99 GET http://localhost:9133/api/ProviderService99 
120,ProviderService96,http://localhost:9130/api/ProviderService96,POST PUT GET ,false,120,LoadBalanceing,ProviderService,
121,ProviderService97,http://localhost:9131/api/ProviderService97,POST PUT GET ,false,121,LoadBalanceing,ProviderService,
122,ProviderService98,http://localhost:9132/api/ProviderService98,POST PUT GET ,false,122,LoadBalanceing,ProviderService,
123,ProviderService99,http://localhost:9133/api/ProviderService99,POST PUT GET ,false,123,LoadBalanceing,ProviderService,
124,LoadBalancingService24,http://localhost:9134/api/LoadBalancingService24,GET ,false,124,LoadBalanceing,LoadBalancingService,POST http://localhost:9135/api/ProviderService100 PUT http://localhost:9135/api/ProviderService100 GET http://localhost:9135/api/ProviderService100 POST http://localhost:9136/api/ProviderService101 PUT http://localhost:9136/api/ProviderService101 GET http://localhost:9136/api/ProviderService101 POST http://localhost:9137/api/ProviderService102 PUT http://localhost:9137/api/ProviderService102 GET http://localhost:9137/api/ProviderService102 
125,ProviderService100,http://localhost:9135/api/ProviderService100,POST PUT GET ,false,125,LoadBalanceing,ProviderService,
126,ProviderService101,http://localhost:9136/api/ProviderService101,POST PUT GET ,false,126,LoadBalanceing,ProviderService,
127,ProviderService102,http://localhost:9137/api/ProviderService102,POST PUT GET ,false,127,LoadBalanceing,ProviderService,
128,LoadBalancingService25,http://localhost:9138/api/LoadBalancingService25,GET ,false,128,LoadBalanceing,LoadBalancingService,POST http://localhost:9139/api/ProviderService103 PUT http://localhost:9139/api/ProviderService103 GET http://localhost:9139/api/ProviderService103 POST http://localhost:9140/api/ProviderService104 PUT http://localhost:9140/api/ProviderService104 GET http://localhost:9140/api/ProviderService104 POST http://localhost:9141/api/ProviderService105 PUT http://localhost:9141/api/ProviderService105 GET http://localhost:9141/api/ProviderService105 POST http://localhost:9142/api/ProviderService106 PUT http://localhost:9142/api/ProviderService106 GET http://localhost:9142/api/ProviderService106 
129,ProviderService103,http://localhost:9139/api/ProviderService103,POST PUT GET ,false,129,LoadBalanceing,ProviderService,
130,ProviderService104,http://localhost:9140/api/ProviderService104,POST PUT GET ,false,130,LoadBalanceing,ProviderService,
131,ProviderService105,http://localhost:9141/api/ProviderService105,POST PUT GET ,false,131,LoadBalanceing,ProviderService,
132,ProviderService106,http://localhost:9142/api/ProviderService106,POST PUT GET ,false,132,LoadBalanceing,ProviderService,
133,LoadBalancingService26,http://localhost:9143/api/LoadBalancingService26,GET ,false,133,LoadBalanceing,LoadBalancingService,POST http://localhost:9144/api/ProviderService107 PUT http://localhost:9144/api/ProviderService107 GET http://localhost:9144/api/ProviderService107 POST http://localhost:9145/api/ProviderService108 PUT http://localhost:9145/api/ProviderService108 GET http://localhost:9145/api/ProviderService108 
134,ProviderService107,http://localhost:9144/api/ProviderService107,POST PUT GET ,false,134,LoadBalanceing,ProviderService,
135,ProviderService108,http://localhost:9145/api/ProviderService108,POST PUT GET ,false,135,LoadBalanceing,ProviderService,
136,LoadBalancingService27,http://localhost:9146/api/LoadBalancingService27,GET ,false,136,LoadBalanceing,LoadBalancingService,POST http://localhost:9147/api/ProviderService109 PUT http://localhost:9147/api/ProviderService109 GET http://localhost:9147/api/ProviderService109 POST http://localhost:9148/api/ProviderService110 PUT http://localhost:9148/api/ProviderService110 GET http://localhost:9148/api/ProviderService110 POST http://localhost:9149/api/ProviderService111 PUT http://localhost:9149/api/ProviderService111 GET http://localhost:9149/api/ProviderService111 POST http://localhost:9150/api/ProviderService112 PUT http://localhost:9150/api/ProviderService112 GET http://localhost:9150/api/ProviderService112 
137,ProviderService109,http://localhost:9147/api/ProviderService109,POST PUT GET ,false,137,LoadBalanceing,ProviderService,
138,ProviderService110,http://localhost:9148/api/ProviderService110,POST PUT GET ,false,138,LoadBalanceing,ProviderService,
139,ProviderService111,http://localhost:9149/api/ProviderService111,POST PUT GET ,false,139,LoadBalanceing,ProviderService,
140,ProviderService112,http://localhost:9150/api/ProviderService112,POST PUT GET ,false,140,LoadBalanceing,ProviderService,
141,LoadBalancingService28,http://localhost:9151/api/LoadBalancingService28,GET ,false,141,LoadBalanceing,LoadBalancingService,POST http://localhost:9152/api/ProviderService113 PUT http://localhost:9152/api/ProviderService113 GET http://localhost:9152/api/ProviderService113 POST http://localhost:9153/api/ProviderService114 PUT http://localhost:9153/api/ProviderService114 GET http://localhost:9153/api/ProviderService114 
142,ProviderService113,http://localhost:9152/api/ProviderService113,POST PUT GET ,false,142,LoadBalanceing,ProviderService,
143,ProviderService114,http://localhost:9153/api/ProviderService114,POST PUT GET ,false,143,LoadBalanceing,ProviderService,
144,LoadBalancingService29,http://localhost:9154/api/LoadBalancingService29,GET ,false,144,LoadBalanceing,LoadBalancingService,POST http://localhost:9155/api/ProviderService115 PUT http://localhost:9155/api/ProviderService115 GET http://localhost:9155/api/ProviderService115 POST http://localhost:9156/api/ProviderService116 PUT http://localhost:9156/api/ProviderService116 GET http://localhost:9156/api/ProviderService116 
145,ProviderService115,http://localhost:9155/api/ProviderService115,POST PUT GET ,false,145,LoadBalanceing,ProviderService,
146,ProviderService116,http://localhost:9156/api/ProviderService116,POST PUT GET ,false,146,LoadBalanceing,ProviderService,
147,LoadBalancingService30,http://localhost:9157/api/LoadBalancingService30,GET ,false,147,LoadBalanceing,LoadBalancingService,POST http://localhost:9158/api/ProviderService117 PUT http://localhost:9158/api/ProviderService117 GET http://localhost:9158/api/ProviderService117 POST http://localhost:9159/api/ProviderService118 PUT http://localhost:9159/api/ProviderService118 GET http://localhost:9159/api/ProviderService118 POST http://localhost:9160/api/ProviderService119 PUT http://localhost:9160/api/ProviderService119 GET http://localhost:9160/api/ProviderService119 
148,ProviderService117,http://localhost:9158/api/ProviderService117,POST PUT GET ,false,148,LoadBalanceing,ProviderService,
149,ProviderService118,http://localhost:9159/api/ProviderService118,POST PUT GET ,false,149,LoadBalanceing,ProviderService,
150,ProviderService119,http://localhost:9160/api/ProviderService119,POST PUT GET ,false,150,LoadBalanceing,ProviderService,
151,LoadBalancingService31,http://localhost:9161/api/LoadBalancingService31,GET ,false,151,LoadBalanceing,LoadBalancingService,POST http://localhost:9162/api/ProviderService120 PUT http://localhost:9162/api/ProviderService120 GET http://localhost:9162/api/ProviderService120 POST http://localhost:9163/api/ProviderService121 PUT http://localhost:9163/api/ProviderService121 GET http://localhost:9163/api/ProviderService121 POST http://localhost:9164/api/ProviderService122 PUT http://localhost:9164/api/ProviderService122 GET http://localhost:9164/api/ProviderService122 POST http://localhost:9165/api/ProviderService123 PUT http://localhost:9165/api/ProviderService123 GET http://localhost:9165/api/ProviderService123 
152,ProviderService120,http://localhost:9162/api/ProviderService120,POST PUT GET ,false,152,LoadBalanceing,ProviderService,
153,ProviderService121,http://localhost:9163/api/ProviderService121,POST PUT GET ,false,153,LoadBalanceing,ProviderService,
154,ProviderService122,http://localhost:9164/api/ProviderService122,POST PUT GET ,false,154,LoadBalanceing,ProviderService,
155,ProviderService123,http://localhost:9165/api/ProviderService123,POST PUT GET ,false,155,LoadBalanceing,ProviderService,
156,LoadBalancingService32,http://localhost:9166/api/LoadBalancingService32,GET ,false,156,LoadBalanceing,LoadBalancingService,POST http://localhost:9167/api/ProviderService124 PUT http://localhost:9167/api/ProviderService124 GET http://localhost:9167/api/ProviderService124 POST http://localhost:9168/api/ProviderService125 PUT http://localhost:9168/api/ProviderService125 GET http://localhost:9168/api/ProviderService125 POST http://localhost:9169/api/ProviderService126 PUT http://localhost:9169/api/ProviderService126 GET http://localhost:9169/api/ProviderService126 POST http://localhost:9170/api/ProviderService127 PUT http://localhost:9170/api/ProviderService127 GET http://localhost:9170/api/ProviderService127 
157,ProviderService124,http://localhost:9167/api/ProviderService124,POST PUT GET ,false,157,LoadBalanceing,ProviderService,
158,ProviderService125,http://localhost:9168/api/ProviderService125,POST PUT GET ,false,158,LoadBalanceing,ProviderService,
159,ProviderService126,http://localhost:9169/api/ProviderService126,POST PUT GET ,false,159,LoadBalanceing,ProviderService,
160,ProviderService127,http://localhost:9170/api/ProviderService127,POST PUT GET ,false,160,LoadBalanceing,ProviderService,
161,LoadBalancingService33,http://localhost:9171/api/LoadBalancingService33,GET ,false,161,LoadBalanceing,LoadBalancingService,POST http://localhost:9172/api/ProviderService128 PUT http://localhost:9172/api/ProviderService128 GET http://localhost:9172/api/ProviderService128 POST http://localhost:9173/api/ProviderService129 PUT http://localhost:9173/api/ProviderService129 GET http://localhost:9173/api/ProviderService129 POST http://localhost:9174/api/ProviderService130 PUT http://localhost:9174/api/ProviderService130 GET http://localhost:9174/api/ProviderService130 
162,ProviderService128,http://localhost:9172/api/ProviderService128,POST PUT GET ,false,162,LoadBalanceing,ProviderService,
163,ProviderService129,http://localhost:9173/api/ProviderService129,POST PUT GET ,false,163,LoadBalanceing,ProviderService,
164,ProviderService130,http://localhost:9174/api/ProviderService130,POST PUT GET ,false,164,LoadBalanceing,ProviderService,
165,LoadBalancingService34,http://localhost:9175/api/LoadBalancingService34,GET ,false,165,LoadBalanceing,LoadBalancingService,POST http://localhost:9176/api/ProviderService131 PUT http://localhost:9176/api/ProviderService131 GET http://localhost:9176/api/ProviderService131 POST http://localhost:9177/api/ProviderService132 PUT http://localhost:9177/api/ProviderService132 GET http://localhost:9177/api/ProviderService132 POST http://localhost:9178/api/ProviderService133 PUT http://localhost:9178/api/ProviderService133 GET http://localhost:9178/api/ProviderService133 POST http://localhost:9179/api/ProviderService134 PUT http://localhost:9179/api/ProviderService134 GET http://localhost:9179/api/ProviderService134 POST http://localhost:9180/api/ProviderService135 PUT http://localhost:9180/api/ProviderService135 GET http://localhost:9180/api/ProviderService135 
166,ProviderService131,http://localhost:9176/api/ProviderService131,POST PUT GET ,false,166,LoadBalanceing,ProviderService,
167,ProviderService132,http://localhost:9177/api/ProviderService132,POST PUT GET ,false,167,LoadBalanceing,ProviderService,
168,ProviderService133,http://localhost:9178/api/ProviderService133,POST PUT GET ,false,168,LoadBalanceing,ProviderService,
169,ProviderService134,http://localhost:9179/api/ProviderService134,POST PUT GET ,false,169,LoadBalanceing,ProviderService,
170,ProviderService135,http://localhost:9180/api/ProviderService135,POST PUT GET ,false,170,LoadBalanceing,ProviderService,
171,LoadBalancingService35,http://localhost:9181/api/LoadBalancingService35,GET ,false,171,LoadBalanceing,LoadBalancingService,POST http://localhost:9182/api/ProviderService136 PUT http://localhost:9182/api/ProviderService136 GET http://localhost:9182/api/ProviderService136 POST http://localhost:9183/api/ProviderService137 PUT http://localhost:9183/api/ProviderService137 GET http://localhost:9183/api/ProviderService137 POST http://localhost:9184/api/ProviderService138 PUT http://localhost:9184/api/ProviderService138 GET http://localhost:9184/api/ProviderService138 POST http://localhost:9185/api/ProviderService139 PUT http://localhost:9185/api/ProviderService139 GET http://localhost:9185/api/ProviderService139 POST http://localhost:9186/api/ProviderService140 PUT http://localhost:9186/api/ProviderService140 GET http://localhost:9186/api/ProviderService140 POST http://localhost:9187/api/ProviderService141 PUT http://localhost:9187/api/ProviderService141 GET http://localhost:9187/api/ProviderService141 
172,ProviderService136,http://localhost:9182/api/ProviderService136,POST PUT GET ,false,172,LoadBalanceing,ProviderService,
173,ProviderService137,http://localhost:9183/api/ProviderService137,POST PUT GET ,false,173,LoadBalanceing,ProviderService,
174,ProviderService138,http://localhost:9184/api/ProviderService138,POST PUT GET ,false,174,LoadBalanceing,ProviderService,
175,ProviderService139,http://localhost:9185/api/ProviderService139,POST PUT GET ,false,175,LoadBalanceing,ProviderService,
176,ProviderService140,http://localhost:9186/api/ProviderService140,POST PUT GET ,false,176,LoadBalanceing,ProviderService,
177,ProviderService141,http://localhost:9187/api/ProviderService141,POST PUT GET ,false,177,LoadBalanceing,ProviderService,
178,LoadBalancingService36,http://localhost:9188/api/LoadBalancingService36,GET ,false,178,LoadBalanceing,LoadBalancingService,POST http://localhost:9189/api/ProviderService142 PUT http://localhost:9189/api/ProviderService142 GET http://localhost:9189/api/ProviderService142 POST http://localhost:9190/api/ProviderService143 PUT http://localhost:9190/api/ProviderService143 GET http://localhost:9190/api/ProviderService143 POST http://localhost:9191/api/ProviderService144 PUT http://localhost:9191/api/ProviderService144 GET http://localhost:9191/api/ProviderService144 
179,ProviderService142,http://localhost:9189/api/ProviderService142,POST PUT GET ,false,179,LoadBalanceing,ProviderService,
180,ProviderService143,http://localhost:9190/api/ProviderService143,POST PUT GET ,false,180,LoadBalanceing,ProviderService,
181,ProviderService144,http://localhost:9191/api/ProviderService144,POST PUT GET ,false,181,LoadBalanceing,ProviderService,
182,LoadBalancingService37,http://localhost:9192/api/LoadBalancingService37,GET ,false,182,LoadBalanceing,LoadBalancingService,POST http://localhost:9193/api/ProviderService145 PUT http://localhost:9193/api/ProviderService145 GET http://localhost:9193/api/ProviderService145 POST http://localhost:9194/api/ProviderService146 PUT http://localhost:9194/api/ProviderService146 GET http://localhost:9194/api/ProviderService146 
183,ProviderService145,http://localhost:9193/api/ProviderService145,POST PUT GET ,false,183,LoadBalanceing,ProviderService,
184,ProviderService146,http://localhost:9194/api/ProviderService146,POST PUT GET ,false,184,LoadBalanceing,ProviderService,
185,LoadBalancingService38,http://localhost:9195/api/LoadBalancingService38,GET ,false,185,LoadBalanceing,LoadBalancingService,POST http://localhost:9196/api/ProviderService147 PUT http://localhost:9196/api/ProviderService147 GET http://localhost:9196/api/ProviderService147 POST http://localhost:9197/api/ProviderService148 PUT http://localhost:9197/api/ProviderService148 GET http://localhost:9197/api/ProviderService148 POST http://localhost:9198/api/ProviderService149 PUT http://localhost:9198/api/ProviderService149 GET http://localhost:9198/api/ProviderService149 POST http://localhost:9199/api/ProviderService150 PUT http://localhost:9199/api/ProviderService150 GET http://localhost:9199/api/ProviderService150 POST http://localhost:9200/api/ProviderService151 PUT http://localhost:9200/api/ProviderService151 GET http://localhost:9200/api/ProviderService151 
186,ProviderService147,http://localhost:9196/api/ProviderService147,POST PUT GET ,false,186,LoadBalanceing,ProviderService,
187,ProviderService148,http://localhost:9197/api/ProviderService148,POST PUT GET ,false,187,LoadBalanceing,ProviderService,
188,ProviderService149,http://localhost:9198/api/ProviderService149,POST PUT GET ,false,188,LoadBalanceing,ProviderService,
189,ProviderService150,http://localhost:9199/api/ProviderService150,POST PUT GET ,false,189,LoadBalanceing,ProviderService,
190,ProviderService151,http://localhost:9200/api/ProviderService151,POST PUT GET ,false,190,LoadBalanceing,ProviderService,
191,LoadBalancingService39,http://localhost:9201/api/LoadBalancingService39,GET ,false,191,LoadBalanceing,LoadBalancingService,POST http://localhost:9202/api/ProviderService152 PUT http://localhost:9202/api/ProviderService152 GET http://localhost:9202/api/ProviderService152 POST http://localhost:9203/api/ProviderService153 PUT http://localhost:9203/api/ProviderService153 GET http://localhost:9203/api/ProviderService153 POST http://localhost:9204/api/ProviderService154 PUT http://localhost:9204/api/ProviderService154 GET http://localhost:9204/api/ProviderService154 POST http://localhost:9205/api/ProviderService155 PUT http://localhost:9205/api/ProviderService155 GET http://localhost:9205/api/ProviderService155 
192,ProviderService152,http://localhost:9202/api/ProviderService152,POST PUT GET ,false,192,LoadBalanceing,ProviderService,
193,ProviderService153,http://localhost:9203/api/ProviderService153,POST PUT GET ,false,193,LoadBalanceing,ProviderService,
194,ProviderService154,http://localhost:9204/api/ProviderService154,POST PUT GET ,false,194,LoadBalanceing,ProviderService,
195,ProviderService155,http://localhost:9205/api/ProviderService155,POST PUT GET ,false,195,LoadBalanceing,ProviderService,
196,LoadBalancingService40,http://localhost:9206/api/LoadBalancingService40,GET ,false,196,LoadBalanceing,LoadBalancingService,POST http://localhost:9207/api/ProviderService156 PUT http://localhost:9207/api/ProviderService156 GET http://localhost:9207/api/ProviderService156 POST http://localhost:9208/api/ProviderService157 PUT http://localhost:9208/api/ProviderService157 GET http://localhost:9208/api/ProviderService157 POST http://localhost:9209/api/ProviderService158 PUT http://localhost:9209/api/ProviderService158 GET http://localhost:9209/api/ProviderService158 
197,ProviderService156,http://localhost:9207/api/ProviderService156,POST PUT GET ,false,197,LoadBalanceing,ProviderService,
198,ProviderService157,http://localhost:9208/api/ProviderService157,POST PUT GET ,false,198,LoadBalanceing,ProviderService,
199,ProviderService158,http://localhost:9209/api/ProviderService158,POST PUT GET ,false,199,LoadBalanceing,ProviderService,
200,LoadBalancingService41,http://localhost:9210/api/LoadBalancingService41,GET ,false,200,LoadBalanceing,LoadBalancingService,POST http://localhost:9211/api/ProviderService159 PUT http://localhost:9211/api/ProviderService159 GET http://localhost:9211/api/ProviderService159 POST http://localhost:9212/api/ProviderService160 PUT http://localhost:9212/api/ProviderService160 GET http://localhost:9212/api/ProviderService160 
201,ProviderService159,http://localhost:9211/api/ProviderService159,POST PUT GET ,false,201,LoadBalanceing,ProviderService,
202,ProviderService160,http://localhost:9212/api/ProviderService160,POST PUT GET ,false,202,LoadBalanceing,ProviderService,
203,LoadBalancingService42,http://localhost:9213/api/LoadBalancingService42,GET ,false,203,LoadBalanceing,LoadBalancingService,POST http://localhost:9214/api/ProviderService161 PUT http://localhost:9214/api/ProviderService161 GET http://localhost:9214/api/ProviderService161 POST http://localhost:9215/api/ProviderService162 PUT http://localhost:9215/api/ProviderService162 GET http://localhost:9215/api/ProviderService162 POST http://localhost:9216/api/ProviderService163 PUT http://localhost:9216/api/ProviderService163 GET http://localhost:9216/api/ProviderService163 POST http://localhost:9217/api/ProviderService164 PUT http://localhost:9217/api/ProviderService164 GET http://localhost:9217/api/ProviderService164 POST http://localhost:9218/api/ProviderService165 PUT http://localhost:9218/api/ProviderService165 GET http://localhost:9218/api/ProviderService165 POST http://localhost:9219/api/ProviderService166 PUT http://localhost:9219/api/ProviderService166 GET http://localhost:9219/api/ProviderService166 
204,ProviderService161,http://localhost:9214/api/ProviderService161,POST PUT GET ,false,204,LoadBalanceing,ProviderService,
205,ProviderService162,http://localhost:9215/api/ProviderService162,POST PUT GET ,false,205,LoadBalanceing,ProviderService,
206,ProviderService163,http://localhost:9216/api/ProviderService163,POST PUT GET ,false,206,LoadBalanceing,ProviderService,
207,ProviderService164,http://localhost:9217/api/ProviderService164,POST PUT GET ,false,207,LoadBalanceing,ProviderService,
208,ProviderService165,http://localhost:9218/api/ProviderService165,POST PUT GET ,false,208,LoadBalanceing,ProviderService,
209,ProviderService166,http://localhost:9219/api/ProviderService166,POST PUT GET ,false,209,LoadBalanceing,ProviderService,
210,LoadBalancingService43,http://localhost:9220/api/LoadBalancingService43,GET ,false,210,LoadBalanceing,LoadBalancingService,POST http://localhost:9221/api/ProviderService167 PUT http://localhost:9221/api/ProviderService167 GET http://localhost:9221/api/ProviderService167 POST http://localhost:9222/api/ProviderService168 PUT http://localhost:9222/api/ProviderService168 GET http://localhost:9222/api/ProviderService168 POST http://localhost:9223/api/ProviderService169 PUT http://localhost:9223/api/ProviderService169 GET http://localhost:9223/api/ProviderService169 POST http://localhost:9224/api/ProviderService170 PUT http://localhost:9224/api/ProviderService170 GET http://localhost:9224/api/ProviderService170 POST http://localhost:9225/api/ProviderService171 PUT http://localhost:9225/api/ProviderService171 GET http://localhost:9225/api/ProviderService171 
211,ProviderService167,http://localhost:9221/api/ProviderService167,POST PUT GET ,false,211,LoadBalanceing,ProviderService,
212,ProviderService168,http://localhost:9222/api/ProviderService168,POST PUT GET ,false,212,LoadBalanceing,ProviderService,
213,ProviderService169,http://localhost:9223/api/ProviderService169,POST PUT GET ,false,213,LoadBalanceing,ProviderService,
214,ProviderService170,http://localhost:9224/api/ProviderService170,POST PUT GET ,false,214,LoadBalanceing,ProviderService,
215,ProviderService171,http://localhost:9225/api/ProviderService171,POST PUT GET ,false,215,LoadBalanceing,ProviderService,
216,LoadBalancingService44,http://localhost:9226/api/LoadBalancingService44,GET ,false,216,LoadBalanceing,LoadBalancingService,POST http://localhost:9227/api/ProviderService172 PUT http://localhost:9227/api/ProviderService172 GET http://localhost:9227/api/ProviderService172 POST http://localhost:9228/api/ProviderService173 PUT http://localhost:9228/api/ProviderService173 GET http://localhost:9228/api/ProviderService173 POST http://localhost:9229/api/ProviderService174 PUT http://localhost:9229/api/ProviderService174 GET http://localhost:9229/api/ProviderService174 POST http://localhost:9230/api/ProviderService175 PUT http://localhost:9230/api/ProviderService175 GET http://localhost:9230/api/ProviderService175 POST http://localhost:9231/api/ProviderService176 PUT http://localhost:9231/api/ProviderService176 GET http://localhost:9231/api/ProviderService176 POST http://localhost:9232/api/ProviderService177 PUT http://localhost:9232/api/ProviderService177 GET http://localhost:9232/api/ProviderService177 
217,ProviderService172,http://localhost:9227/api/ProviderService172,POST PUT GET ,false,217,LoadBalanceing,ProviderService,
218,ProviderService173,http://localhost:9228/api/ProviderService173,POST PUT GET ,false,218,LoadBalanceing,ProviderService,
219,ProviderService174,http://localhost:9229/api/ProviderService174,POST PUT GET ,false,219,LoadBalanceing,ProviderService,
220,ProviderService175,http://localhost:9230/api/ProviderService175,POST PUT GET ,false,220,LoadBalanceing,ProviderService,
221,ProviderService176,http://localhost:9231/api/ProviderService176,POST PUT GET ,false,221,LoadBalanceing,ProviderService,
222,ProviderService177,http://localhost:9232/api/ProviderService177,POST PUT GET ,false,222,LoadBalanceing,ProviderService,
223,LoadBalancingService45,http://localhost:9233/api/LoadBalancingService45,GET ,false,223,LoadBalanceing,LoadBalancingService,POST http://localhost:9234/api/ProviderService178 PUT http://localhost:9234/api/ProviderService178 GET http://localhost:9234/api/ProviderService178 POST http://localhost:9235/api/ProviderService179 PUT http://localhost:9235/api/ProviderService179 GET http://localhost:9235/api/ProviderService179 POST http://localhost:9236/api/ProviderService180 PUT http://localhost:9236/api/ProviderService180 GET http://localhost:9236/api/ProviderService180 POST http://localhost:9237/api/ProviderService181 PUT http://localhost:9237/api/ProviderService181 GET http://localhost:9237/api/ProviderService181 
224,ProviderService178,http://localhost:9234/api/ProviderService178,POST PUT GET ,false,224,LoadBalanceing,ProviderService,
225,ProviderService179,http://localhost:9235/api/ProviderService179,POST PUT GET ,false,225,LoadBalanceing,ProviderService,
226,ProviderService180,http://localhost:9236/api/ProviderService180,POST PUT GET ,false,226,LoadBalanceing,ProviderService,
227,ProviderService181,http://localhost:9237/api/ProviderService181,POST PUT GET ,false,227,LoadBalanceing,ProviderService,
228,LoadBalancingService46,http://localhost:9238/api/LoadBalancingService46,GET ,false,228,LoadBalanceing,LoadBalancingService,POST http://localhost:9239/api/ProviderService182 PUT http://localhost:9239/api/ProviderService182 GET http://localhost:9239/api/ProviderService182 POST http://localhost:9240/api/ProviderService183 PUT http://localhost:9240/api/ProviderService183 GET http://localhost:9240/api/ProviderService183 POST http://localhost:9241/api/ProviderService184 PUT http://localhost:9241/api/ProviderService184 GET http://localhost:9241/api/ProviderService184 POST http://localhost:9242/api/ProviderService185 PUT http://localhost:9242/api/ProviderService185 GET http://localhost:9242/api/ProviderService185 POST http://localhost:9243/api/ProviderService186 PUT http://localhost:9243/api/ProviderService186 GET http://localhost:9243/api/ProviderService186 
229,ProviderService182,http://localhost:9239/api/ProviderService182,POST PUT GET ,false,229,LoadBalanceing,ProviderService,
230,ProviderService183,http://localhost:9240/api/ProviderService183,POST PUT GET ,false,230,LoadBalanceing,ProviderService,
231,ProviderService184,http://localhost:9241/api/ProviderService184,POST PUT GET ,false,231,LoadBalanceing,ProviderService,
232,ProviderService185,http://localhost:9242/api/ProviderService185,POST PUT GET ,false,232,LoadBalanceing,ProviderService,
233,ProviderService186,http://localhost:9243/api/ProviderService186,POST PUT GET ,false,233,LoadBalanceing,ProviderService,
234,LoadBalancingService47,http://localhost:9244/api/LoadBalancingService47,GET ,false,234,LoadBalanceing,LoadBalancingService,POST http://localhost:9245/api/ProviderService187 PUT http://localhost:9245/api/ProviderService187 GET http://localhost:9245/api/ProviderService187 POST http://localhost:9246/api/ProviderService188 PUT http://localhost:9246/api/ProviderService188 GET http://localhost:9246/api/ProviderService188 POST http://localhost:9247/api/ProviderService189 PUT http://localhost:9247/api/ProviderService189 GET http://localhost:9247/api/ProviderService189 POST http://localhost:9248/api/ProviderService190 PUT http://localhost:9248/api/ProviderService190 GET http://localhost:9248/api/ProviderService190 POST http://localhost:9249/api/ProviderService191 PUT http://localhost:9249/api/ProviderService191 GET http://localhost:9249/api/ProviderService191 POST http://localhost:9250/api/ProviderService192 PUT http://localhost:9250/api/ProviderService192 GET http://localhost:9250/api/ProviderService192 
235,ProviderService187,http://localhost:9245/api/ProviderService187,POST PUT GET ,false,235,LoadBalanceing,ProviderService,
236,ProviderService188,http://localhost:9246/api/ProviderService188,POST PUT GET ,false,236,LoadBalanceing,ProviderService,
237,ProviderService189,http://localhost:9247/api/ProviderService189,POST PUT GET ,false,237,LoadBalanceing,ProviderService,
238,ProviderService190,http://localhost:9248/api/ProviderService190,POST PUT GET ,false,238,LoadBalanceing,ProviderService,
239,ProviderService191,http://localhost:9249/api/ProviderService191,POST PUT GET ,false,239,LoadBalanceing,ProviderService,
240,ProviderService192,http://localhost:9250/api/ProviderService192,POST PUT GET ,false,240,LoadBalanceing,ProviderService,
241,LoadBalancingService48,http://localhost:9251/api/LoadBalancingService48,GET ,false,241,LoadBalanceing,LoadBalancingService,POST http://localhost:9252/api/ProviderService193 PUT http://localhost:9252/api/ProviderService193 GET http://localhost:9252/api/ProviderService193 POST http://localhost:9253/api/ProviderService194 PUT http://localhost:9253/api/ProviderService194 GET http://localhost:9253/api/ProviderService194 
242,ProviderService193,http://localhost:9252/api/ProviderService193,POST PUT GET ,false,242,LoadBalanceing,ProviderService,
243,ProviderService194,http://localhost:9253/api/ProviderService194,POST PUT GET ,false,243,LoadBalanceing,ProviderService,
244,LoadBalancingService49,http://localhost:9254/api/LoadBalancingService49,GET ,false,244,LoadBalanceing,LoadBalancingService,POST http://localhost:9255/api/ProviderService195 PUT http://localhost:9255/api/ProviderService195 GET http://localhost:9255/api/ProviderService195 POST http://localhost:9256/api/ProviderService196 PUT http://localhost:9256/api/ProviderService196 GET http://localhost:9256/api/ProviderService196 POST http://localhost:9257/api/ProviderService197 PUT http://localhost:9257/api/ProviderService197 GET http://localhost:9257/api/ProviderService197 POST http://localhost:9258/api/ProviderService198 PUT http://localhost:9258/api/ProviderService198 GET http://localhost:9258/api/ProviderService198 POST http://localhost:9259/api/ProviderService199 PUT http://localhost:9259/api/ProviderService199 GET http://localhost:9259/api/ProviderService199 POST http://localhost:9260/api/ProviderService200 PUT http://localhost:9260/api/ProviderService200 GET http://localhost:9260/api/ProviderService200 
245,ProviderService195,http://localhost:9255/api/ProviderService195,POST PUT GET ,false,245,LoadBalanceing,ProviderService,
246,ProviderService196,http://localhost:9256/api/ProviderService196,POST PUT GET ,false,246,LoadBalanceing,ProviderService,
247,ProviderService197,http://localhost:9257/api/ProviderService197,POST PUT GET ,false,247,LoadBalanceing,ProviderService,
248,ProviderService198,http://localhost:9258/api/ProviderService198,POST PUT GET ,false,248,LoadBalanceing,ProviderService,
249,ProviderService199,http://localhost:9259/api/ProviderService199,POST PUT GET ,false,249,LoadBalanceing,ProviderService,
250,ProviderService200,http://localhost:9260/api/ProviderService200,POST PUT GET ,false,250,LoadBalanceing,ProviderService,
251,DispatcherService0,http://localhost:9261/api/DispatcherService0,POST ,false,251,PriorityQueue,DispatcherService,POST http://localhost:9266/api/ExternalService0 PUT http://localhost:9266/api/ExternalService0 GET http://localhost:9266/api/ExternalService0 DELETE http://localhost:9266/api/ExternalService0 POST http://localhost:9267/api/ExternalService1 PUT http://localhost:9267/api/ExternalService1 GET http://localhost:9267/api/ExternalService1 DELETE http://localhost:9267/api/ExternalService1 POST http://localhost:9268/api/ExternalService2 PUT http://localhost:9268/api/ExternalService2 GET http://localhost:9268/api/ExternalService2 DELETE http://localhost:9268/api/ExternalService2 
252,ClientService0,http://localhost:9262/api/ClientService0,,false,252,PriorityQueue,ClientService,POST http://localhost:9261/api/DispatcherService0 PUT http://localhost:9261/api/DispatcherService0 GET http://localhost:9261/api/DispatcherService0 DELETE http://localhost:9261/api/DispatcherService0 
253,ClientService1,http://localhost:9263/api/ClientService1,,false,253,PriorityQueue,ClientService,POST http://localhost:9261/api/DispatcherService0 PUT http://localhost:9261/api/DispatcherService0 GET http://localhost:9261/api/DispatcherService0 DELETE http://localhost:9261/api/DispatcherService0 
254,ClientService2,http://localhost:9264/api/ClientService2,,false,254,PriorityQueue,ClientService,POST http://localhost:9261/api/DispatcherService0 PUT http://localhost:9261/api/DispatcherService0 GET http://localhost:9261/api/DispatcherService0 DELETE http://localhost:9261/api/DispatcherService0 
255,ClientService3,http://localhost:9265/api/ClientService3,,false,255,PriorityQueue,ClientService,POST http://localhost:9261/api/DispatcherService0 PUT http://localhost:9261/api/DispatcherService0 GET http://localhost:9261/api/DispatcherService0 DELETE http://localhost:9261/api/DispatcherService0 
256,ExternalService0,http://localhost:9266/api/ExternalService0,POST ,false,256,PriorityQueue,ExternalService,
257,ExternalService1,http://localhost:9267/api/ExternalService1,POST ,false,257,PriorityQueue,ExternalService,
258,ExternalService2,http://localhost:9268/api/ExternalService2,POST ,false,258,PriorityQueue,ExternalService,
259,DispatcherService1,http://localhost:9269/api/DispatcherService1,POST ,false,259,PriorityQueue,DispatcherService,POST http://localhost:9274/api/ExternalService3 PUT http://localhost:9274/api/ExternalService3 GET http://localhost:9274/api/ExternalService3 DELETE http://localhost:9274/api/ExternalService3 
260,ClientService4,http://localhost:9270/api/ClientService4,,false,260,PriorityQueue,ClientService,POST http://localhost:9269/api/DispatcherService1 PUT http://localhost:9269/api/DispatcherService1 GET http://localhost:9269/api/DispatcherService1 DELETE http://localhost:9269/api/DispatcherService1 
261,ClientService5,http://localhost:9271/api/ClientService5,,false,261,PriorityQueue,ClientService,POST http://localhost:9269/api/DispatcherService1 PUT http://localhost:9269/api/DispatcherService1 GET http://localhost:9269/api/DispatcherService1 DELETE http://localhost:9269/api/DispatcherService1 
262,ClientService6,http://localhost:9272/api/ClientService6,,false,262,PriorityQueue,ClientService,POST http://localhost:9269/api/DispatcherService1 PUT http://localhost:9269/api/DispatcherService1 GET http://localhost:9269/api/DispatcherService1 DELETE http://localhost:9269/api/DispatcherService1 
263,ClientService7,http://localhost:9273/api/ClientService7,,false,263,PriorityQueue,ClientService,POST http://localhost:9269/api/DispatcherService1 PUT http://localhost:9269/api/DispatcherService1 GET http://localhost:9269/api/DispatcherService1 DELETE http://localhost:9269/api/DispatcherService1 
264,ExternalService3,http://localhost:9274/api/ExternalService3,POST ,false,264,PriorityQueue,ExternalService,
265,DispatcherService2,http://localhost:9275/api/DispatcherService2,POST ,false,265,PriorityQueue,DispatcherService,POST http://localhost:9278/api/ExternalService4 PUT http://localhost:9278/api/ExternalService4 GET http://localhost:9278/api/ExternalService4 DELETE http://localhost:9278/api/ExternalService4 POST http://localhost:9279/api/ExternalService5 PUT http://localhost:9279/api/ExternalService5 GET http://localhost:9279/api/ExternalService5 DELETE http://localhost:9279/api/ExternalService5 POST http://localhost:9280/api/ExternalService6 PUT http://localhost:9280/api/ExternalService6 GET http://localhost:9280/api/ExternalService6 DELETE http://localhost:9280/api/ExternalService6 
266,ClientService8,http://localhost:9276/api/ClientService8,,false,266,PriorityQueue,ClientService,POST http://localhost:9275/api/DispatcherService2 PUT http://localhost:9275/api/DispatcherService2 GET http://localhost:9275/api/DispatcherService2 DELETE http://localhost:9275/api/DispatcherService2 
267,ClientService9,http://localhost:9277/api/ClientService9,,false,267,PriorityQueue,ClientService,POST http://localhost:9275/api/DispatcherService2 PUT http://localhost:9275/api/DispatcherService2 GET http://localhost:9275/api/DispatcherService2 DELETE http://localhost:9275/api/DispatcherService2 
268,ExternalService4,http://localhost:9278/api/ExternalService4,POST ,false,268,PriorityQueue,ExternalService,
269,ExternalService5,http://localhost:9279/api/ExternalService5,POST ,false,269,PriorityQueue,ExternalService,
270,ExternalService6,http://localhost:9280/api/ExternalService6,POST ,false,270,PriorityQueue,ExternalService,
271,DispatcherService3,http://localhost:9281/api/DispatcherService3,POST ,false,271,PriorityQueue,DispatcherService,POST http://localhost:9288/api/ExternalService7 PUT http://localhost:9288/api/ExternalService7 GET http://localhost:9288/api/ExternalService7 DELETE http://localhost:9288/api/ExternalService7 POST http://localhost:9289/api/ExternalService8 PUT http://localhost:9289/api/ExternalService8 GET http://localhost:9289/api/ExternalService8 DELETE http://localhost:9289/api/ExternalService8 
272,ClientService10,http://localhost:9282/api/ClientService10,,false,272,PriorityQueue,ClientService,POST http://localhost:9281/api/DispatcherService3 PUT http://localhost:9281/api/DispatcherService3 GET http://localhost:9281/api/DispatcherService3 DELETE http://localhost:9281/api/DispatcherService3 
273,ClientService11,http://localhost:9283/api/ClientService11,,false,273,PriorityQueue,ClientService,POST http://localhost:9281/api/DispatcherService3 PUT http://localhost:9281/api/DispatcherService3 GET http://localhost:9281/api/DispatcherService3 DELETE http://localhost:9281/api/DispatcherService3 
274,ClientService12,http://localhost:9284/api/ClientService12,,false,274,PriorityQueue,ClientService,POST http://localhost:9281/api/DispatcherService3 PUT http://localhost:9281/api/DispatcherService3 GET http://localhost:9281/api/DispatcherService3 DELETE http://localhost:9281/api/DispatcherService3 
275,ClientService13,http://localhost:9285/api/ClientService13,,false,275,PriorityQueue,ClientService,POST http://localhost:9281/api/DispatcherService3 PUT http://localhost:9281/api/DispatcherService3 GET http://localhost:9281/api/DispatcherService3 DELETE http://localhost:9281/api/DispatcherService3 
276,ClientService14,http://localhost:9286/api/ClientService14,,false,276,PriorityQueue,ClientService,POST http://localhost:9281/api/DispatcherService3 PUT http://localhost:9281/api/DispatcherService3 GET http://localhost:9281/api/DispatcherService3 DELETE http://localhost:9281/api/DispatcherService3 
277,ClientService15,http://localhost:9287/api/ClientService15,,false,277,PriorityQueue,ClientService,POST http://localhost:9281/api/DispatcherService3 PUT http://localhost:9281/api/DispatcherService3 GET http://localhost:9281/api/DispatcherService3 DELETE http://localhost:9281/api/DispatcherService3 
278,ExternalService7,http://localhost:9288/api/ExternalService7,POST ,false,278,PriorityQueue,ExternalService,
279,ExternalService8,http://localhost:9289/api/ExternalService8,POST ,false,279,PriorityQueue,ExternalService,
280,DispatcherService4,http://localhost:9290/api/DispatcherService4,POST ,false,280,PriorityQueue,DispatcherService,POST http://localhost:9296/api/ExternalService9 PUT http://localhost:9296/api/ExternalService9 GET http://localhost:9296/api/ExternalService9 DELETE http://localhost:9296/api/ExternalService9 POST http://localhost:9297/api/ExternalService10 PUT http://localhost:9297/api/ExternalService10 GET http://localhost:9297/api/ExternalService10 DELETE http://localhost:9297/api/ExternalService10 POST http://localhost:9298/api/ExternalService11 PUT http://localhost:9298/api/ExternalService11 GET http://localhost:9298/api/ExternalService11 DELETE http://localhost:9298/api/ExternalService11 
281,ClientService16,http://localhost:9291/api/ClientService16,,false,281,PriorityQueue,ClientService,POST http://localhost:9290/api/DispatcherService4 PUT http://localhost:9290/api/DispatcherService4 GET http://localhost:9290/api/DispatcherService4 DELETE http://localhost:9290/api/DispatcherService4 
282,ClientService17,http://localhost:9292/api/ClientService17,,false,282,PriorityQueue,ClientService,POST http://localhost:9290/api/DispatcherService4 PUT http://localhost:9290/api/DispatcherService4 GET http://localhost:9290/api/DispatcherService4 DELETE http://localhost:9290/api/DispatcherService4 
283,ClientService18,http://localhost:9293/api/ClientService18,,false,283,PriorityQueue,ClientService,POST http://localhost:9290/api/DispatcherService4 PUT http://localhost:9290/api/DispatcherService4 GET http://localhost:9290/api/DispatcherService4 DELETE http://localhost:9290/api/DispatcherService4 
284,ClientService19,http://localhost:9294/api/ClientService19,,false,284,PriorityQueue,ClientService,POST http://localhost:9290/api/DispatcherService4 PUT http://localhost:9290/api/DispatcherService4 GET http://localhost:9290/api/DispatcherService4 DELETE http://localhost:9290/api/DispatcherService4 
285,ClientService20,http://localhost:9295/api/ClientService20,,false,285,PriorityQueue,ClientService,POST http://localhost:9290/api/DispatcherService4 PUT http://localhost:9290/api/DispatcherService4 GET http://localhost:9290/api/DispatcherService4 DELETE http://localhost:9290/api/DispatcherService4 
286,ExternalService9,http://localhost:9296/api/ExternalService9,POST ,false,286,PriorityQueue,ExternalService,
287,ExternalService10,http://localhost:9297/api/ExternalService10,POST ,false,287,PriorityQueue,ExternalService,
288,ExternalService11,http://localhost:9298/api/ExternalService11,POST ,false,288,PriorityQueue,ExternalService,
289,DispatcherService5,http://localhost:9299/api/DispatcherService5,POST ,false,289,PriorityQueue,DispatcherService,POST http://localhost:9305/api/ExternalService12 PUT http://localhost:9305/api/ExternalService12 GET http://localhost:9305/api/ExternalService12 DELETE http://localhost:9305/api/ExternalService12 POST http://localhost:9306/api/ExternalService13 PUT http://localhost:9306/api/ExternalService13 GET http://localhost:9306/api/ExternalService13 DELETE http://localhost:9306/api/ExternalService13 
290,ClientService21,http://localhost:9300/api/ClientService21,,false,290,PriorityQueue,ClientService,POST http://localhost:9299/api/DispatcherService5 PUT http://localhost:9299/api/DispatcherService5 GET http://localhost:9299/api/DispatcherService5 DELETE http://localhost:9299/api/DispatcherService5 
291,ClientService22,http://localhost:9301/api/ClientService22,,false,291,PriorityQueue,ClientService,POST http://localhost:9299/api/DispatcherService5 PUT http://localhost:9299/api/DispatcherService5 GET http://localhost:9299/api/DispatcherService5 DELETE http://localhost:9299/api/DispatcherService5 
292,ClientService23,http://localhost:9302/api/ClientService23,,false,292,PriorityQueue,ClientService,POST http://localhost:9299/api/DispatcherService5 PUT http://localhost:9299/api/DispatcherService5 GET http://localhost:9299/api/DispatcherService5 DELETE http://localhost:9299/api/DispatcherService5 
293,ClientService24,http://localhost:9303/api/ClientService24,,false,293,PriorityQueue,ClientService,POST http://localhost:9299/api/DispatcherService5 PUT http://localhost:9299/api/DispatcherService5 GET http://localhost:9299/api/DispatcherService5 DELETE http://localhost:9299/api/DispatcherService5 
294,ClientService25,http://localhost:9304/api/ClientService25,,false,294,PriorityQueue,ClientService,POST http://localhost:9299/api/DispatcherService5 PUT http://localhost:9299/api/DispatcherService5 GET http://localhost:9299/api/DispatcherService5 DELETE http://localhost:9299/api/DispatcherService5 
295,ExternalService12,http://localhost:9305/api/ExternalService12,POST ,false,295,PriorityQueue,ExternalService,
296,ExternalService13,http://localhost:9306/api/ExternalService13,POST ,false,296,PriorityQueue,ExternalService,
297,DispatcherService6,http://localhost:9307/api/DispatcherService6,POST ,false,297,PriorityQueue,DispatcherService,POST http://localhost:9311/api/ExternalService14 PUT http://localhost:9311/api/ExternalService14 GET http://localhost:9311/api/ExternalService14 DELETE http://localhost:9311/api/ExternalService14 
298,ClientService26,http://localhost:9308/api/ClientService26,,false,298,PriorityQueue,ClientService,POST http://localhost:9307/api/DispatcherService6 PUT http://localhost:9307/api/DispatcherService6 GET http://localhost:9307/api/DispatcherService6 DELETE http://localhost:9307/api/DispatcherService6 
299,ClientService27,http://localhost:9309/api/ClientService27,,false,299,PriorityQueue,ClientService,POST http://localhost:9307/api/DispatcherService6 PUT http://localhost:9307/api/DispatcherService6 GET http://localhost:9307/api/DispatcherService6 DELETE http://localhost:9307/api/DispatcherService6 
300,ClientService28,http://localhost:9310/api/ClientService28,,false,300,PriorityQueue,ClientService,POST http://localhost:9307/api/DispatcherService6 PUT http://localhost:9307/api/DispatcherService6 GET http://localhost:9307/api/DispatcherService6 DELETE http://localhost:9307/api/DispatcherService6 
301,ExternalService14,http://localhost:9311/api/ExternalService14,POST ,false,301,PriorityQueue,ExternalService,
302,DispatcherService7,http://localhost:9312/api/DispatcherService7,POST ,false,302,PriorityQueue,DispatcherService,POST http://localhost:9319/api/ExternalService15 PUT http://localhost:9319/api/ExternalService15 GET http://localhost:9319/api/ExternalService15 DELETE http://localhost:9319/api/ExternalService15 POST http://localhost:9320/api/ExternalService16 PUT http://localhost:9320/api/ExternalService16 GET http://localhost:9320/api/ExternalService16 DELETE http://localhost:9320/api/ExternalService16 
303,ClientService29,http://localhost:9313/api/ClientService29,,false,303,PriorityQueue,ClientService,POST http://localhost:9312/api/DispatcherService7 PUT http://localhost:9312/api/DispatcherService7 GET http://localhost:9312/api/DispatcherService7 DELETE http://localhost:9312/api/DispatcherService7 
304,ClientService30,http://localhost:9314/api/ClientService30,,false,304,PriorityQueue,ClientService,POST http://localhost:9312/api/DispatcherService7 PUT http://localhost:9312/api/DispatcherService7 GET http://localhost:9312/api/DispatcherService7 DELETE http://localhost:9312/api/DispatcherService7 
305,ClientService31,http://localhost:9315/api/ClientService31,,false,305,PriorityQueue,ClientService,POST http://localhost:9312/api/DispatcherService7 PUT http://localhost:9312/api/DispatcherService7 GET http://localhost:9312/api/DispatcherService7 DELETE http://localhost:9312/api/DispatcherService7 
306,ClientService32,http://localhost:9316/api/ClientService32,,false,306,PriorityQueue,ClientService,POST http://localhost:9312/api/DispatcherService7 PUT http://localhost:9312/api/DispatcherService7 GET http://localhost:9312/api/DispatcherService7 DELETE http://localhost:9312/api/DispatcherService7 
307,ClientService33,http://localhost:9317/api/ClientService33,,false,307,PriorityQueue,ClientService,POST http://localhost:9312/api/DispatcherService7 PUT http://localhost:9312/api/DispatcherService7 GET http://localhost:9312/api/DispatcherService7 DELETE http://localhost:9312/api/DispatcherService7 
308,ClientService34,http://localhost:9318/api/ClientService34,,false,308,PriorityQueue,ClientService,POST http://localhost:9312/api/DispatcherService7 PUT http://localhost:9312/api/DispatcherService7 GET http://localhost:9312/api/DispatcherService7 DELETE http://localhost:9312/api/DispatcherService7 
309,ExternalService15,http://localhost:9319/api/ExternalService15,POST ,false,309,PriorityQueue,ExternalService,
310,ExternalService16,http://localhost:9320/api/ExternalService16,POST ,false,310,PriorityQueue,ExternalService,
311,DispatcherService8,http://localhost:9321/api/DispatcherService8,POST ,false,311,PriorityQueue,DispatcherService,POST http://localhost:9327/api/ExternalService17 PUT http://localhost:9327/api/ExternalService17 GET http://localhost:9327/api/ExternalService17 DELETE http://localhost:9327/api/ExternalService17 
312,ClientService35,http://localhost:9322/api/ClientService35,,false,312,PriorityQueue,ClientService,POST http://localhost:9321/api/DispatcherService8 PUT http://localhost:9321/api/DispatcherService8 GET http://localhost:9321/api/DispatcherService8 DELETE http://localhost:9321/api/DispatcherService8 
313,ClientService36,http://localhost:9323/api/ClientService36,,false,313,PriorityQueue,ClientService,POST http://localhost:9321/api/DispatcherService8 PUT http://localhost:9321/api/DispatcherService8 GET http://localhost:9321/api/DispatcherService8 DELETE http://localhost:9321/api/DispatcherService8 
314,ClientService37,http://localhost:9324/api/ClientService37,,false,314,PriorityQueue,ClientService,POST http://localhost:9321/api/DispatcherService8 PUT http://localhost:9321/api/DispatcherService8 GET http://localhost:9321/api/DispatcherService8 DELETE http://localhost:9321/api/DispatcherService8 
315,ClientService38,http://localhost:9325/api/ClientService38,,false,315,PriorityQueue,ClientService,POST http://localhost:9321/api/DispatcherService8 PUT http://localhost:9321/api/DispatcherService8 GET http://localhost:9321/api/DispatcherService8 DELETE http://localhost:9321/api/DispatcherService8 
316,ClientService39,http://localhost:9326/api/ClientService39,,false,316,PriorityQueue,ClientService,POST http://localhost:9321/api/DispatcherService8 PUT http://localhost:9321/api/DispatcherService8 GET http://localhost:9321/api/DispatcherService8 DELETE http://localhost:9321/api/DispatcherService8 
317,ExternalService17,http://localhost:9327/api/ExternalService17,POST ,false,317,PriorityQueue,ExternalService,
318,DispatcherService9,http://localhost:9328/api/DispatcherService9,POST ,false,318,PriorityQueue,DispatcherService,POST http://localhost:9331/api/ExternalService18 PUT http://localhost:9331/api/ExternalService18 GET http://localhost:9331/api/ExternalService18 DELETE http://localhost:9331/api/ExternalService18 
319,ClientService40,http://localhost:9329/api/ClientService40,,false,319,PriorityQueue,ClientService,POST http://localhost:9328/api/DispatcherService9 PUT http://localhost:9328/api/DispatcherService9 GET http://localhost:9328/api/DispatcherService9 DELETE http://localhost:9328/api/DispatcherService9 
320,ClientService41,http://localhost:9330/api/ClientService41,,false,320,PriorityQueue,ClientService,POST http://localhost:9328/api/DispatcherService9 PUT http://localhost:9328/api/DispatcherService9 GET http://localhost:9328/api/DispatcherService9 DELETE http://localhost:9328/api/DispatcherService9 
321,ExternalService18,http://localhost:9331/api/ExternalService18,POST ,false,321,PriorityQueue,ExternalService,
322,DispatcherService10,http://localhost:9332/api/DispatcherService10,POST ,false,322,PriorityQueue,DispatcherService,POST http://localhost:9338/api/ExternalService19 PUT http://localhost:9338/api/ExternalService19 GET http://localhost:9338/api/ExternalService19 DELETE http://localhost:9338/api/ExternalService19 
323,ClientService42,http://localhost:9333/api/ClientService42,,false,323,PriorityQueue,ClientService,POST http://localhost:9332/api/DispatcherService10 PUT http://localhost:9332/api/DispatcherService10 GET http://localhost:9332/api/DispatcherService10 DELETE http://localhost:9332/api/DispatcherService10 
324,ClientService43,http://localhost:9334/api/ClientService43,,false,324,PriorityQueue,ClientService,POST http://localhost:9332/api/DispatcherService10 PUT http://localhost:9332/api/DispatcherService10 GET http://localhost:9332/api/DispatcherService10 DELETE http://localhost:9332/api/DispatcherService10 
325,ClientService44,http://localhost:9335/api/ClientService44,,false,325,PriorityQueue,ClientService,POST http://localhost:9332/api/DispatcherService10 PUT http://localhost:9332/api/DispatcherService10 GET http://localhost:9332/api/DispatcherService10 DELETE http://localhost:9332/api/DispatcherService10 
326,ClientService45,http://localhost:9336/api/ClientService45,,false,326,PriorityQueue,ClientService,POST http://localhost:9332/api/DispatcherService10 PUT http://localhost:9332/api/DispatcherService10 GET http://localhost:9332/api/DispatcherService10 DELETE http://localhost:9332/api/DispatcherService10 
327,ClientService46,http://localhost:9337/api/ClientService46,,false,327,PriorityQueue,ClientService,POST http://localhost:9332/api/DispatcherService10 PUT http://localhost:9332/api/DispatcherService10 GET http://localhost:9332/api/DispatcherService10 DELETE http://localhost:9332/api/DispatcherService10 
328,ExternalService19,http://localhost:9338/api/ExternalService19,POST ,false,328,PriorityQueue,ExternalService,
329,DispatcherService11,http://localhost:9339/api/DispatcherService11,POST ,false,329,PriorityQueue,DispatcherService,POST http://localhost:9345/api/ExternalService20 PUT http://localhost:9345/api/ExternalService20 GET http://localhost:9345/api/ExternalService20 DELETE http://localhost:9345/api/ExternalService20 POST http://localhost:9346/api/ExternalService21 PUT http://localhost:9346/api/ExternalService21 GET http://localhost:9346/api/ExternalService21 DELETE http://localhost:9346/api/ExternalService21 
330,ClientService47,http://localhost:9340/api/ClientService47,,false,330,PriorityQueue,ClientService,POST http://localhost:9339/api/DispatcherService11 PUT http://localhost:9339/api/DispatcherService11 GET http://localhost:9339/api/DispatcherService11 DELETE http://localhost:9339/api/DispatcherService11 
331,ClientService48,http://localhost:9341/api/ClientService48,,false,331,PriorityQueue,ClientService,POST http://localhost:9339/api/DispatcherService11 PUT http://localhost:9339/api/DispatcherService11 GET http://localhost:9339/api/DispatcherService11 DELETE http://localhost:9339/api/DispatcherService11 
332,ClientService49,http://localhost:9342/api/ClientService49,,false,332,PriorityQueue,ClientService,POST http://localhost:9339/api/DispatcherService11 PUT http://localhost:9339/api/DispatcherService11 GET http://localhost:9339/api/DispatcherService11 DELETE http://localhost:9339/api/DispatcherService11 
333,ClientService50,http://localhost:9343/api/ClientService50,,false,333,PriorityQueue,ClientService,POST http://localhost:9339/api/DispatcherService11 PUT http://localhost:9339/api/DispatcherService11 GET http://localhost:9339/api/DispatcherService11 DELETE http://localhost:9339/api/DispatcherService11 
334,ClientService51,http://localhost:9344/api/ClientService51,,false,334,PriorityQueue,ClientService,POST http://localhost:9339/api/DispatcherService11 PUT http://localhost:9339/api/DispatcherService11 GET http://localhost:9339/api/DispatcherService11 DELETE http://localhost:9339/api/DispatcherService11 
335,ExternalService20,http://localhost:9345/api/ExternalService20,POST ,false,335,PriorityQueue,ExternalService,
336,ExternalService21,http://localhost:9346/api/ExternalService21,POST ,false,336,PriorityQueue,ExternalService,
337,DispatcherService12,http://localhost:9347/api/DispatcherService12,POST ,false,337,PriorityQueue,DispatcherService,POST http://localhost:9354/api/ExternalService22 PUT http://localhost:9354/api/ExternalService22 GET http://localhost:9354/api/ExternalService22 DELETE http://localhost:9354/api/ExternalService22 POST http://localhost:9355/api/ExternalService23 PUT http://localhost:9355/api/ExternalService23 GET http://localhost:9355/api/ExternalService23 DELETE http://localhost:9355/api/ExternalService23 POST http://localhost:9356/api/ExternalService24 PUT http://localhost:9356/api/ExternalService24 GET http://localhost:9356/api/ExternalService24 DELETE http://localhost:9356/api/ExternalService24 
338,ClientService52,http://localhost:9348/api/ClientService52,,false,338,PriorityQueue,ClientService,POST http://localhost:9347/api/DispatcherService12 PUT http://localhost:9347/api/DispatcherService12 GET http://localhost:9347/api/DispatcherService12 DELETE http://localhost:9347/api/DispatcherService12 
339,ClientService53,http://localhost:9349/api/ClientService53,,false,339,PriorityQueue,ClientService,POST http://localhost:9347/api/DispatcherService12 PUT http://localhost:9347/api/DispatcherService12 GET http://localhost:9347/api/DispatcherService12 DELETE http://localhost:9347/api/DispatcherService12 
340,ClientService54,http://localhost:9350/api/ClientService54,,false,340,PriorityQueue,ClientService,POST http://localhost:9347/api/DispatcherService12 PUT http://localhost:9347/api/DispatcherService12 GET http://localhost:9347/api/DispatcherService12 DELETE http://localhost:9347/api/DispatcherService12 
341,ClientService55,http://localhost:9351/api/ClientService55,,false,341,PriorityQueue,ClientService,POST http://localhost:9347/api/DispatcherService12 PUT http://localhost:9347/api/DispatcherService12 GET http://localhost:9347/api/DispatcherService12 DELETE http://localhost:9347/api/DispatcherService12 
342,ClientService56,http://localhost:9352/api/ClientService56,,false,342,PriorityQueue,ClientService,POST http://localhost:9347/api/DispatcherService12 PUT http://localhost:9347/api/DispatcherService12 GET http://localhost:9347/api/DispatcherService12 DELETE http://localhost:9347/api/DispatcherService12 
343,ClientService57,http://localhost:9353/api/ClientService57,,false,343,PriorityQueue,ClientService,POST http://localhost:9347/api/DispatcherService12 PUT http://localhost:9347/api/DispatcherService12 GET http://localhost:9347/api/DispatcherService12 DELETE http://localhost:9347/api/DispatcherService12 
344,ExternalService22,http://localhost:9354/api/ExternalService22,POST ,false,344,PriorityQueue,ExternalService,
345,ExternalService23,http://localhost:9355/api/ExternalService23,POST ,false,345,PriorityQueue,ExternalService,
346,ExternalService24,http://localhost:9356/api/ExternalService24,POST ,false,346,PriorityQueue,ExternalService,
347,DispatcherService13,http://localhost:9357/api/DispatcherService13,POST ,false,347,PriorityQueue,DispatcherService,POST http://localhost:9363/api/ExternalService25 PUT http://localhost:9363/api/ExternalService25 GET http://localhost:9363/api/ExternalService25 DELETE http://localhost:9363/api/ExternalService25 POST http://localhost:9364/api/ExternalService26 PUT http://localhost:9364/api/ExternalService26 GET http://localhost:9364/api/ExternalService26 DELETE http://localhost:9364/api/ExternalService26 POST http://localhost:9365/api/ExternalService27 PUT http://localhost:9365/api/ExternalService27 GET http://localhost:9365/api/ExternalService27 DELETE http://localhost:9365/api/ExternalService27 
348,ClientService58,http://localhost:9358/api/ClientService58,,false,348,PriorityQueue,ClientService,POST http://localhost:9357/api/DispatcherService13 PUT http://localhost:9357/api/DispatcherService13 GET http://localhost:9357/api/DispatcherService13 DELETE http://localhost:9357/api/DispatcherService13 
349,ClientService59,http://localhost:9359/api/ClientService59,,false,349,PriorityQueue,ClientService,POST http://localhost:9357/api/DispatcherService13 PUT http://localhost:9357/api/DispatcherService13 GET http://localhost:9357/api/DispatcherService13 DELETE http://localhost:9357/api/DispatcherService13 
350,ClientService60,http://localhost:9360/api/ClientService60,,false,350,PriorityQueue,ClientService,POST http://localhost:9357/api/DispatcherService13 PUT http://localhost:9357/api/DispatcherService13 GET http://localhost:9357/api/DispatcherService13 DELETE http://localhost:9357/api/DispatcherService13 
351,ClientService61,http://localhost:9361/api/ClientService61,,false,351,PriorityQueue,ClientService,POST http://localhost:9357/api/DispatcherService13 PUT http://localhost:9357/api/DispatcherService13 GET http://localhost:9357/api/DispatcherService13 DELETE http://localhost:9357/api/DispatcherService13 
352,ClientService62,http://localhost:9362/api/ClientService62,,false,352,PriorityQueue,ClientService,POST http://localhost:9357/api/DispatcherService13 PUT http://localhost:9357/api/DispatcherService13 GET http://localhost:9357/api/DispatcherService13 DELETE http://localhost:9357/api/DispatcherService13 
353,ExternalService25,http://localhost:9363/api/ExternalService25,POST ,false,353,PriorityQueue,ExternalService,
354,ExternalService26,http://localhost:9364/api/ExternalService26,POST ,false,354,PriorityQueue,ExternalService,
355,ExternalService27,http://localhost:9365/api/ExternalService27,POST ,false,355,PriorityQueue,ExternalService,
356,DispatcherService14,http://localhost:9366/api/DispatcherService14,POST ,false,356,PriorityQueue,DispatcherService,POST http://localhost:9373/api/ExternalService28 PUT http://localhost:9373/api/ExternalService28 GET http://localhost:9373/api/ExternalService28 DELETE http://localhost:9373/api/ExternalService28 POST http://localhost:9374/api/ExternalService29 PUT http://localhost:9374/api/ExternalService29 GET http://localhost:9374/api/ExternalService29 DELETE http://localhost:9374/api/ExternalService29 
357,ClientService63,http://localhost:9367/api/ClientService63,,false,357,PriorityQueue,ClientService,POST http://localhost:9366/api/DispatcherService14 PUT http://localhost:9366/api/DispatcherService14 GET http://localhost:9366/api/DispatcherService14 DELETE http://localhost:9366/api/DispatcherService14 
358,ClientService64,http://localhost:9368/api/ClientService64,,false,358,PriorityQueue,ClientService,POST http://localhost:9366/api/DispatcherService14 PUT http://localhost:9366/api/DispatcherService14 GET http://localhost:9366/api/DispatcherService14 DELETE http://localhost:9366/api/DispatcherService14 
359,ClientService65,http://localhost:9369/api/ClientService65,,false,359,PriorityQueue,ClientService,POST http://localhost:9366/api/DispatcherService14 PUT http://localhost:9366/api/DispatcherService14 GET http://localhost:9366/api/DispatcherService14 DELETE http://localhost:9366/api/DispatcherService14 
360,ClientService66,http://localhost:9370/api/ClientService66,,false,360,PriorityQueue,ClientService,POST http://localhost:9366/api/DispatcherService14 PUT http://localhost:9366/api/DispatcherService14 GET http://localhost:9366/api/DispatcherService14 DELETE http://localhost:9366/api/DispatcherService14 
361,ClientService67,http://localhost:9371/api/ClientService67,,false,361,PriorityQueue,ClientService,POST http://localhost:9366/api/DispatcherService14 PUT http://localhost:9366/api/DispatcherService14 GET http://localhost:9366/api/DispatcherService14 DELETE http://localhost:9366/api/DispatcherService14 
362,ClientService68,http://localhost:9372/api/ClientService68,,false,362,PriorityQueue,ClientService,POST http://localhost:9366/api/DispatcherService14 PUT http://localhost:9366/api/DispatcherService14 GET http://localhost:9366/api/DispatcherService14 DELETE http://localhost:9366/api/DispatcherService14 
363,ExternalService28,http://localhost:9373/api/ExternalService28,POST ,false,363,PriorityQueue,ExternalService,
364,ExternalService29,http://localhost:9374/api/ExternalService29,POST ,false,364,PriorityQueue,ExternalService,
365,DispatcherService15,http://localhost:9375/api/DispatcherService15,POST ,false,365,PriorityQueue,DispatcherService,POST http://localhost:9380/api/ExternalService30 PUT http://localhost:9380/api/ExternalService30 GET http://localhost:9380/api/ExternalService30 DELETE http://localhost:9380/api/ExternalService30 
366,ClientService69,http://localhost:9376/api/ClientService69,,false,366,PriorityQueue,ClientService,POST http://localhost:9375/api/DispatcherService15 PUT http://localhost:9375/api/DispatcherService15 GET http://localhost:9375/api/DispatcherService15 DELETE http://localhost:9375/api/DispatcherService15 
367,ClientService70,http://localhost:9377/api/ClientService70,,false,367,PriorityQueue,ClientService,POST http://localhost:9375/api/DispatcherService15 PUT http://localhost:9375/api/DispatcherService15 GET http://localhost:9375/api/DispatcherService15 DELETE http://localhost:9375/api/DispatcherService15 
368,ClientService71,http://localhost:9378/api/ClientService71,,false,368,PriorityQueue,ClientService,POST http://localhost:9375/api/DispatcherService15 PUT http://localhost:9375/api/DispatcherService15 GET http://localhost:9375/api/DispatcherService15 DELETE http://localhost:9375/api/DispatcherService15 
369,ClientService72,http://localhost:9379/api/ClientService72,,false,369,PriorityQueue,ClientService,POST http://localhost:9375/api/DispatcherService15 PUT http://localhost:9375/api/DispatcherService15 GET http://localhost:9375/api/DispatcherService15 DELETE http://localhost:9375/api/DispatcherService15 
370,ExternalService30,http://localhost:9380/api/ExternalService30,POST ,false,370,PriorityQueue,ExternalService,
371,DispatcherService16,http://localhost:9381/api/DispatcherService16,POST ,false,371,PriorityQueue,DispatcherService,POST http://localhost:9384/api/ExternalService31 PUT http://localhost:9384/api/ExternalService31 GET http://localhost:9384/api/ExternalService31 DELETE http://localhost:9384/api/ExternalService31 POST http://localhost:9385/api/ExternalService32 PUT http://localhost:9385/api/ExternalService32 GET http://localhost:9385/api/ExternalService32 DELETE http://localhost:9385/api/ExternalService32 
372,ClientService73,http://localhost:9382/api/ClientService73,,false,372,PriorityQueue,ClientService,POST http://localhost:9381/api/DispatcherService16 PUT http://localhost:9381/api/DispatcherService16 GET http://localhost:9381/api/DispatcherService16 DELETE http://localhost:9381/api/DispatcherService16 
373,ClientService74,http://localhost:9383/api/ClientService74,,false,373,PriorityQueue,ClientService,POST http://localhost:9381/api/DispatcherService16 PUT http://localhost:9381/api/DispatcherService16 GET http://localhost:9381/api/DispatcherService16 DELETE http://localhost:9381/api/DispatcherService16 
374,ExternalService31,http://localhost:9384/api/ExternalService31,POST ,false,374,PriorityQueue,ExternalService,
375,ExternalService32,http://localhost:9385/api/ExternalService32,POST ,false,375,PriorityQueue,ExternalService,
376,DispatcherService17,http://localhost:9386/api/DispatcherService17,POST ,false,376,PriorityQueue,DispatcherService,POST http://localhost:9392/api/ExternalService33 PUT http://localhost:9392/api/ExternalService33 GET http://localhost:9392/api/ExternalService33 DELETE http://localhost:9392/api/ExternalService33 
377,ClientService75,http://localhost:9387/api/ClientService75,,false,377,PriorityQueue,ClientService,POST http://localhost:9386/api/DispatcherService17 PUT http://localhost:9386/api/DispatcherService17 GET http://localhost:9386/api/DispatcherService17 DELETE http://localhost:9386/api/DispatcherService17 
378,ClientService76,http://localhost:9388/api/ClientService76,,false,378,PriorityQueue,ClientService,POST http://localhost:9386/api/DispatcherService17 PUT http://localhost:9386/api/DispatcherService17 GET http://localhost:9386/api/DispatcherService17 DELETE http://localhost:9386/api/DispatcherService17 
379,ClientService77,http://localhost:9389/api/ClientService77,,false,379,PriorityQueue,ClientService,POST http://localhost:9386/api/DispatcherService17 PUT http://localhost:9386/api/DispatcherService17 GET http://localhost:9386/api/DispatcherService17 DELETE http://localhost:9386/api/DispatcherService17 
380,ClientService78,http://localhost:9390/api/ClientService78,,false,380,PriorityQueue,ClientService,POST http://localhost:9386/api/DispatcherService17 PUT http://localhost:9386/api/DispatcherService17 GET http://localhost:9386/api/DispatcherService17 DELETE http://localhost:9386/api/DispatcherService17 
381,ClientService79,http://localhost:9391/api/ClientService79,,false,381,PriorityQueue,ClientService,POST http://localhost:9386/api/DispatcherService17 PUT http://localhost:9386/api/DispatcherService17 GET http://localhost:9386/api/DispatcherService17 DELETE http://localhost:9386/api/DispatcherService17 
382,ExternalService33,http://localhost:9392/api/ExternalService33,POST ,false,382,PriorityQueue,ExternalService,
383,DispatcherService18,http://localhost:9393/api/DispatcherService18,POST ,false,383,PriorityQueue,DispatcherService,POST http://localhost:9398/api/ExternalService34 PUT http://localhost:9398/api/ExternalService34 GET http://localhost:9398/api/ExternalService34 DELETE http://localhost:9398/api/ExternalService34 POST http://localhost:9399/api/ExternalService35 PUT http://localhost:9399/api/ExternalService35 GET http://localhost:9399/api/ExternalService35 DELETE http://localhost:9399/api/ExternalService35 
384,ClientService80,http://localhost:9394/api/ClientService80,,false,384,PriorityQueue,ClientService,POST http://localhost:9393/api/DispatcherService18 PUT http://localhost:9393/api/DispatcherService18 GET http://localhost:9393/api/DispatcherService18 DELETE http://localhost:9393/api/DispatcherService18 
385,ClientService81,http://localhost:9395/api/ClientService81,,false,385,PriorityQueue,ClientService,POST http://localhost:9393/api/DispatcherService18 PUT http://localhost:9393/api/DispatcherService18 GET http://localhost:9393/api/DispatcherService18 DELETE http://localhost:9393/api/DispatcherService18 
386,ClientService82,http://localhost:9396/api/ClientService82,,false,386,PriorityQueue,ClientService,POST http://localhost:9393/api/DispatcherService18 PUT http://localhost:9393/api/DispatcherService18 GET http://localhost:9393/api/DispatcherService18 DELETE http://localhost:9393/api/DispatcherService18 
387,ClientService83,http://localhost:9397/api/ClientService83,,false,387,PriorityQueue,ClientService,POST http://localhost:9393/api/DispatcherService18 PUT http://localhost:9393/api/DispatcherService18 GET http://localhost:9393/api/DispatcherService18 DELETE http://localhost:9393/api/DispatcherService18 
388,ExternalService34,http://localhost:9398/api/ExternalService34,POST ,false,388,PriorityQueue,ExternalService,
389,ExternalService35,http://localhost:9399/api/ExternalService35,POST ,false,389,PriorityQueue,ExternalService,
390,DispatcherService19,http://localhost:9400/api/DispatcherService19,POST ,false,390,PriorityQueue,DispatcherService,POST http://localhost:9407/api/ExternalService36 PUT http://localhost:9407/api/ExternalService36 GET http://localhost:9407/api/ExternalService36 DELETE http://localhost:9407/api/ExternalService36 POST http://localhost:9408/api/ExternalService37 PUT http://localhost:9408/api/ExternalService37 GET http://localhost:9408/api/ExternalService37 DELETE http://localhost:9408/api/ExternalService37 POST http://localhost:9409/api/ExternalService38 PUT http://localhost:9409/api/ExternalService38 GET http://localhost:9409/api/ExternalService38 DELETE http://localhost:9409/api/ExternalService38 
391,ClientService84,http://localhost:9401/api/ClientService84,,false,391,PriorityQueue,ClientService,POST http://localhost:9400/api/DispatcherService19 PUT http://localhost:9400/api/DispatcherService19 GET http://localhost:9400/api/DispatcherService19 DELETE http://localhost:9400/api/DispatcherService19 
392,ClientService85,http://localhost:9402/api/ClientService85,,false,392,PriorityQueue,ClientService,POST http://localhost:9400/api/DispatcherService19 PUT http://localhost:9400/api/DispatcherService19 GET http://localhost:9400/api/DispatcherService19 DELETE http://localhost:9400/api/DispatcherService19 
393,ClientService86,http://localhost:9403/api/ClientService86,,false,393,PriorityQueue,ClientService,POST http://localhost:9400/api/DispatcherService19 PUT http://localhost:9400/api/DispatcherService19 GET http://localhost:9400/api/DispatcherService19 DELETE http://localhost:9400/api/DispatcherService19 
394,ClientService87,http://localhost:9404/api/ClientService87,,false,394,PriorityQueue,ClientService,POST http://localhost:9400/api/DispatcherService19 PUT http://localhost:9400/api/DispatcherService19 GET http://localhost:9400/api/DispatcherService19 DELETE http://localhost:9400/api/DispatcherService19 
395,ClientService88,http://localhost:9405/api/ClientService88,,false,395,PriorityQueue,ClientService,POST http://localhost:9400/api/DispatcherService19 PUT http://localhost:9400/api/DispatcherService19 GET http://localhost:9400/api/DispatcherService19 DELETE http://localhost:9400/api/DispatcherService19 
396,ClientService89,http://localhost:9406/api/ClientService89,,false,396,PriorityQueue,ClientService,POST http://localhost:9400/api/DispatcherService19 PUT http://localhost:9400/api/DispatcherService19 GET http://localhost:9400/api/DispatcherService19 DELETE http://localhost:9400/api/DispatcherService19 
397,ExternalService36,http://localhost:9407/api/ExternalService36,POST ,false,397,PriorityQueue,ExternalService,
398,ExternalService37,http://localhost:9408/api/ExternalService37,POST ,false,398,PriorityQueue,ExternalService,
399,ExternalService38,http://localhost:9409/api/ExternalService38,POST ,false,399,PriorityQueue,ExternalService,
400,DispatcherService20,http://localhost:9410/api/DispatcherService20,POST ,false,400,PriorityQueue,DispatcherService,POST http://localhost:9414/api/ExternalService39 PUT http://localhost:9414/api/ExternalService39 GET http://localhost:9414/api/ExternalService39 DELETE http://localhost:9414/api/ExternalService39 
401,ClientService90,http://localhost:9411/api/ClientService90,,false,401,PriorityQueue,ClientService,POST http://localhost:9410/api/DispatcherService20 PUT http://localhost:9410/api/DispatcherService20 GET http://localhost:9410/api/DispatcherService20 DELETE http://localhost:9410/api/DispatcherService20 
402,ClientService91,http://localhost:9412/api/ClientService91,,false,402,PriorityQueue,ClientService,POST http://localhost:9410/api/DispatcherService20 PUT http://localhost:9410/api/DispatcherService20 GET http://localhost:9410/api/DispatcherService20 DELETE http://localhost:9410/api/DispatcherService20 
403,ClientService92,http://localhost:9413/api/ClientService92,,false,403,PriorityQueue,ClientService,POST http://localhost:9410/api/DispatcherService20 PUT http://localhost:9410/api/DispatcherService20 GET http://localhost:9410/api/DispatcherService20 DELETE http://localhost:9410/api/DispatcherService20 
404,ExternalService39,http://localhost:9414/api/ExternalService39,POST ,false,404,PriorityQueue,ExternalService,
405,DispatcherService21,http://localhost:9415/api/DispatcherService21,POST ,false,405,PriorityQueue,DispatcherService,POST http://localhost:9419/api/ExternalService40 PUT http://localhost:9419/api/ExternalService40 GET http://localhost:9419/api/ExternalService40 DELETE http://localhost:9419/api/ExternalService40 POST http://localhost:9420/api/ExternalService41 PUT http://localhost:9420/api/ExternalService41 GET http://localhost:9420/api/ExternalService41 DELETE http://localhost:9420/api/ExternalService41 
406,ClientService93,http://localhost:9416/api/ClientService93,,false,406,PriorityQueue,ClientService,POST http://localhost:9415/api/DispatcherService21 PUT http://localhost:9415/api/DispatcherService21 GET http://localhost:9415/api/DispatcherService21 DELETE http://localhost:9415/api/DispatcherService21 
407,ClientService94,http://localhost:9417/api/ClientService94,,false,407,PriorityQueue,ClientService,POST http://localhost:9415/api/DispatcherService21 PUT http://localhost:9415/api/DispatcherService21 GET http://localhost:9415/api/DispatcherService21 DELETE http://localhost:9415/api/DispatcherService21 
408,ClientService95,http://localhost:9418/api/ClientService95,,false,408,PriorityQueue,ClientService,POST http://localhost:9415/api/DispatcherService21 PUT http://localhost:9415/api/DispatcherService21 GET http://localhost:9415/api/DispatcherService21 DELETE http://localhost:9415/api/DispatcherService21 
409,ExternalService40,http://localhost:9419/api/ExternalService40,POST ,false,409,PriorityQueue,ExternalService,
410,ExternalService41,http://localhost:9420/api/ExternalService41,POST ,false,410,PriorityQueue,ExternalService,
411,DispatcherService22,http://localhost:9421/api/DispatcherService22,POST ,false,411,PriorityQueue,DispatcherService,POST http://localhost:9428/api/ExternalService42 PUT http://localhost:9428/api/ExternalService42 GET http://localhost:9428/api/ExternalService42 DELETE http://localhost:9428/api/ExternalService42 
412,ClientService96,http://localhost:9422/api/ClientService96,,false,412,PriorityQueue,ClientService,POST http://localhost:9421/api/DispatcherService22 PUT http://localhost:9421/api/DispatcherService22 GET http://localhost:9421/api/DispatcherService22 DELETE http://localhost:9421/api/DispatcherService22 
413,ClientService97,http://localhost:9423/api/ClientService97,,false,413,PriorityQueue,ClientService,POST http://localhost:9421/api/DispatcherService22 PUT http://localhost:9421/api/DispatcherService22 GET http://localhost:9421/api/DispatcherService22 DELETE http://localhost:9421/api/DispatcherService22 
414,ClientService98,http://localhost:9424/api/ClientService98,,false,414,PriorityQueue,ClientService,POST http://localhost:9421/api/DispatcherService22 PUT http://localhost:9421/api/DispatcherService22 GET http://localhost:9421/api/DispatcherService22 DELETE http://localhost:9421/api/DispatcherService22 
415,ClientService99,http://localhost:9425/api/ClientService99,,false,415,PriorityQueue,ClientService,POST http://localhost:9421/api/DispatcherService22 PUT http://localhost:9421/api/DispatcherService22 GET http://localhost:9421/api/DispatcherService22 DELETE http://localhost:9421/api/DispatcherService22 
416,ClientService100,http://localhost:9426/api/ClientService100,,false,416,PriorityQueue,ClientService,POST http://localhost:9421/api/DispatcherService22 PUT http://localhost:9421/api/DispatcherService22 GET http://localhost:9421/api/DispatcherService22 DELETE http://localhost:9421/api/DispatcherService22 
417,ClientService101,http://localhost:9427/api/ClientService101,,false,417,PriorityQueue,ClientService,POST http://localhost:9421/api/DispatcherService22 PUT http://localhost:9421/api/DispatcherService22 GET http://localhost:9421/api/DispatcherService22 DELETE http://localhost:9421/api/DispatcherService22 
418,ExternalService42,http://localhost:9428/api/ExternalService42,POST ,false,418,PriorityQueue,ExternalService,
419,DispatcherService23,http://localhost:9429/api/DispatcherService23,POST ,false,419,PriorityQueue,DispatcherService,POST http://localhost:9435/api/ExternalService43 PUT http://localhost:9435/api/ExternalService43 GET http://localhost:9435/api/ExternalService43 DELETE http://localhost:9435/api/ExternalService43 
420,ClientService102,http://localhost:9430/api/ClientService102,,false,420,PriorityQueue,ClientService,POST http://localhost:9429/api/DispatcherService23 PUT http://localhost:9429/api/DispatcherService23 GET http://localhost:9429/api/DispatcherService23 DELETE http://localhost:9429/api/DispatcherService23 
421,ClientService103,http://localhost:9431/api/ClientService103,,false,421,PriorityQueue,ClientService,POST http://localhost:9429/api/DispatcherService23 PUT http://localhost:9429/api/DispatcherService23 GET http://localhost:9429/api/DispatcherService23 DELETE http://localhost:9429/api/DispatcherService23 
422,ClientService104,http://localhost:9432/api/ClientService104,,false,422,PriorityQueue,ClientService,POST http://localhost:9429/api/DispatcherService23 PUT http://localhost:9429/api/DispatcherService23 GET http://localhost:9429/api/DispatcherService23 DELETE http://localhost:9429/api/DispatcherService23 
423,ClientService105,http://localhost:9433/api/ClientService105,,false,423,PriorityQueue,ClientService,POST http://localhost:9429/api/DispatcherService23 PUT http://localhost:9429/api/DispatcherService23 GET http://localhost:9429/api/DispatcherService23 DELETE http://localhost:9429/api/DispatcherService23 
424,ClientService106,http://localhost:9434/api/ClientService106,,false,424,PriorityQueue,ClientService,POST http://localhost:9429/api/DispatcherService23 PUT http://localhost:9429/api/DispatcherService23 GET http://localhost:9429/api/DispatcherService23 DELETE http://localhost:9429/api/DispatcherService23 
425,ExternalService43,http://localhost:9435/api/ExternalService43,POST ,false,425,PriorityQueue,ExternalService,
426,DispatcherService24,http://localhost:9436/api/DispatcherService24,POST ,false,426,PriorityQueue,DispatcherService,POST http://localhost:9442/api/ExternalService44 PUT http://localhost:9442/api/ExternalService44 GET http://localhost:9442/api/ExternalService44 DELETE http://localhost:9442/api/ExternalService44 
427,ClientService107,http://localhost:9437/api/ClientService107,,false,427,PriorityQueue,ClientService,POST http://localhost:9436/api/DispatcherService24 PUT http://localhost:9436/api/DispatcherService24 GET http://localhost:9436/api/DispatcherService24 DELETE http://localhost:9436/api/DispatcherService24 
428,ClientService108,http://localhost:9438/api/ClientService108,,false,428,PriorityQueue,ClientService,POST http://localhost:9436/api/DispatcherService24 PUT http://localhost:9436/api/DispatcherService24 GET http://localhost:9436/api/DispatcherService24 DELETE http://localhost:9436/api/DispatcherService24 
429,ClientService109,http://localhost:9439/api/ClientService109,,false,429,PriorityQueue,ClientService,POST http://localhost:9436/api/DispatcherService24 PUT http://localhost:9436/api/DispatcherService24 GET http://localhost:9436/api/DispatcherService24 DELETE http://localhost:9436/api/DispatcherService24 
430,ClientService110,http://localhost:9440/api/ClientService110,,false,430,PriorityQueue,ClientService,POST http://localhost:9436/api/DispatcherService24 PUT http://localhost:9436/api/DispatcherService24 GET http://localhost:9436/api/DispatcherService24 DELETE http://localhost:9436/api/DispatcherService24 
431,ClientService111,http://localhost:9441/api/ClientService111,,false,431,PriorityQueue,ClientService,POST http://localhost:9436/api/DispatcherService24 PUT http://localhost:9436/api/DispatcherService24 GET http://localhost:9436/api/DispatcherService24 DELETE http://localhost:9436/api/DispatcherService24 
432,ExternalService44,http://localhost:9442/api/ExternalService44,POST ,false,432,PriorityQueue,ExternalService,
433,DispatcherService25,http://localhost:9443/api/DispatcherService25,POST ,false,433,PriorityQueue,DispatcherService,POST http://localhost:9446/api/ExternalService45 PUT http://localhost:9446/api/ExternalService45 GET http://localhost:9446/api/ExternalService45 DELETE http://localhost:9446/api/ExternalService45 POST http://localhost:9447/api/ExternalService46 PUT http://localhost:9447/api/ExternalService46 GET http://localhost:9447/api/ExternalService46 DELETE http://localhost:9447/api/ExternalService46 
434,ClientService112,http://localhost:9444/api/ClientService112,,false,434,PriorityQueue,ClientService,POST http://localhost:9443/api/DispatcherService25 PUT http://localhost:9443/api/DispatcherService25 GET http://localhost:9443/api/DispatcherService25 DELETE http://localhost:9443/api/DispatcherService25 
435,ClientService113,http://localhost:9445/api/ClientService113,,false,435,PriorityQueue,ClientService,POST http://localhost:9443/api/DispatcherService25 PUT http://localhost:9443/api/DispatcherService25 GET http://localhost:9443/api/DispatcherService25 DELETE http://localhost:9443/api/DispatcherService25 
436,ExternalService45,http://localhost:9446/api/ExternalService45,POST ,false,436,PriorityQueue,ExternalService,
437,ExternalService46,http://localhost:9447/api/ExternalService46,POST ,false,437,PriorityQueue,ExternalService,
438,DispatcherService26,http://localhost:9448/api/DispatcherService26,POST ,false,438,PriorityQueue,DispatcherService,POST http://localhost:9455/api/ExternalService47 PUT http://localhost:9455/api/ExternalService47 GET http://localhost:9455/api/ExternalService47 DELETE http://localhost:9455/api/ExternalService47 POST http://localhost:9456/api/ExternalService48 PUT http://localhost:9456/api/ExternalService48 GET http://localhost:9456/api/ExternalService48 DELETE http://localhost:9456/api/ExternalService48 POST http://localhost:9457/api/ExternalService49 PUT http://localhost:9457/api/ExternalService49 GET http://localhost:9457/api/ExternalService49 DELETE http://localhost:9457/api/ExternalService49 
439,ClientService114,http://localhost:9449/api/ClientService114,,false,439,PriorityQueue,ClientService,POST http://localhost:9448/api/DispatcherService26 PUT http://localhost:9448/api/DispatcherService26 GET http://localhost:9448/api/DispatcherService26 DELETE http://localhost:9448/api/DispatcherService26 
440,ClientService115,http://localhost:9450/api/ClientService115,,false,440,PriorityQueue,ClientService,POST http://localhost:9448/api/DispatcherService26 PUT http://localhost:9448/api/DispatcherService26 GET http://localhost:9448/api/DispatcherService26 DELETE http://localhost:9448/api/DispatcherService26 
441,ClientService116,http://localhost:9451/api/ClientService116,,false,441,PriorityQueue,ClientService,POST http://localhost:9448/api/DispatcherService26 PUT http://localhost:9448/api/DispatcherService26 GET http://localhost:9448/api/DispatcherService26 DELETE http://localhost:9448/api/DispatcherService26 
442,ClientService117,http://localhost:9452/api/ClientService117,,false,442,PriorityQueue,ClientService,POST http://localhost:9448/api/DispatcherService26 PUT http://localhost:9448/api/DispatcherService26 GET http://localhost:9448/api/DispatcherService26 DELETE http://localhost:9448/api/DispatcherService26 
443,ClientService118,http://localhost:9453/api/ClientService118,,false,443,PriorityQueue,ClientService,POST http://localhost:9448/api/DispatcherService26 PUT http://localhost:9448/api/DispatcherService26 GET http://localhost:9448/api/DispatcherService26 DELETE http://localhost:9448/api/DispatcherService26 
444,ClientService119,http://localhost:9454/api/ClientService119,,false,444,PriorityQueue,ClientService,POST http://localhost:9448/api/DispatcherService26 PUT http://localhost:9448/api/DispatcherService26 GET http://localhost:9448/api/DispatcherService26 DELETE http://localhost:9448/api/DispatcherService26 
445,ExternalService47,http://localhost:9455/api/ExternalService47,POST ,false,445,PriorityQueue,ExternalService,
446,ExternalService48,http://localhost:9456/api/ExternalService48,POST ,false,446,PriorityQueue,ExternalService,
447,ExternalService49,http://localhost:9457/api/ExternalService49,POST ,false,447,PriorityQueue,ExternalService,
448,DispatcherService27,http://localhost:9458/api/DispatcherService27,POST ,false,448,PriorityQueue,DispatcherService,POST http://localhost:9462/api/ExternalService50 PUT http://localhost:9462/api/ExternalService50 GET http://localhost:9462/api/ExternalService50 DELETE http://localhost:9462/api/ExternalService50 POST http://localhost:9463/api/ExternalService51 PUT http://localhost:9463/api/ExternalService51 GET http://localhost:9463/api/ExternalService51 DELETE http://localhost:9463/api/ExternalService51 
449,ClientService120,http://localhost:9459/api/ClientService120,,false,449,PriorityQueue,ClientService,POST http://localhost:9458/api/DispatcherService27 PUT http://localhost:9458/api/DispatcherService27 GET http://localhost:9458/api/DispatcherService27 DELETE http://localhost:9458/api/DispatcherService27 
450,ClientService121,http://localhost:9460/api/ClientService121,,false,450,PriorityQueue,ClientService,POST http://localhost:9458/api/DispatcherService27 PUT http://localhost:9458/api/DispatcherService27 GET http://localhost:9458/api/DispatcherService27 DELETE http://localhost:9458/api/DispatcherService27 
451,ClientService122,http://localhost:9461/api/ClientService122,,false,451,PriorityQueue,ClientService,POST http://localhost:9458/api/DispatcherService27 PUT http://localhost:9458/api/DispatcherService27 GET http://localhost:9458/api/DispatcherService27 DELETE http://localhost:9458/api/DispatcherService27 
452,ExternalService50,http://localhost:9462/api/ExternalService50,POST ,false,452,PriorityQueue,ExternalService,
453,ExternalService51,http://localhost:9463/api/ExternalService51,POST ,false,453,PriorityQueue,ExternalService,
454,DispatcherService28,http://localhost:9464/api/DispatcherService28,POST ,false,454,PriorityQueue,DispatcherService,POST http://localhost:9469/api/ExternalService52 PUT http://localhost:9469/api/ExternalService52 GET http://localhost:9469/api/ExternalService52 DELETE http://localhost:9469/api/ExternalService52 
455,ClientService123,http://localhost:9465/api/ClientService123,,false,455,PriorityQueue,ClientService,POST http://localhost:9464/api/DispatcherService28 PUT http://localhost:9464/api/DispatcherService28 GET http://localhost:9464/api/DispatcherService28 DELETE http://localhost:9464/api/DispatcherService28 
456,ClientService124,http://localhost:9466/api/ClientService124,,false,456,PriorityQueue,ClientService,POST http://localhost:9464/api/DispatcherService28 PUT http://localhost:9464/api/DispatcherService28 GET http://localhost:9464/api/DispatcherService28 DELETE http://localhost:9464/api/DispatcherService28 
457,ClientService125,http://localhost:9467/api/ClientService125,,false,457,PriorityQueue,ClientService,POST http://localhost:9464/api/DispatcherService28 PUT http://localhost:9464/api/DispatcherService28 GET http://localhost:9464/api/DispatcherService28 DELETE http://localhost:9464/api/DispatcherService28 
458,ClientService126,http://localhost:9468/api/ClientService126,,false,458,PriorityQueue,ClientService,POST http://localhost:9464/api/DispatcherService28 PUT http://localhost:9464/api/DispatcherService28 GET http://localhost:9464/api/DispatcherService28 DELETE http://localhost:9464/api/DispatcherService28 
459,ExternalService52,http://localhost:9469/api/ExternalService52,POST ,false,459,PriorityQueue,ExternalService,
460,DispatcherService29,http://localhost:9470/api/DispatcherService29,POST ,false,460,PriorityQueue,DispatcherService,POST http://localhost:9473/api/ExternalService53 PUT http://localhost:9473/api/ExternalService53 GET http://localhost:9473/api/ExternalService53 DELETE http://localhost:9473/api/ExternalService53 
461,ClientService127,http://localhost:9471/api/ClientService127,,false,461,PriorityQueue,ClientService,POST http://localhost:9470/api/DispatcherService29 PUT http://localhost:9470/api/DispatcherService29 GET http://localhost:9470/api/DispatcherService29 DELETE http://localhost:9470/api/DispatcherService29 
462,ClientService128,http://localhost:9472/api/ClientService128,,false,462,PriorityQueue,ClientService,POST http://localhost:9470/api/DispatcherService29 PUT http://localhost:9470/api/DispatcherService29 GET http://localhost:9470/api/DispatcherService29 DELETE http://localhost:9470/api/DispatcherService29 
463,ExternalService53,http://localhost:9473/api/ExternalService53,POST ,false,463,PriorityQueue,ExternalService,
464,DispatcherService30,http://localhost:9474/api/DispatcherService30,POST ,false,464,PriorityQueue,DispatcherService,POST http://localhost:9479/api/ExternalService54 PUT http://localhost:9479/api/ExternalService54 GET http://localhost:9479/api/ExternalService54 DELETE http://localhost:9479/api/ExternalService54 POST http://localhost:9480/api/ExternalService55 PUT http://localhost:9480/api/ExternalService55 GET http://localhost:9480/api/ExternalService55 DELETE http://localhost:9480/api/ExternalService55 
465,ClientService129,http://localhost:9475/api/ClientService129,,false,465,PriorityQueue,ClientService,POST http://localhost:9474/api/DispatcherService30 PUT http://localhost:9474/api/DispatcherService30 GET http://localhost:9474/api/DispatcherService30 DELETE http://localhost:9474/api/DispatcherService30 
466,ClientService130,http://localhost:9476/api/ClientService130,,false,466,PriorityQueue,ClientService,POST http://localhost:9474/api/DispatcherService30 PUT http://localhost:9474/api/DispatcherService30 GET http://localhost:9474/api/DispatcherService30 DELETE http://localhost:9474/api/DispatcherService30 
467,ClientService131,http://localhost:9477/api/ClientService131,,false,467,PriorityQueue,ClientService,POST http://localhost:9474/api/DispatcherService30 PUT http://localhost:9474/api/DispatcherService30 GET http://localhost:9474/api/DispatcherService30 DELETE http://localhost:9474/api/DispatcherService30 
468,ClientService132,http://localhost:9478/api/ClientService132,,false,468,PriorityQueue,ClientService,POST http://localhost:9474/api/DispatcherService30 PUT http://localhost:9474/api/DispatcherService30 GET http://localhost:9474/api/DispatcherService30 DELETE http://localhost:9474/api/DispatcherService30 
469,ExternalService54,http://localhost:9479/api/ExternalService54,POST ,false,469,PriorityQueue,ExternalService,
470,ExternalService55,http://localhost:9480/api/ExternalService55,POST ,false,470,PriorityQueue,ExternalService,
471,DispatcherService31,http://localhost:9481/api/DispatcherService31,POST ,false,471,PriorityQueue,DispatcherService,POST http://localhost:9484/api/ExternalService56 PUT http://localhost:9484/api/ExternalService56 GET http://localhost:9484/api/ExternalService56 DELETE http://localhost:9484/api/ExternalService56 POST http://localhost:9485/api/ExternalService57 PUT http://localhost:9485/api/ExternalService57 GET http://localhost:9485/api/ExternalService57 DELETE http://localhost:9485/api/ExternalService57 
472,ClientService133,http://localhost:9482/api/ClientService133,,false,472,PriorityQueue,ClientService,POST http://localhost:9481/api/DispatcherService31 PUT http://localhost:9481/api/DispatcherService31 GET http://localhost:9481/api/DispatcherService31 DELETE http://localhost:9481/api/DispatcherService31 
473,ClientService134,http://localhost:9483/api/ClientService134,,false,473,PriorityQueue,ClientService,POST http://localhost:9481/api/DispatcherService31 PUT http://localhost:9481/api/DispatcherService31 GET http://localhost:9481/api/DispatcherService31 DELETE http://localhost:9481/api/DispatcherService31 
474,ExternalService56,http://localhost:9484/api/ExternalService56,POST ,false,474,PriorityQueue,ExternalService,
475,ExternalService57,http://localhost:9485/api/ExternalService57,POST ,false,475,PriorityQueue,ExternalService,
476,DispatcherService32,http://localhost:9486/api/DispatcherService32,POST ,false,476,PriorityQueue,DispatcherService,POST http://localhost:9493/api/ExternalService58 PUT http://localhost:9493/api/ExternalService58 GET http://localhost:9493/api/ExternalService58 DELETE http://localhost:9493/api/ExternalService58 POST http://localhost:9494/api/ExternalService59 PUT http://localhost:9494/api/ExternalService59 GET http://localhost:9494/api/ExternalService59 DELETE http://localhost:9494/api/ExternalService59 POST http://localhost:9495/api/ExternalService60 PUT http://localhost:9495/api/ExternalService60 GET http://localhost:9495/api/ExternalService60 DELETE http://localhost:9495/api/ExternalService60 
477,ClientService135,http://localhost:9487/api/ClientService135,,false,477,PriorityQueue,ClientService,POST http://localhost:9486/api/DispatcherService32 PUT http://localhost:9486/api/DispatcherService32 GET http://localhost:9486/api/DispatcherService32 DELETE http://localhost:9486/api/DispatcherService32 
478,ClientService136,http://localhost:9488/api/ClientService136,,false,478,PriorityQueue,ClientService,POST http://localhost:9486/api/DispatcherService32 PUT http://localhost:9486/api/DispatcherService32 GET http://localhost:9486/api/DispatcherService32 DELETE http://localhost:9486/api/DispatcherService32 
479,ClientService137,http://localhost:9489/api/ClientService137,,false,479,PriorityQueue,ClientService,POST http://localhost:9486/api/DispatcherService32 PUT http://localhost:9486/api/DispatcherService32 GET http://localhost:9486/api/DispatcherService32 DELETE http://localhost:9486/api/DispatcherService32 
480,ClientService138,http://localhost:9490/api/ClientService138,,false,480,PriorityQueue,ClientService,POST http://localhost:9486/api/DispatcherService32 PUT http://localhost:9486/api/DispatcherService32 GET http://localhost:9486/api/DispatcherService32 DELETE http://localhost:9486/api/DispatcherService32 
481,ClientService139,http://localhost:9491/api/ClientService139,,false,481,PriorityQueue,ClientService,POST http://localhost:9486/api/DispatcherService32 PUT http://localhost:9486/api/DispatcherService32 GET http://localhost:9486/api/DispatcherService32 DELETE http://localhost:9486/api/DispatcherService32 
482,ClientService140,http://localhost:9492/api/ClientService140,,false,482,PriorityQueue,ClientService,POST http://localhost:9486/api/DispatcherService32 PUT http://localhost:9486/api/DispatcherService32 GET http://localhost:9486/api/DispatcherService32 DELETE http://localhost:9486/api/DispatcherService32 
483,ExternalService58,http://localhost:9493/api/ExternalService58,POST ,false,483,PriorityQueue,ExternalService,
484,ExternalService59,http://localhost:9494/api/ExternalService59,POST ,false,484,PriorityQueue,ExternalService,
485,ExternalService60,http://localhost:9495/api/ExternalService60,POST ,false,485,PriorityQueue,ExternalService,
486,DispatcherService33,http://localhost:9496/api/DispatcherService33,POST ,false,486,PriorityQueue,DispatcherService,POST http://localhost:9503/api/ExternalService61 PUT http://localhost:9503/api/ExternalService61 GET http://localhost:9503/api/ExternalService61 DELETE http://localhost:9503/api/ExternalService61 POST http://localhost:9504/api/ExternalService62 PUT http://localhost:9504/api/ExternalService62 GET http://localhost:9504/api/ExternalService62 DELETE http://localhost:9504/api/ExternalService62 POST http://localhost:9505/api/ExternalService63 PUT http://localhost:9505/api/ExternalService63 GET http://localhost:9505/api/ExternalService63 DELETE http://localhost:9505/api/ExternalService63 
487,ClientService141,http://localhost:9497/api/ClientService141,,false,487,PriorityQueue,ClientService,POST http://localhost:9496/api/DispatcherService33 PUT http://localhost:9496/api/DispatcherService33 GET http://localhost:9496/api/DispatcherService33 DELETE http://localhost:9496/api/DispatcherService33 
488,ClientService142,http://localhost:9498/api/ClientService142,,false,488,PriorityQueue,ClientService,POST http://localhost:9496/api/DispatcherService33 PUT http://localhost:9496/api/DispatcherService33 GET http://localhost:9496/api/DispatcherService33 DELETE http://localhost:9496/api/DispatcherService33 
489,ClientService143,http://localhost:9499/api/ClientService143,,false,489,PriorityQueue,ClientService,POST http://localhost:9496/api/DispatcherService33 PUT http://localhost:9496/api/DispatcherService33 GET http://localhost:9496/api/DispatcherService33 DELETE http://localhost:9496/api/DispatcherService33 
490,ClientService144,http://localhost:9500/api/ClientService144,,false,490,PriorityQueue,ClientService,POST http://localhost:9496/api/DispatcherService33 PUT http://localhost:9496/api/DispatcherService33 GET http://localhost:9496/api/DispatcherService33 DELETE http://localhost:9496/api/DispatcherService33 
491,ClientService145,http://localhost:9501/api/ClientService145,,false,491,PriorityQueue,ClientService,POST http://localhost:9496/api/DispatcherService33 PUT http://localhost:9496/api/DispatcherService33 GET http://localhost:9496/api/DispatcherService33 DELETE http://localhost:9496/api/DispatcherService33 
492,ClientService146,http://localhost:9502/api/ClientService146,,false,492,PriorityQueue,ClientService,POST http://localhost:9496/api/DispatcherService33 PUT http://localhost:9496/api/DispatcherService33 GET http://localhost:9496/api/DispatcherService33 DELETE http://localhost:9496/api/DispatcherService33 
493,ExternalService61,http://localhost:9503/api/ExternalService61,POST ,false,493,PriorityQueue,ExternalService,
494,ExternalService62,http://localhost:9504/api/ExternalService62,POST ,false,494,PriorityQueue,ExternalService,
495,ExternalService63,http://localhost:9505/api/ExternalService63,POST ,false,495,PriorityQueue,ExternalService,
496,DispatcherService34,http://localhost:9506/api/DispatcherService34,POST ,false,496,PriorityQueue,DispatcherService,POST http://localhost:9511/api/ExternalService64 PUT http://localhost:9511/api/ExternalService64 GET http://localhost:9511/api/ExternalService64 DELETE http://localhost:9511/api/ExternalService64 POST http://localhost:9512/api/ExternalService65 PUT http://localhost:9512/api/ExternalService65 GET http://localhost:9512/api/ExternalService65 DELETE http://localhost:9512/api/ExternalService65 POST http://localhost:9513/api/ExternalService66 PUT http://localhost:9513/api/ExternalService66 GET http://localhost:9513/api/ExternalService66 DELETE http://localhost:9513/api/ExternalService66 
497,ClientService147,http://localhost:9507/api/ClientService147,,false,497,PriorityQueue,ClientService,POST http://localhost:9506/api/DispatcherService34 PUT http://localhost:9506/api/DispatcherService34 GET http://localhost:9506/api/DispatcherService34 DELETE http://localhost:9506/api/DispatcherService34 
498,ClientService148,http://localhost:9508/api/ClientService148,,false,498,PriorityQueue,ClientService,POST http://localhost:9506/api/DispatcherService34 PUT http://localhost:9506/api/DispatcherService34 GET http://localhost:9506/api/DispatcherService34 DELETE http://localhost:9506/api/DispatcherService34 
499,ClientService149,http://localhost:9509/api/ClientService149,,false,499,PriorityQueue,ClientService,POST http://localhost:9506/api/DispatcherService34 PUT http://localhost:9506/api/DispatcherService34 GET http://localhost:9506/api/DispatcherService34 DELETE http://localhost:9506/api/DispatcherService34 
500,ClientService150,http://localhost:9510/api/ClientService150,,false,500,PriorityQueue,ClientService,POST http://localhost:9506/api/DispatcherService34 PUT http://localhost:9506/api/DispatcherService34 GET http://localhost:9506/api/DispatcherService34 DELETE http://localhost:9506/api/DispatcherService34 
501,ExternalService64,http://localhost:9511/api/ExternalService64,POST ,false,501,PriorityQueue,ExternalService,
502,ExternalService65,http://localhost:9512/api/ExternalService65,POST ,false,502,PriorityQueue,ExternalService,
503,ExternalService66,http://localhost:9513/api/ExternalService66,POST ,false,503,PriorityQueue,ExternalService,
504,DispatcherService35,http://localhost:9514/api/DispatcherService35,POST ,false,504,PriorityQueue,DispatcherService,POST http://localhost:9520/api/ExternalService67 PUT http://localhost:9520/api/ExternalService67 GET http://localhost:9520/api/ExternalService67 DELETE http://localhost:9520/api/ExternalService67 POST http://localhost:9521/api/ExternalService68 PUT http://localhost:9521/api/ExternalService68 GET http://localhost:9521/api/ExternalService68 DELETE http://localhost:9521/api/ExternalService68 POST http://localhost:9522/api/ExternalService69 PUT http://localhost:9522/api/ExternalService69 GET http://localhost:9522/api/ExternalService69 DELETE http://localhost:9522/api/ExternalService69 
505,ClientService151,http://localhost:9515/api/ClientService151,,false,505,PriorityQueue,ClientService,POST http://localhost:9514/api/DispatcherService35 PUT http://localhost:9514/api/DispatcherService35 GET http://localhost:9514/api/DispatcherService35 DELETE http://localhost:9514/api/DispatcherService35 
506,ClientService152,http://localhost:9516/api/ClientService152,,false,506,PriorityQueue,ClientService,POST http://localhost:9514/api/DispatcherService35 PUT http://localhost:9514/api/DispatcherService35 GET http://localhost:9514/api/DispatcherService35 DELETE http://localhost:9514/api/DispatcherService35 
507,ClientService153,http://localhost:9517/api/ClientService153,,false,507,PriorityQueue,ClientService,POST http://localhost:9514/api/DispatcherService35 PUT http://localhost:9514/api/DispatcherService35 GET http://localhost:9514/api/DispatcherService35 DELETE http://localhost:9514/api/DispatcherService35 
508,ClientService154,http://localhost:9518/api/ClientService154,,false,508,PriorityQueue,ClientService,POST http://localhost:9514/api/DispatcherService35 PUT http://localhost:9514/api/DispatcherService35 GET http://localhost:9514/api/DispatcherService35 DELETE http://localhost:9514/api/DispatcherService35 
509,ClientService155,http://localhost:9519/api/ClientService155,,false,509,PriorityQueue,ClientService,POST http://localhost:9514/api/DispatcherService35 PUT http://localhost:9514/api/DispatcherService35 GET http://localhost:9514/api/DispatcherService35 DELETE http://localhost:9514/api/DispatcherService35 
510,ExternalService67,http://localhost:9520/api/ExternalService67,POST ,false,510,PriorityQueue,ExternalService,
511,ExternalService68,http://localhost:9521/api/ExternalService68,POST ,false,511,PriorityQueue,ExternalService,
512,ExternalService69,http://localhost:9522/api/ExternalService69,POST ,false,512,PriorityQueue,ExternalService,
513,DispatcherService36,http://localhost:9523/api/DispatcherService36,POST ,false,513,PriorityQueue,DispatcherService,POST http://localhost:9530/api/ExternalService70 PUT http://localhost:9530/api/ExternalService70 GET http://localhost:9530/api/ExternalService70 DELETE http://localhost:9530/api/ExternalService70 POST http://localhost:9531/api/ExternalService71 PUT http://localhost:9531/api/ExternalService71 GET http://localhost:9531/api/ExternalService71 DELETE http://localhost:9531/api/ExternalService71 
514,ClientService156,http://localhost:9524/api/ClientService156,,false,514,PriorityQueue,ClientService,POST http://localhost:9523/api/DispatcherService36 PUT http://localhost:9523/api/DispatcherService36 GET http://localhost:9523/api/DispatcherService36 DELETE http://localhost:9523/api/DispatcherService36 
515,ClientService157,http://localhost:9525/api/ClientService157,,false,515,PriorityQueue,ClientService,POST http://localhost:9523/api/DispatcherService36 PUT http://localhost:9523/api/DispatcherService36 GET http://localhost:9523/api/DispatcherService36 DELETE http://localhost:9523/api/DispatcherService36 
516,ClientService158,http://localhost:9526/api/ClientService158,,false,516,PriorityQueue,ClientService,POST http://localhost:9523/api/DispatcherService36 PUT http://localhost:9523/api/DispatcherService36 GET http://localhost:9523/api/DispatcherService36 DELETE http://localhost:9523/api/DispatcherService36 
517,ClientService159,http://localhost:9527/api/ClientService159,,false,517,PriorityQueue,ClientService,POST http://localhost:9523/api/DispatcherService36 PUT http://localhost:9523/api/DispatcherService36 GET http://localhost:9523/api/DispatcherService36 DELETE http://localhost:9523/api/DispatcherService36 
518,ClientService160,http://localhost:9528/api/ClientService160,,false,518,PriorityQueue,ClientService,POST http://localhost:9523/api/DispatcherService36 PUT http://localhost:9523/api/DispatcherService36 GET http://localhost:9523/api/DispatcherService36 DELETE http://localhost:9523/api/DispatcherService36 
519,ClientService161,http://localhost:9529/api/ClientService161,,false,519,PriorityQueue,ClientService,POST http://localhost:9523/api/DispatcherService36 PUT http://localhost:9523/api/DispatcherService36 GET http://localhost:9523/api/DispatcherService36 DELETE http://localhost:9523/api/DispatcherService36 
520,ExternalService70,http://localhost:9530/api/ExternalService70,POST ,false,520,PriorityQueue,ExternalService,
521,ExternalService71,http://localhost:9531/api/ExternalService71,POST ,false,521,PriorityQueue,ExternalService,
522,DispatcherService37,http://localhost:9532/api/DispatcherService37,POST ,false,522,PriorityQueue,DispatcherService,POST http://localhost:9535/api/ExternalService72 PUT http://localhost:9535/api/ExternalService72 GET http://localhost:9535/api/ExternalService72 DELETE http://localhost:9535/api/ExternalService72 POST http://localhost:9536/api/ExternalService73 PUT http://localhost:9536/api/ExternalService73 GET http://localhost:9536/api/ExternalService73 DELETE http://localhost:9536/api/ExternalService73 POST http://localhost:9537/api/ExternalService74 PUT http://localhost:9537/api/ExternalService74 GET http://localhost:9537/api/ExternalService74 DELETE http://localhost:9537/api/ExternalService74 
523,ClientService162,http://localhost:9533/api/ClientService162,,false,523,PriorityQueue,ClientService,POST http://localhost:9532/api/DispatcherService37 PUT http://localhost:9532/api/DispatcherService37 GET http://localhost:9532/api/DispatcherService37 DELETE http://localhost:9532/api/DispatcherService37 
524,ClientService163,http://localhost:9534/api/ClientService163,,false,524,PriorityQueue,ClientService,POST http://localhost:9532/api/DispatcherService37 PUT http://localhost:9532/api/DispatcherService37 GET http://localhost:9532/api/DispatcherService37 DELETE http://localhost:9532/api/DispatcherService37 
525,ExternalService72,http://localhost:9535/api/ExternalService72,POST ,false,525,PriorityQueue,ExternalService,
526,ExternalService73,http://localhost:9536/api/ExternalService73,POST ,false,526,PriorityQueue,ExternalService,
527,ExternalService74,http://localhost:9537/api/ExternalService74,POST ,false,527,PriorityQueue,ExternalService,
528,DispatcherService38,http://localhost:9538/api/DispatcherService38,POST ,false,528,PriorityQueue,DispatcherService,POST http://localhost:9541/api/ExternalService75 PUT http://localhost:9541/api/ExternalService75 GET http://localhost:9541/api/ExternalService75 DELETE http://localhost:9541/api/ExternalService75 POST http://localhost:9542/api/ExternalService76 PUT http://localhost:9542/api/ExternalService76 GET http://localhost:9542/api/ExternalService76 DELETE http://localhost:9542/api/ExternalService76 POST http://localhost:9543/api/ExternalService77 PUT http://localhost:9543/api/ExternalService77 GET http://localhost:9543/api/ExternalService77 DELETE http://localhost:9543/api/ExternalService77 
529,ClientService164,http://localhost:9539/api/ClientService164,,false,529,PriorityQueue,ClientService,POST http://localhost:9538/api/DispatcherService38 PUT http://localhost:9538/api/DispatcherService38 GET http://localhost:9538/api/DispatcherService38 DELETE http://localhost:9538/api/DispatcherService38 
530,ClientService165,http://localhost:9540/api/ClientService165,,false,530,PriorityQueue,ClientService,POST http://localhost:9538/api/DispatcherService38 PUT http://localhost:9538/api/DispatcherService38 GET http://localhost:9538/api/DispatcherService38 DELETE http://localhost:9538/api/DispatcherService38 
531,ExternalService75,http://localhost:9541/api/ExternalService75,POST ,false,531,PriorityQueue,ExternalService,
532,ExternalService76,http://localhost:9542/api/ExternalService76,POST ,false,532,PriorityQueue,ExternalService,
533,ExternalService77,http://localhost:9543/api/ExternalService77,POST ,false,533,PriorityQueue,ExternalService,
534,DispatcherService39,http://localhost:9544/api/DispatcherService39,POST ,false,534,PriorityQueue,DispatcherService,POST http://localhost:9550/api/ExternalService78 PUT http://localhost:9550/api/ExternalService78 GET http://localhost:9550/api/ExternalService78 DELETE http://localhost:9550/api/ExternalService78 POST http://localhost:9551/api/ExternalService79 PUT http://localhost:9551/api/ExternalService79 GET http://localhost:9551/api/ExternalService79 DELETE http://localhost:9551/api/ExternalService79 POST http://localhost:9552/api/ExternalService80 PUT http://localhost:9552/api/ExternalService80 GET http://localhost:9552/api/ExternalService80 DELETE http://localhost:9552/api/ExternalService80 
535,ClientService166,http://localhost:9545/api/ClientService166,,false,535,PriorityQueue,ClientService,POST http://localhost:9544/api/DispatcherService39 PUT http://localhost:9544/api/DispatcherService39 GET http://localhost:9544/api/DispatcherService39 DELETE http://localhost:9544/api/DispatcherService39 
536,ClientService167,http://localhost:9546/api/ClientService167,,false,536,PriorityQueue,ClientService,POST http://localhost:9544/api/DispatcherService39 PUT http://localhost:9544/api/DispatcherService39 GET http://localhost:9544/api/DispatcherService39 DELETE http://localhost:9544/api/DispatcherService39 
537,ClientService168,http://localhost:9547/api/ClientService168,,false,537,PriorityQueue,ClientService,POST http://localhost:9544/api/DispatcherService39 PUT http://localhost:9544/api/DispatcherService39 GET http://localhost:9544/api/DispatcherService39 DELETE http://localhost:9544/api/DispatcherService39 
538,ClientService169,http://localhost:9548/api/ClientService169,,false,538,PriorityQueue,ClientService,POST http://localhost:9544/api/DispatcherService39 PUT http://localhost:9544/api/DispatcherService39 GET http://localhost:9544/api/DispatcherService39 DELETE http://localhost:9544/api/DispatcherService39 
539,ClientService170,http://localhost:9549/api/ClientService170,,false,539,PriorityQueue,ClientService,POST http://localhost:9544/api/DispatcherService39 PUT http://localhost:9544/api/DispatcherService39 GET http://localhost:9544/api/DispatcherService39 DELETE http://localhost:9544/api/DispatcherService39 
540,ExternalService78,http://localhost:9550/api/ExternalService78,POST ,false,540,PriorityQueue,ExternalService,
541,ExternalService79,http://localhost:9551/api/ExternalService79,POST ,false,541,PriorityQueue,ExternalService,
542,ExternalService80,http://localhost:9552/api/ExternalService80,POST ,false,542,PriorityQueue,ExternalService,
543,DispatcherService40,http://localhost:9553/api/DispatcherService40,POST ,false,543,PriorityQueue,DispatcherService,POST http://localhost:9557/api/ExternalService81 PUT http://localhost:9557/api/ExternalService81 GET http://localhost:9557/api/ExternalService81 DELETE http://localhost:9557/api/ExternalService81 POST http://localhost:9558/api/ExternalService82 PUT http://localhost:9558/api/ExternalService82 GET http://localhost:9558/api/ExternalService82 DELETE http://localhost:9558/api/ExternalService82 POST http://localhost:9559/api/ExternalService83 PUT http://localhost:9559/api/ExternalService83 GET http://localhost:9559/api/ExternalService83 DELETE http://localhost:9559/api/ExternalService83 
544,ClientService171,http://localhost:9554/api/ClientService171,,false,544,PriorityQueue,ClientService,POST http://localhost:9553/api/DispatcherService40 PUT http://localhost:9553/api/DispatcherService40 GET http://localhost:9553/api/DispatcherService40 DELETE http://localhost:9553/api/DispatcherService40 
545,ClientService172,http://localhost:9555/api/ClientService172,,false,545,PriorityQueue,ClientService,POST http://localhost:9553/api/DispatcherService40 PUT http://localhost:9553/api/DispatcherService40 GET http://localhost:9553/api/DispatcherService40 DELETE http://localhost:9553/api/DispatcherService40 
546,ClientService173,http://localhost:9556/api/ClientService173,,false,546,PriorityQueue,ClientService,POST http://localhost:9553/api/DispatcherService40 PUT http://localhost:9553/api/DispatcherService40 GET http://localhost:9553/api/DispatcherService40 DELETE http://localhost:9553/api/DispatcherService40 
547,ExternalService81,http://localhost:9557/api/ExternalService81,POST ,false,547,PriorityQueue,ExternalService,
548,ExternalService82,http://localhost:9558/api/ExternalService82,POST ,false,548,PriorityQueue,ExternalService,
549,ExternalService83,http://localhost:9559/api/ExternalService83,POST ,false,549,PriorityQueue,ExternalService,
550,DispatcherService41,http://localhost:9560/api/DispatcherService41,POST ,false,550,PriorityQueue,DispatcherService,POST http://localhost:9563/api/ExternalService84 PUT http://localhost:9563/api/ExternalService84 GET http://localhost:9563/api/ExternalService84 DELETE http://localhost:9563/api/ExternalService84 POST http://localhost:9564/api/ExternalService85 PUT http://localhost:9564/api/ExternalService85 GET http://localhost:9564/api/ExternalService85 DELETE http://localhost:9564/api/ExternalService85 
551,ClientService174,http://localhost:9561/api/ClientService174,,false,551,PriorityQueue,ClientService,POST http://localhost:9560/api/DispatcherService41 PUT http://localhost:9560/api/DispatcherService41 GET http://localhost:9560/api/DispatcherService41 DELETE http://localhost:9560/api/DispatcherService41 
552,ClientService175,http://localhost:9562/api/ClientService175,,false,552,PriorityQueue,ClientService,POST http://localhost:9560/api/DispatcherService41 PUT http://localhost:9560/api/DispatcherService41 GET http://localhost:9560/api/DispatcherService41 DELETE http://localhost:9560/api/DispatcherService41 
553,ExternalService84,http://localhost:9563/api/ExternalService84,POST ,false,553,PriorityQueue,ExternalService,
554,ExternalService85,http://localhost:9564/api/ExternalService85,POST ,false,554,PriorityQueue,ExternalService,
555,DispatcherService42,http://localhost:9565/api/DispatcherService42,POST ,false,555,PriorityQueue,DispatcherService,POST http://localhost:9569/api/ExternalService86 PUT http://localhost:9569/api/ExternalService86 GET http://localhost:9569/api/ExternalService86 DELETE http://localhost:9569/api/ExternalService86 POST http://localhost:9570/api/ExternalService87 PUT http://localhost:9570/api/ExternalService87 GET http://localhost:9570/api/ExternalService87 DELETE http://localhost:9570/api/ExternalService87 POST http://localhost:9571/api/ExternalService88 PUT http://localhost:9571/api/ExternalService88 GET http://localhost:9571/api/ExternalService88 DELETE http://localhost:9571/api/ExternalService88 
556,ClientService176,http://localhost:9566/api/ClientService176,,false,556,PriorityQueue,ClientService,POST http://localhost:9565/api/DispatcherService42 PUT http://localhost:9565/api/DispatcherService42 GET http://localhost:9565/api/DispatcherService42 DELETE http://localhost:9565/api/DispatcherService42 
557,ClientService177,http://localhost:9567/api/ClientService177,,false,557,PriorityQueue,ClientService,POST http://localhost:9565/api/DispatcherService42 PUT http://localhost:9565/api/DispatcherService42 GET http://localhost:9565/api/DispatcherService42 DELETE http://localhost:9565/api/DispatcherService42 
558,ClientService178,http://localhost:9568/api/ClientService178,,false,558,PriorityQueue,ClientService,POST http://localhost:9565/api/DispatcherService42 PUT http://localhost:9565/api/DispatcherService42 GET http://localhost:9565/api/DispatcherService42 DELETE http://localhost:9565/api/DispatcherService42 
559,ExternalService86,http://localhost:9569/api/ExternalService86,POST ,false,559,PriorityQueue,ExternalService,
560,ExternalService87,http://localhost:9570/api/ExternalService87,POST ,false,560,PriorityQueue,ExternalService,
561,ExternalService88,http://localhost:9571/api/ExternalService88,POST ,false,561,PriorityQueue,ExternalService,
562,DispatcherService43,http://localhost:9572/api/DispatcherService43,POST ,false,562,PriorityQueue,DispatcherService,POST http://localhost:9576/api/ExternalService89 PUT http://localhost:9576/api/ExternalService89 GET http://localhost:9576/api/ExternalService89 DELETE http://localhost:9576/api/ExternalService89 
563,ClientService179,http://localhost:9573/api/ClientService179,,false,563,PriorityQueue,ClientService,POST http://localhost:9572/api/DispatcherService43 PUT http://localhost:9572/api/DispatcherService43 GET http://localhost:9572/api/DispatcherService43 DELETE http://localhost:9572/api/DispatcherService43 
564,ClientService180,http://localhost:9574/api/ClientService180,,false,564,PriorityQueue,ClientService,POST http://localhost:9572/api/DispatcherService43 PUT http://localhost:9572/api/DispatcherService43 GET http://localhost:9572/api/DispatcherService43 DELETE http://localhost:9572/api/DispatcherService43 
565,ClientService181,http://localhost:9575/api/ClientService181,,false,565,PriorityQueue,ClientService,POST http://localhost:9572/api/DispatcherService43 PUT http://localhost:9572/api/DispatcherService43 GET http://localhost:9572/api/DispatcherService43 DELETE http://localhost:9572/api/DispatcherService43 
566,ExternalService89,http://localhost:9576/api/ExternalService89,POST ,false,566,PriorityQueue,ExternalService,
567,DispatcherService44,http://localhost:9577/api/DispatcherService44,POST ,false,567,PriorityQueue,DispatcherService,POST http://localhost:9581/api/ExternalService90 PUT http://localhost:9581/api/ExternalService90 GET http://localhost:9581/api/ExternalService90 DELETE http://localhost:9581/api/ExternalService90 
568,ClientService182,http://localhost:9578/api/ClientService182,,false,568,PriorityQueue,ClientService,POST http://localhost:9577/api/DispatcherService44 PUT http://localhost:9577/api/DispatcherService44 GET http://localhost:9577/api/DispatcherService44 DELETE http://localhost:9577/api/DispatcherService44 
569,ClientService183,http://localhost:9579/api/ClientService183,,false,569,PriorityQueue,ClientService,POST http://localhost:9577/api/DispatcherService44 PUT http://localhost:9577/api/DispatcherService44 GET http://localhost:9577/api/DispatcherService44 DELETE http://localhost:9577/api/DispatcherService44 
570,ClientService184,http://localhost:9580/api/ClientService184,,false,570,PriorityQueue,ClientService,POST http://localhost:9577/api/DispatcherService44 PUT http://localhost:9577/api/DispatcherService44 GET http://localhost:9577/api/DispatcherService44 DELETE http://localhost:9577/api/DispatcherService44 
571,ExternalService90,http://localhost:9581/api/ExternalService90,POST ,false,571,PriorityQueue,ExternalService,
572,DispatcherService45,http://localhost:9582/api/DispatcherService45,POST ,false,572,PriorityQueue,DispatcherService,POST http://localhost:9588/api/ExternalService91 PUT http://localhost:9588/api/ExternalService91 GET http://localhost:9588/api/ExternalService91 DELETE http://localhost:9588/api/ExternalService91 POST http://localhost:9589/api/ExternalService92 PUT http://localhost:9589/api/ExternalService92 GET http://localhost:9589/api/ExternalService92 DELETE http://localhost:9589/api/ExternalService92 
573,ClientService185,http://localhost:9583/api/ClientService185,,false,573,PriorityQueue,ClientService,POST http://localhost:9582/api/DispatcherService45 PUT http://localhost:9582/api/DispatcherService45 GET http://localhost:9582/api/DispatcherService45 DELETE http://localhost:9582/api/DispatcherService45 
574,ClientService186,http://localhost:9584/api/ClientService186,,false,574,PriorityQueue,ClientService,POST http://localhost:9582/api/DispatcherService45 PUT http://localhost:9582/api/DispatcherService45 GET http://localhost:9582/api/DispatcherService45 DELETE http://localhost:9582/api/DispatcherService45 
575,ClientService187,http://localhost:9585/api/ClientService187,,false,575,PriorityQueue,ClientService,POST http://localhost:9582/api/DispatcherService45 PUT http://localhost:9582/api/DispatcherService45 GET http://localhost:9582/api/DispatcherService45 DELETE http://localhost:9582/api/DispatcherService45 
576,ClientService188,http://localhost:9586/api/ClientService188,,false,576,PriorityQueue,ClientService,POST http://localhost:9582/api/DispatcherService45 PUT http://localhost:9582/api/DispatcherService45 GET http://localhost:9582/api/DispatcherService45 DELETE http://localhost:9582/api/DispatcherService45 
577,ClientService189,http://localhost:9587/api/ClientService189,,false,577,PriorityQueue,ClientService,POST http://localhost:9582/api/DispatcherService45 PUT http://localhost:9582/api/DispatcherService45 GET http://localhost:9582/api/DispatcherService45 DELETE http://localhost:9582/api/DispatcherService45 
578,ExternalService91,http://localhost:9588/api/ExternalService91,POST ,false,578,PriorityQueue,ExternalService,
579,ExternalService92,http://localhost:9589/api/ExternalService92,POST ,false,579,PriorityQueue,ExternalService,
580,DispatcherService46,http://localhost:9590/api/DispatcherService46,POST ,false,580,PriorityQueue,DispatcherService,POST http://localhost:9595/api/ExternalService93 PUT http://localhost:9595/api/ExternalService93 GET http://localhost:9595/api/ExternalService93 DELETE http://localhost:9595/api/ExternalService93 POST http://localhost:9596/api/ExternalService94 PUT http://localhost:9596/api/ExternalService94 GET http://localhost:9596/api/ExternalService94 DELETE http://localhost:9596/api/ExternalService94 POST http://localhost:9597/api/ExternalService95 PUT http://localhost:9597/api/ExternalService95 GET http://localhost:9597/api/ExternalService95 DELETE http://localhost:9597/api/ExternalService95 
581,ClientService190,http://localhost:9591/api/ClientService190,,false,581,PriorityQueue,ClientService,POST http://localhost:9590/api/DispatcherService46 PUT http://localhost:9590/api/DispatcherService46 GET http://localhost:9590/api/DispatcherService46 DELETE http://localhost:9590/api/DispatcherService46 
582,ClientService191,http://localhost:9592/api/ClientService191,,false,582,PriorityQueue,ClientService,POST http://localhost:9590/api/DispatcherService46 PUT http://localhost:9590/api/DispatcherService46 GET http://localhost:9590/api/DispatcherService46 DELETE http://localhost:9590/api/DispatcherService46 
583,ClientService192,http://localhost:9593/api/ClientService192,,false,583,PriorityQueue,ClientService,POST http://localhost:9590/api/DispatcherService46 PUT http://localhost:9590/api/DispatcherService46 GET http://localhost:9590/api/DispatcherService46 DELETE http://localhost:9590/api/DispatcherService46 
584,ClientService193,http://localhost:9594/api/ClientService193,,false,584,PriorityQueue,ClientService,POST http://localhost:9590/api/DispatcherService46 PUT http://localhost:9590/api/DispatcherService46 GET http://localhost:9590/api/DispatcherService46 DELETE http://localhost:9590/api/DispatcherService46 
585,ExternalService93,http://localhost:9595/api/ExternalService93,POST ,false,585,PriorityQueue,ExternalService,
586,ExternalService94,http://localhost:9596/api/ExternalService94,POST ,false,586,PriorityQueue,ExternalService,
587,ExternalService95,http://localhost:9597/api/ExternalService95,POST ,false,587,PriorityQueue,ExternalService,
588,DispatcherService47,http://localhost:9598/api/DispatcherService47,POST ,false,588,PriorityQueue,DispatcherService,POST http://localhost:9601/api/ExternalService96 PUT http://localhost:9601/api/ExternalService96 GET http://localhost:9601/api/ExternalService96 DELETE http://localhost:9601/api/ExternalService96 POST http://localhost:9602/api/ExternalService97 PUT http://localhost:9602/api/ExternalService97 GET http://localhost:9602/api/ExternalService97 DELETE http://localhost:9602/api/ExternalService97 
589,ClientService194,http://localhost:9599/api/ClientService194,,false,589,PriorityQueue,ClientService,POST http://localhost:9598/api/DispatcherService47 PUT http://localhost:9598/api/DispatcherService47 GET http://localhost:9598/api/DispatcherService47 DELETE http://localhost:9598/api/DispatcherService47 
590,ClientService195,http://localhost:9600/api/ClientService195,,false,590,PriorityQueue,ClientService,POST http://localhost:9598/api/DispatcherService47 PUT http://localhost:9598/api/DispatcherService47 GET http://localhost:9598/api/DispatcherService47 DELETE http://localhost:9598/api/DispatcherService47 
591,ExternalService96,http://localhost:9601/api/ExternalService96,POST ,false,591,PriorityQueue,ExternalService,
592,ExternalService97,http://localhost:9602/api/ExternalService97,POST ,false,592,PriorityQueue,ExternalService,
593,DispatcherService48,http://localhost:9603/api/DispatcherService48,POST ,false,593,PriorityQueue,DispatcherService,POST http://localhost:9608/api/ExternalService98 PUT http://localhost:9608/api/ExternalService98 GET http://localhost:9608/api/ExternalService98 DELETE http://localhost:9608/api/ExternalService98 POST http://localhost:9609/api/ExternalService99 PUT http://localhost:9609/api/ExternalService99 GET http://localhost:9609/api/ExternalService99 DELETE http://localhost:9609/api/ExternalService99 
594,ClientService196,http://localhost:9604/api/ClientService196,,false,594,PriorityQueue,ClientService,POST http://localhost:9603/api/DispatcherService48 PUT http://localhost:9603/api/DispatcherService48 GET http://localhost:9603/api/DispatcherService48 DELETE http://localhost:9603/api/DispatcherService48 
595,ClientService197,http://localhost:9605/api/ClientService197,,false,595,PriorityQueue,ClientService,POST http://localhost:9603/api/DispatcherService48 PUT http://localhost:9603/api/DispatcherService48 GET http://localhost:9603/api/DispatcherService48 DELETE http://localhost:9603/api/DispatcherService48 
596,ClientService198,http://localhost:9606/api/ClientService198,,false,596,PriorityQueue,ClientService,POST http://localhost:9603/api/DispatcherService48 PUT http://localhost:9603/api/DispatcherService48 GET http://localhost:9603/api/DispatcherService48 DELETE http://localhost:9603/api/DispatcherService48 
597,ClientService199,http://localhost:9607/api/ClientService199,,false,597,PriorityQueue,ClientService,POST http://localhost:9603/api/DispatcherService48 PUT http://localhost:9603/api/DispatcherService48 GET http://localhost:9603/api/DispatcherService48 DELETE http://localhost:9603/api/DispatcherService48 
598,ExternalService98,http://localhost:9608/api/ExternalService98,POST ,false,598,PriorityQueue,ExternalService,
599,ExternalService99,http://localhost:9609/api/ExternalService99,POST ,false,599,PriorityQueue,ExternalService,
600,DispatcherService49,http://localhost:9610/api/DispatcherService49,POST ,false,600,PriorityQueue,DispatcherService,POST http://localhost:9614/api/ExternalService100 PUT http://localhost:9614/api/ExternalService100 GET http://localhost:9614/api/ExternalService100 DELETE http://localhost:9614/api/ExternalService100 POST http://localhost:9615/api/ExternalService101 PUT http://localhost:9615/api/ExternalService101 GET http://localhost:9615/api/ExternalService101 DELETE http://localhost:9615/api/ExternalService101 POST http://localhost:9616/api/ExternalService102 PUT http://localhost:9616/api/ExternalService102 GET http://localhost:9616/api/ExternalService102 DELETE http://localhost:9616/api/ExternalService102 
601,ClientService200,http://localhost:9611/api/ClientService200,,false,601,PriorityQueue,ClientService,POST http://localhost:9610/api/DispatcherService49 PUT http://localhost:9610/api/DispatcherService49 GET http://localhost:9610/api/DispatcherService49 DELETE http://localhost:9610/api/DispatcherService49 
602,ClientService201,http://localhost:9612/api/ClientService201,,false,602,PriorityQueue,ClientService,POST http://localhost:9610/api/DispatcherService49 PUT http://localhost:9610/api/DispatcherService49 GET http://localhost:9610/api/DispatcherService49 DELETE http://localhost:9610/api/DispatcherService49 
603,ClientService202,http://localhost:9613/api/ClientService202,,false,603,PriorityQueue,ClientService,POST http://localhost:9610/api/DispatcherService49 PUT http://localhost:9610/api/DispatcherService49 GET http://localhost:9610/api/DispatcherService49 DELETE http://localhost:9610/api/DispatcherService49 
604,ExternalService100,http://localhost:9614/api/ExternalService100,POST ,false,604,PriorityQueue,ExternalService,
605,ExternalService101,http://localhost:9615/api/ExternalService101,POST ,false,605,PriorityQueue,ExternalService,
606,ExternalService102,http://localhost:9616/api/ExternalService102,POST ,false,606,PriorityQueue,ExternalService,
607,Cache0,http://localhost:9617/api/Cache0,POST GET PUT DELETE ,false,607,CacheASide,Cache,
608,Client0,http://localhost:9618/api/Client0,,false,608,CacheASide,Client,POST http://localhost:9617/api/Cache0 GET http://localhost:9617/api/Cache0 PUT http://localhost:9617/api/Cache0 DELETE http://localhost:9617/api/Cache0 
609,Client1,http://localhost:9619/api/Client1,,false,609,CacheASide,Client,POST http://localhost:9617/api/Cache0 GET http://localhost:9617/api/Cache0 PUT http://localhost:9617/api/Cache0 DELETE http://localhost:9617/api/Cache0 
610,Client2,http://localhost:9620/api/Client2,,false,610,CacheASide,Client,POST http://localhost:9617/api/Cache0 GET http://localhost:9617/api/Cache0 PUT http://localhost:9617/api/Cache0 DELETE http://localhost:9617/api/Cache0 
611,Client3,http://localhost:9621/api/Client3,,false,611,CacheASide,Client,POST http://localhost:9617/api/Cache0 GET http://localhost:9617/api/Cache0 PUT http://localhost:9617/api/Cache0 DELETE http://localhost:9617/api/Cache0 
612,Cache1,http://localhost:9622/api/Cache1,POST GET PUT DELETE ,false,612,CacheASide,Cache,
613,Client4,http://localhost:9623/api/Client4,,false,613,CacheASide,Client,POST http://localhost:9622/api/Cache1 GET http://localhost:9622/api/Cache1 PUT http://localhost:9622/api/Cache1 DELETE http://localhost:9622/api/Cache1 
614,Client5,http://localhost:9624/api/Client5,,false,614,CacheASide,Client,POST http://localhost:9622/api/Cache1 GET http://localhost:9622/api/Cache1 PUT http://localhost:9622/api/Cache1 DELETE http://localhost:9622/api/Cache1 
615,Client6,http://localhost:9625/api/Client6,,false,615,CacheASide,Client,POST http://localhost:9622/api/Cache1 GET http://localhost:9622/api/Cache1 PUT http://localhost:9622/api/Cache1 DELETE http://localhost:9622/api/Cache1 
616,Client7,http://localhost:9626/api/Client7,,false,616,CacheASide,Client,POST http://localhost:9622/api/Cache1 GET http://localhost:9622/api/Cache1 PUT http://localhost:9622/api/Cache1 DELETE http://localhost:9622/api/Cache1 
617,Client8,http://localhost:9627/api/Client8,,false,617,CacheASide,Client,POST http://localhost:9622/api/Cache1 GET http://localhost:9622/api/Cache1 PUT http://localhost:9622/api/Cache1 DELETE http://localhost:9622/api/Cache1 
618,Cache2,http://localhost:9628/api/Cache2,POST GET PUT DELETE ,false,618,CacheASide,Cache,
619,Client9,http://localhost:9629/api/Client9,,false,619,CacheASide,Client,POST http://localhost:9628/api/Cache2 GET http://localhost:9628/api/Cache2 PUT http://localhost:9628/api/Cache2 DELETE http://localhost:9628/api/Cache2 
620,Client10,http://localhost:9630/api/Client10,,false,620,CacheASide,Client,POST http://localhost:9628/api/Cache2 GET http://localhost:9628/api/Cache2 PUT http://localhost:9628/api/Cache2 DELETE http://localhost:9628/api/Cache2 
621,Client11,http://localhost:9631/api/Client11,,false,621,CacheASide,Client,POST http://localhost:9628/api/Cache2 GET http://localhost:9628/api/Cache2 PUT http://localhost:9628/api/Cache2 DELETE http://localhost:9628/api/Cache2 
622,Client12,http://localhost:9632/api/Client12,,false,622,CacheASide,Client,POST http://localhost:9628/api/Cache2 GET http://localhost:9628/api/Cache2 PUT http://localhost:9628/api/Cache2 DELETE http://localhost:9628/api/Cache2 
623,Client13,http://localhost:9633/api/Client13,,false,623,CacheASide,Client,POST http://localhost:9628/api/Cache2 GET http://localhost:9628/api/Cache2 PUT http://localhost:9628/api/Cache2 DELETE http://localhost:9628/api/Cache2 
624,Cache3,http://localhost:9634/api/Cache3,POST GET PUT DELETE ,false,624,CacheASide,Cache,
625,Client14,http://localhost:9635/api/Client14,,false,625,CacheASide,Client,POST http://localhost:9634/api/Cache3 GET http://localhost:9634/api/Cache3 PUT http://localhost:9634/api/Cache3 DELETE http://localhost:9634/api/Cache3 
626,Client15,http://localhost:9636/api/Client15,,false,626,CacheASide,Client,POST http://localhost:9634/api/Cache3 GET http://localhost:9634/api/Cache3 PUT http://localhost:9634/api/Cache3 DELETE http://localhost:9634/api/Cache3 
627,Cache4,http://localhost:9637/api/Cache4,POST GET PUT DELETE ,false,627,CacheASide,Cache,
628,Client16,http://localhost:9638/api/Client16,,false,628,CacheASide,Client,POST http://localhost:9637/api/Cache4 GET http://localhost:9637/api/Cache4 PUT http://localhost:9637/api/Cache4 DELETE http://localhost:9637/api/Cache4 
629,Client17,http://localhost:9639/api/Client17,,false,629,CacheASide,Client,POST http://localhost:9637/api/Cache4 GET http://localhost:9637/api/Cache4 PUT http://localhost:9637/api/Cache4 DELETE http://localhost:9637/api/Cache4 
630,Cache5,http://localhost:9640/api/Cache5,POST GET PUT DELETE ,false,630,CacheASide,Cache,
631,Client18,http://localhost:9641/api/Client18,,false,631,CacheASide,Client,POST http://localhost:9640/api/Cache5 GET http://localhost:9640/api/Cache5 PUT http://localhost:9640/api/Cache5 DELETE http://localhost:9640/api/Cache5 
632,Client19,http://localhost:9642/api/Client19,,false,632,CacheASide,Client,POST http://localhost:9640/api/Cache5 GET http://localhost:9640/api/Cache5 PUT http://localhost:9640/api/Cache5 DELETE http://localhost:9640/api/Cache5 
633,Client20,http://localhost:9643/api/Client20,,false,633,CacheASide,Client,POST http://localhost:9640/api/Cache5 GET http://localhost:9640/api/Cache5 PUT http://localhost:9640/api/Cache5 DELETE http://localhost:9640/api/Cache5 
634,Client21,http://localhost:9644/api/Client21,,false,634,CacheASide,Client,POST http://localhost:9640/api/Cache5 GET http://localhost:9640/api/Cache5 PUT http://localhost:9640/api/Cache5 DELETE http://localhost:9640/api/Cache5 
635,Client22,http://localhost:9645/api/Client22,,false,635,CacheASide,Client,POST http://localhost:9640/api/Cache5 GET http://localhost:9640/api/Cache5 PUT http://localhost:9640/api/Cache5 DELETE http://localhost:9640/api/Cache5 
636,Cache6,http://localhost:9646/api/Cache6,POST GET PUT DELETE ,false,636,CacheASide,Cache,
637,Client23,http://localhost:9647/api/Client23,,false,637,CacheASide,Client,POST http://localhost:9646/api/Cache6 GET http://localhost:9646/api/Cache6 PUT http://localhost:9646/api/Cache6 DELETE http://localhost:9646/api/Cache6 
638,Client24,http://localhost:9648/api/Client24,,false,638,CacheASide,Client,POST http://localhost:9646/api/Cache6 GET http://localhost:9646/api/Cache6 PUT http://localhost:9646/api/Cache6 DELETE http://localhost:9646/api/Cache6 
639,Client25,http://localhost:9649/api/Client25,,false,639,CacheASide,Client,POST http://localhost:9646/api/Cache6 GET http://localhost:9646/api/Cache6 PUT http://localhost:9646/api/Cache6 DELETE http://localhost:9646/api/Cache6 
640,Client26,http://localhost:9650/api/Client26,,false,640,CacheASide,Client,POST http://localhost:9646/api/Cache6 GET http://localhost:9646/api/Cache6 PUT http://localhost:9646/api/Cache6 DELETE http://localhost:9646/api/Cache6 
641,Client27,http://localhost:9651/api/Client27,,false,641,CacheASide,Client,POST http://localhost:9646/api/Cache6 GET http://localhost:9646/api/Cache6 PUT http://localhost:9646/api/Cache6 DELETE http://localhost:9646/api/Cache6 
642,Cache7,http://localhost:9652/api/Cache7,POST GET PUT DELETE ,false,642,CacheASide,Cache,
643,Client28,http://localhost:9653/api/Client28,,false,643,CacheASide,Client,POST http://localhost:9652/api/Cache7 GET http://localhost:9652/api/Cache7 PUT http://localhost:9652/api/Cache7 DELETE http://localhost:9652/api/Cache7 
644,Client29,http://localhost:9654/api/Client29,,false,644,CacheASide,Client,POST http://localhost:9652/api/Cache7 GET http://localhost:9652/api/Cache7 PUT http://localhost:9652/api/Cache7 DELETE http://localhost:9652/api/Cache7 
645,Client30,http://localhost:9655/api/Client30,,false,645,CacheASide,Client,POST http://localhost:9652/api/Cache7 GET http://localhost:9652/api/Cache7 PUT http://localhost:9652/api/Cache7 DELETE http://localhost:9652/api/Cache7 
646,Client31,http://localhost:9656/api/Client31,,false,646,CacheASide,Client,POST http://localhost:9652/api/Cache7 GET http://localhost:9652/api/Cache7 PUT http://localhost:9652/api/Cache7 DELETE http://localhost:9652/api/Cache7 
647,Client32,http://localhost:9657/api/Client32,,false,647,CacheASide,Client,POST http://localhost:9652/api/Cache7 GET http://localhost:9652/api/Cache7 PUT http://localhost:9652/api/Cache7 DELETE http://localhost:9652/api/Cache7 
648,Cache8,http://localhost:9658/api/Cache8,POST GET PUT DELETE ,false,648,CacheASide,Cache,
649,Client33,http://localhost:9659/api/Client33,,false,649,CacheASide,Client,POST http://localhost:9658/api/Cache8 GET http://localhost:9658/api/Cache8 PUT http://localhost:9658/api/Cache8 DELETE http://localhost:9658/api/Cache8 
650,Client34,http://localhost:9660/api/Client34,,false,650,CacheASide,Client,POST http://localhost:9658/api/Cache8 GET http://localhost:9658/api/Cache8 PUT http://localhost:9658/api/Cache8 DELETE http://localhost:9658/api/Cache8 
651,Client35,http://localhost:9661/api/Client35,,false,651,CacheASide,Client,POST http://localhost:9658/api/Cache8 GET http://localhost:9658/api/Cache8 PUT http://localhost:9658/api/Cache8 DELETE http://localhost:9658/api/Cache8 
652,Client36,http://localhost:9662/api/Client36,,false,652,CacheASide,Client,POST http://localhost:9658/api/Cache8 GET http://localhost:9658/api/Cache8 PUT http://localhost:9658/api/Cache8 DELETE http://localhost:9658/api/Cache8 
653,Cache9,http://localhost:9663/api/Cache9,POST GET PUT DELETE ,false,653,CacheASide,Cache,
654,Client37,http://localhost:9664/api/Client37,,false,654,CacheASide,Client,POST http://localhost:9663/api/Cache9 GET http://localhost:9663/api/Cache9 PUT http://localhost:9663/api/Cache9 DELETE http://localhost:9663/api/Cache9 
655,Client38,http://localhost:9665/api/Client38,,false,655,CacheASide,Client,POST http://localhost:9663/api/Cache9 GET http://localhost:9663/api/Cache9 PUT http://localhost:9663/api/Cache9 DELETE http://localhost:9663/api/Cache9 
656,Client39,http://localhost:9666/api/Client39,,false,656,CacheASide,Client,POST http://localhost:9663/api/Cache9 GET http://localhost:9663/api/Cache9 PUT http://localhost:9663/api/Cache9 DELETE http://localhost:9663/api/Cache9 
657,Client40,http://localhost:9667/api/Client40,,false,657,CacheASide,Client,POST http://localhost:9663/api/Cache9 GET http://localhost:9663/api/Cache9 PUT http://localhost:9663/api/Cache9 DELETE http://localhost:9663/api/Cache9 
658,Client41,http://localhost:9668/api/Client41,,false,658,CacheASide,Client,POST http://localhost:9663/api/Cache9 GET http://localhost:9663/api/Cache9 PUT http://localhost:9663/api/Cache9 DELETE http://localhost:9663/api/Cache9 
659,Cache10,http://localhost:9669/api/Cache10,POST GET PUT DELETE ,false,659,CacheASide,Cache,
660,Client42,http://localhost:9670/api/Client42,,false,660,CacheASide,Client,POST http://localhost:9669/api/Cache10 GET http://localhost:9669/api/Cache10 PUT http://localhost:9669/api/Cache10 DELETE http://localhost:9669/api/Cache10 
661,Cache11,http://localhost:9671/api/Cache11,POST GET PUT DELETE ,false,661,CacheASide,Cache,
662,Client43,http://localhost:9672/api/Client43,,false,662,CacheASide,Client,POST http://localhost:9671/api/Cache11 GET http://localhost:9671/api/Cache11 PUT http://localhost:9671/api/Cache11 DELETE http://localhost:9671/api/Cache11 
663,Client44,http://localhost:9673/api/Client44,,false,663,CacheASide,Client,POST http://localhost:9671/api/Cache11 GET http://localhost:9671/api/Cache11 PUT http://localhost:9671/api/Cache11 DELETE http://localhost:9671/api/Cache11 
664,Client45,http://localhost:9674/api/Client45,,false,664,CacheASide,Client,POST http://localhost:9671/api/Cache11 GET http://localhost:9671/api/Cache11 PUT http://localhost:9671/api/Cache11 DELETE http://localhost:9671/api/Cache11 
665,Cache12,http://localhost:9675/api/Cache12,POST GET PUT DELETE ,false,665,CacheASide,Cache,
666,Client46,http://localhost:9676/api/Client46,,false,666,CacheASide,Client,POST http://localhost:9675/api/Cache12 GET http://localhost:9675/api/Cache12 PUT http://localhost:9675/api/Cache12 DELETE http://localhost:9675/api/Cache12 
667,Client47,http://localhost:9677/api/Client47,,false,667,CacheASide,Client,POST http://localhost:9675/api/Cache12 GET http://localhost:9675/api/Cache12 PUT http://localhost:9675/api/Cache12 DELETE http://localhost:9675/api/Cache12 
668,Client48,http://localhost:9678/api/Client48,,false,668,CacheASide,Client,POST http://localhost:9675/api/Cache12 GET http://localhost:9675/api/Cache12 PUT http://localhost:9675/api/Cache12 DELETE http://localhost:9675/api/Cache12 
669,Client49,http://localhost:9679/api/Client49,,false,669,CacheASide,Client,POST http://localhost:9675/api/Cache12 GET http://localhost:9675/api/Cache12 PUT http://localhost:9675/api/Cache12 DELETE http://localhost:9675/api/Cache12 
670,Client50,http://localhost:9680/api/Client50,,false,670,CacheASide,Client,POST http://localhost:9675/api/Cache12 GET http://localhost:9675/api/Cache12 PUT http://localhost:9675/api/Cache12 DELETE http://localhost:9675/api/Cache12 
671,Cache13,http://localhost:9681/api/Cache13,POST GET PUT DELETE ,false,671,CacheASide,Cache,
672,Client51,http://localhost:9682/api/Client51,,false,672,CacheASide,Client,POST http://localhost:9681/api/Cache13 GET http://localhost:9681/api/Cache13 PUT http://localhost:9681/api/Cache13 DELETE http://localhost:9681/api/Cache13 
673,Client52,http://localhost:9683/api/Client52,,false,673,CacheASide,Client,POST http://localhost:9681/api/Cache13 GET http://localhost:9681/api/Cache13 PUT http://localhost:9681/api/Cache13 DELETE http://localhost:9681/api/Cache13 
674,Client53,http://localhost:9684/api/Client53,,false,674,CacheASide,Client,POST http://localhost:9681/api/Cache13 GET http://localhost:9681/api/Cache13 PUT http://localhost:9681/api/Cache13 DELETE http://localhost:9681/api/Cache13 
675,Cache14,http://localhost:9685/api/Cache14,POST GET PUT DELETE ,false,675,CacheASide,Cache,
676,Client54,http://localhost:9686/api/Client54,,false,676,CacheASide,Client,POST http://localhost:9685/api/Cache14 GET http://localhost:9685/api/Cache14 PUT http://localhost:9685/api/Cache14 DELETE http://localhost:9685/api/Cache14 
677,Client55,http://localhost:9687/api/Client55,,false,677,CacheASide,Client,POST http://localhost:9685/api/Cache14 GET http://localhost:9685/api/Cache14 PUT http://localhost:9685/api/Cache14 DELETE http://localhost:9685/api/Cache14 
678,Client56,http://localhost:9688/api/Client56,,false,678,CacheASide,Client,POST http://localhost:9685/api/Cache14 GET http://localhost:9685/api/Cache14 PUT http://localhost:9685/api/Cache14 DELETE http://localhost:9685/api/Cache14 
679,Cache15,http://localhost:9689/api/Cache15,POST GET PUT DELETE ,false,679,CacheASide,Cache,
680,Client57,http://localhost:9690/api/Client57,,false,680,CacheASide,Client,POST http://localhost:9689/api/Cache15 GET http://localhost:9689/api/Cache15 PUT http://localhost:9689/api/Cache15 DELETE http://localhost:9689/api/Cache15 
681,Client58,http://localhost:9691/api/Client58,,false,681,CacheASide,Client,POST http://localhost:9689/api/Cache15 GET http://localhost:9689/api/Cache15 PUT http://localhost:9689/api/Cache15 DELETE http://localhost:9689/api/Cache15 
682,Client59,http://localhost:9692/api/Client59,,false,682,CacheASide,Client,POST http://localhost:9689/api/Cache15 GET http://localhost:9689/api/Cache15 PUT http://localhost:9689/api/Cache15 DELETE http://localhost:9689/api/Cache15 
683,Client60,http://localhost:9693/api/Client60,,false,683,CacheASide,Client,POST http://localhost:9689/api/Cache15 GET http://localhost:9689/api/Cache15 PUT http://localhost:9689/api/Cache15 DELETE http://localhost:9689/api/Cache15 
684,Cache16,http://localhost:9694/api/Cache16,POST GET PUT DELETE ,false,684,CacheASide,Cache,
685,Client61,http://localhost:9695/api/Client61,,false,685,CacheASide,Client,POST http://localhost:9694/api/Cache16 GET http://localhost:9694/api/Cache16 PUT http://localhost:9694/api/Cache16 DELETE http://localhost:9694/api/Cache16 
686,Client62,http://localhost:9696/api/Client62,,false,686,CacheASide,Client,POST http://localhost:9694/api/Cache16 GET http://localhost:9694/api/Cache16 PUT http://localhost:9694/api/Cache16 DELETE http://localhost:9694/api/Cache16 
687,Client63,http://localhost:9697/api/Client63,,false,687,CacheASide,Client,POST http://localhost:9694/api/Cache16 GET http://localhost:9694/api/Cache16 PUT http://localhost:9694/api/Cache16 DELETE http://localhost:9694/api/Cache16 
688,Client64,http://localhost:9698/api/Client64,,false,688,CacheASide,Client,POST http://localhost:9694/api/Cache16 GET http://localhost:9694/api/Cache16 PUT http://localhost:9694/api/Cache16 DELETE http://localhost:9694/api/Cache16 
689,Cache17,http://localhost:9699/api/Cache17,POST GET PUT DELETE ,false,689,CacheASide,Cache,
690,Client65,http://localhost:9700/api/Client65,,false,690,CacheASide,Client,POST http://localhost:9699/api/Cache17 GET http://localhost:9699/api/Cache17 PUT http://localhost:9699/api/Cache17 DELETE http://localhost:9699/api/Cache17 
691,Client66,http://localhost:9701/api/Client66,,false,691,CacheASide,Client,POST http://localhost:9699/api/Cache17 GET http://localhost:9699/api/Cache17 PUT http://localhost:9699/api/Cache17 DELETE http://localhost:9699/api/Cache17 
692,Client67,http://localhost:9702/api/Client67,,false,692,CacheASide,Client,POST http://localhost:9699/api/Cache17 GET http://localhost:9699/api/Cache17 PUT http://localhost:9699/api/Cache17 DELETE http://localhost:9699/api/Cache17 
693,Client68,http://localhost:9703/api/Client68,,false,693,CacheASide,Client,POST http://localhost:9699/api/Cache17 GET http://localhost:9699/api/Cache17 PUT http://localhost:9699/api/Cache17 DELETE http://localhost:9699/api/Cache17 
694,Client69,http://localhost:9704/api/Client69,,false,694,CacheASide,Client,POST http://localhost:9699/api/Cache17 GET http://localhost:9699/api/Cache17 PUT http://localhost:9699/api/Cache17 DELETE http://localhost:9699/api/Cache17 
695,Cache18,http://localhost:9705/api/Cache18,POST GET PUT DELETE ,false,695,CacheASide,Cache,
696,Client70,http://localhost:9706/api/Client70,,false,696,CacheASide,Client,POST http://localhost:9705/api/Cache18 GET http://localhost:9705/api/Cache18 PUT http://localhost:9705/api/Cache18 DELETE http://localhost:9705/api/Cache18 
697,Cache19,http://localhost:9707/api/Cache19,POST GET PUT DELETE ,false,697,CacheASide,Cache,
698,Client71,http://localhost:9708/api/Client71,,false,698,CacheASide,Client,POST http://localhost:9707/api/Cache19 GET http://localhost:9707/api/Cache19 PUT http://localhost:9707/api/Cache19 DELETE http://localhost:9707/api/Cache19 
699,Client72,http://localhost:9709/api/Client72,,false,699,CacheASide,Client,POST http://localhost:9707/api/Cache19 GET http://localhost:9707/api/Cache19 PUT http://localhost:9707/api/Cache19 DELETE http://localhost:9707/api/Cache19 
700,Client73,http://localhost:9710/api/Client73,,false,700,CacheASide,Client,POST http://localhost:9707/api/Cache19 GET http://localhost:9707/api/Cache19 PUT http://localhost:9707/api/Cache19 DELETE http://localhost:9707/api/Cache19 
701,Client74,http://localhost:9711/api/Client74,,false,701,CacheASide,Client,POST http://localhost:9707/api/Cache19 GET http://localhost:9707/api/Cache19 PUT http://localhost:9707/api/Cache19 DELETE http://localhost:9707/api/Cache19 
702,Cache20,http://localhost:9712/api/Cache20,POST GET PUT DELETE ,false,702,CacheASide,Cache,
703,Client75,http://localhost:9713/api/Client75,,false,703,CacheASide,Client,POST http://localhost:9712/api/Cache20 GET http://localhost:9712/api/Cache20 PUT http://localhost:9712/api/Cache20 DELETE http://localhost:9712/api/Cache20 
704,Client76,http://localhost:9714/api/Client76,,false,704,CacheASide,Client,POST http://localhost:9712/api/Cache20 GET http://localhost:9712/api/Cache20 PUT http://localhost:9712/api/Cache20 DELETE http://localhost:9712/api/Cache20 
705,Client77,http://localhost:9715/api/Client77,,false,705,CacheASide,Client,POST http://localhost:9712/api/Cache20 GET http://localhost:9712/api/Cache20 PUT http://localhost:9712/api/Cache20 DELETE http://localhost:9712/api/Cache20 
706,Client78,http://localhost:9716/api/Client78,,false,706,CacheASide,Client,POST http://localhost:9712/api/Cache20 GET http://localhost:9712/api/Cache20 PUT http://localhost:9712/api/Cache20 DELETE http://localhost:9712/api/Cache20 
707,Cache21,http://localhost:9717/api/Cache21,POST GET PUT DELETE ,false,707,CacheASide,Cache,
708,Client79,http://localhost:9718/api/Client79,,false,708,CacheASide,Client,POST http://localhost:9717/api/Cache21 GET http://localhost:9717/api/Cache21 PUT http://localhost:9717/api/Cache21 DELETE http://localhost:9717/api/Cache21 
709,Client80,http://localhost:9719/api/Client80,,false,709,CacheASide,Client,POST http://localhost:9717/api/Cache21 GET http://localhost:9717/api/Cache21 PUT http://localhost:9717/api/Cache21 DELETE http://localhost:9717/api/Cache21 
710,Cache22,http://localhost:9720/api/Cache22,POST GET PUT DELETE ,false,710,CacheASide,Cache,
711,Client81,http://localhost:9721/api/Client81,,false,711,CacheASide,Client,POST http://localhost:9720/api/Cache22 GET http://localhost:9720/api/Cache22 PUT http://localhost:9720/api/Cache22 DELETE http://localhost:9720/api/Cache22 
712,Client82,http://localhost:9722/api/Client82,,false,712,CacheASide,Client,POST http://localhost:9720/api/Cache22 GET http://localhost:9720/api/Cache22 PUT http://localhost:9720/api/Cache22 DELETE http://localhost:9720/api/Cache22 
713,Cache23,http://localhost:9723/api/Cache23,POST GET PUT DELETE ,false,713,CacheASide,Cache,
714,Client83,http://localhost:9724/api/Client83,,false,714,CacheASide,Client,POST http://localhost:9723/api/Cache23 GET http://localhost:9723/api/Cache23 PUT http://localhost:9723/api/Cache23 DELETE http://localhost:9723/api/Cache23 
715,Client84,http://localhost:9725/api/Client84,,false,715,CacheASide,Client,POST http://localhost:9723/api/Cache23 GET http://localhost:9723/api/Cache23 PUT http://localhost:9723/api/Cache23 DELETE http://localhost:9723/api/Cache23 
716,Client85,http://localhost:9726/api/Client85,,false,716,CacheASide,Client,POST http://localhost:9723/api/Cache23 GET http://localhost:9723/api/Cache23 PUT http://localhost:9723/api/Cache23 DELETE http://localhost:9723/api/Cache23 
717,Client86,http://localhost:9727/api/Client86,,false,717,CacheASide,Client,POST http://localhost:9723/api/Cache23 GET http://localhost:9723/api/Cache23 PUT http://localhost:9723/api/Cache23 DELETE http://localhost:9723/api/Cache23 
718,Client87,http://localhost:9728/api/Client87,,false,718,CacheASide,Client,POST http://localhost:9723/api/Cache23 GET http://localhost:9723/api/Cache23 PUT http://localhost:9723/api/Cache23 DELETE http://localhost:9723/api/Cache23 
719,Cache24,http://localhost:9729/api/Cache24,POST GET PUT DELETE ,false,719,CacheASide,Cache,
720,Client88,http://localhost:9730/api/Client88,,false,720,CacheASide,Client,POST http://localhost:9729/api/Cache24 GET http://localhost:9729/api/Cache24 PUT http://localhost:9729/api/Cache24 DELETE http://localhost:9729/api/Cache24 
721,Cache25,http://localhost:9731/api/Cache25,POST GET PUT DELETE ,false,721,CacheASide,Cache,
722,Client89,http://localhost:9732/api/Client89,,false,722,CacheASide,Client,POST http://localhost:9731/api/Cache25 GET http://localhost:9731/api/Cache25 PUT http://localhost:9731/api/Cache25 DELETE http://localhost:9731/api/Cache25 
723,Client90,http://localhost:9733/api/Client90,,false,723,CacheASide,Client,POST http://localhost:9731/api/Cache25 GET http://localhost:9731/api/Cache25 PUT http://localhost:9731/api/Cache25 DELETE http://localhost:9731/api/Cache25 
724,Cache26,http://localhost:9734/api/Cache26,POST GET PUT DELETE ,false,724,CacheASide,Cache,
725,Client91,http://localhost:9735/api/Client91,,false,725,CacheASide,Client,POST http://localhost:9734/api/Cache26 GET http://localhost:9734/api/Cache26 PUT http://localhost:9734/api/Cache26 DELETE http://localhost:9734/api/Cache26 
726,Client92,http://localhost:9736/api/Client92,,false,726,CacheASide,Client,POST http://localhost:9734/api/Cache26 GET http://localhost:9734/api/Cache26 PUT http://localhost:9734/api/Cache26 DELETE http://localhost:9734/api/Cache26 
727,Cache27,http://localhost:9737/api/Cache27,POST GET PUT DELETE ,false,727,CacheASide,Cache,
728,Client93,http://localhost:9738/api/Client93,,false,728,CacheASide,Client,POST http://localhost:9737/api/Cache27 GET http://localhost:9737/api/Cache27 PUT http://localhost:9737/api/Cache27 DELETE http://localhost:9737/api/Cache27 
729,Client94,http://localhost:9739/api/Client94,,false,729,CacheASide,Client,POST http://localhost:9737/api/Cache27 GET http://localhost:9737/api/Cache27 PUT http://localhost:9737/api/Cache27 DELETE http://localhost:9737/api/Cache27 
730,Client95,http://localhost:9740/api/Client95,,false,730,CacheASide,Client,POST http://localhost:9737/api/Cache27 GET http://localhost:9737/api/Cache27 PUT http://localhost:9737/api/Cache27 DELETE http://localhost:9737/api/Cache27 
731,Client96,http://localhost:9741/api/Client96,,false,731,CacheASide,Client,POST http://localhost:9737/api/Cache27 GET http://localhost:9737/api/Cache27 PUT http://localhost:9737/api/Cache27 DELETE http://localhost:9737/api/Cache27 
732,Client97,http://localhost:9742/api/Client97,,false,732,CacheASide,Client,POST http://localhost:9737/api/Cache27 GET http://localhost:9737/api/Cache27 PUT http://localhost:9737/api/Cache27 DELETE http://localhost:9737/api/Cache27 
733,Cache28,http://localhost:9743/api/Cache28,POST GET PUT DELETE ,false,733,CacheASide,Cache,
734,Client98,http://localhost:9744/api/Client98,,false,734,CacheASide,Client,POST http://localhost:9743/api/Cache28 GET http://localhost:9743/api/Cache28 PUT http://localhost:9743/api/Cache28 DELETE http://localhost:9743/api/Cache28 
735,Client99,http://localhost:9745/api/Client99,,false,735,CacheASide,Client,POST http://localhost:9743/api/Cache28 GET http://localhost:9743/api/Cache28 PUT http://localhost:9743/api/Cache28 DELETE http://localhost:9743/api/Cache28 
736,Client100,http://localhost:9746/api/Client100,,false,736,CacheASide,Client,POST http://localhost:9743/api/Cache28 GET http://localhost:9743/api/Cache28 PUT http://localhost:9743/api/Cache28 DELETE http://localhost:9743/api/Cache28 
737,Client101,http://localhost:9747/api/Client101,,false,737,CacheASide,Client,POST http://localhost:9743/api/Cache28 GET http://localhost:9743/api/Cache28 PUT http://localhost:9743/api/Cache28 DELETE http://localhost:9743/api/Cache28 
738,Cache29,http://localhost:9748/api/Cache29,POST GET PUT DELETE ,false,738,CacheASide,Cache,
739,Client102,http://localhost:9749/api/Client102,,false,739,CacheASide,Client,POST http://localhost:9748/api/Cache29 GET http://localhost:9748/api/Cache29 PUT http://localhost:9748/api/Cache29 DELETE http://localhost:9748/api/Cache29 
740,Client103,http://localhost:9750/api/Client103,,false,740,CacheASide,Client,POST http://localhost:9748/api/Cache29 GET http://localhost:9748/api/Cache29 PUT http://localhost:9748/api/Cache29 DELETE http://localhost:9748/api/Cache29 
741,Client104,http://localhost:9751/api/Client104,,false,741,CacheASide,Client,POST http://localhost:9748/api/Cache29 GET http://localhost:9748/api/Cache29 PUT http://localhost:9748/api/Cache29 DELETE http://localhost:9748/api/Cache29 
742,Client105,http://localhost:9752/api/Client105,,false,742,CacheASide,Client,POST http://localhost:9748/api/Cache29 GET http://localhost:9748/api/Cache29 PUT http://localhost:9748/api/Cache29 DELETE http://localhost:9748/api/Cache29 
743,Cache30,http://localhost:9753/api/Cache30,POST GET PUT DELETE ,false,743,CacheASide,Cache,
744,Client106,http://localhost:9754/api/Client106,,false,744,CacheASide,Client,POST http://localhost:9753/api/Cache30 GET http://localhost:9753/api/Cache30 PUT http://localhost:9753/api/Cache30 DELETE http://localhost:9753/api/Cache30 
745,Client107,http://localhost:9755/api/Client107,,false,745,CacheASide,Client,POST http://localhost:9753/api/Cache30 GET http://localhost:9753/api/Cache30 PUT http://localhost:9753/api/Cache30 DELETE http://localhost:9753/api/Cache30 
746,Client108,http://localhost:9756/api/Client108,,false,746,CacheASide,Client,POST http://localhost:9753/api/Cache30 GET http://localhost:9753/api/Cache30 PUT http://localhost:9753/api/Cache30 DELETE http://localhost:9753/api/Cache30 
747,Client109,http://localhost:9757/api/Client109,,false,747,CacheASide,Client,POST http://localhost:9753/api/Cache30 GET http://localhost:9753/api/Cache30 PUT http://localhost:9753/api/Cache30 DELETE http://localhost:9753/api/Cache30 
748,Cache31,http://localhost:9758/api/Cache31,POST GET PUT DELETE ,false,748,CacheASide,Cache,
749,Client110,http://localhost:9759/api/Client110,,false,749,CacheASide,Client,POST http://localhost:9758/api/Cache31 GET http://localhost:9758/api/Cache31 PUT http://localhost:9758/api/Cache31 DELETE http://localhost:9758/api/Cache31 
750,Client111,http://localhost:9760/api/Client111,,false,750,CacheASide,Client,POST http://localhost:9758/api/Cache31 GET http://localhost:9758/api/Cache31 PUT http://localhost:9758/api/Cache31 DELETE http://localhost:9758/api/Cache31 
751,Client112,http://localhost:9761/api/Client112,,false,751,CacheASide,Client,POST http://localhost:9758/api/Cache31 GET http://localhost:9758/api/Cache31 PUT http://localhost:9758/api/Cache31 DELETE http://localhost:9758/api/Cache31 
752,Client113,http://localhost:9762/api/Client113,,false,752,CacheASide,Client,POST http://localhost:9758/api/Cache31 GET http://localhost:9758/api/Cache31 PUT http://localhost:9758/api/Cache31 DELETE http://localhost:9758/api/Cache31 
753,Cache32,http://localhost:9763/api/Cache32,POST GET PUT DELETE ,false,753,CacheASide,Cache,
754,Client114,http://localhost:9764/api/Client114,,false,754,CacheASide,Client,POST http://localhost:9763/api/Cache32 GET http://localhost:9763/api/Cache32 PUT http://localhost:9763/api/Cache32 DELETE http://localhost:9763/api/Cache32 
755,Client115,http://localhost:9765/api/Client115,,false,755,CacheASide,Client,POST http://localhost:9763/api/Cache32 GET http://localhost:9763/api/Cache32 PUT http://localhost:9763/api/Cache32 DELETE http://localhost:9763/api/Cache32 
756,Client116,http://localhost:9766/api/Client116,,false,756,CacheASide,Client,POST http://localhost:9763/api/Cache32 GET http://localhost:9763/api/Cache32 PUT http://localhost:9763/api/Cache32 DELETE http://localhost:9763/api/Cache32 
757,Client117,http://localhost:9767/api/Client117,,false,757,CacheASide,Client,POST http://localhost:9763/api/Cache32 GET http://localhost:9763/api/Cache32 PUT http://localhost:9763/api/Cache32 DELETE http://localhost:9763/api/Cache32 
758,Client118,http://localhost:9768/api/Client118,,false,758,CacheASide,Client,POST http://localhost:9763/api/Cache32 GET http://localhost:9763/api/Cache32 PUT http://localhost:9763/api/Cache32 DELETE http://localhost:9763/api/Cache32 
759,Cache33,http://localhost:9769/api/Cache33,POST GET PUT DELETE ,false,759,CacheASide,Cache,
760,Client119,http://localhost:9770/api/Client119,,false,760,CacheASide,Client,POST http://localhost:9769/api/Cache33 GET http://localhost:9769/api/Cache33 PUT http://localhost:9769/api/Cache33 DELETE http://localhost:9769/api/Cache33 
761,Cache34,http://localhost:9771/api/Cache34,POST GET PUT DELETE ,false,761,CacheASide,Cache,
762,Client120,http://localhost:9772/api/Client120,,false,762,CacheASide,Client,POST http://localhost:9771/api/Cache34 GET http://localhost:9771/api/Cache34 PUT http://localhost:9771/api/Cache34 DELETE http://localhost:9771/api/Cache34 
763,Client121,http://localhost:9773/api/Client121,,false,763,CacheASide,Client,POST http://localhost:9771/api/Cache34 GET http://localhost:9771/api/Cache34 PUT http://localhost:9771/api/Cache34 DELETE http://localhost:9771/api/Cache34 
764,Client122,http://localhost:9774/api/Client122,,false,764,CacheASide,Client,POST http://localhost:9771/api/Cache34 GET http://localhost:9771/api/Cache34 PUT http://localhost:9771/api/Cache34 DELETE http://localhost:9771/api/Cache34 
765,Cache35,http://localhost:9775/api/Cache35,POST GET PUT DELETE ,false,765,CacheASide,Cache,
766,Client123,http://localhost:9776/api/Client123,,false,766,CacheASide,Client,POST http://localhost:9775/api/Cache35 GET http://localhost:9775/api/Cache35 PUT http://localhost:9775/api/Cache35 DELETE http://localhost:9775/api/Cache35 
767,Client124,http://localhost:9777/api/Client124,,false,767,CacheASide,Client,POST http://localhost:9775/api/Cache35 GET http://localhost:9775/api/Cache35 PUT http://localhost:9775/api/Cache35 DELETE http://localhost:9775/api/Cache35 
768,Client125,http://localhost:9778/api/Client125,,false,768,CacheASide,Client,POST http://localhost:9775/api/Cache35 GET http://localhost:9775/api/Cache35 PUT http://localhost:9775/api/Cache35 DELETE http://localhost:9775/api/Cache35 
769,Client126,http://localhost:9779/api/Client126,,false,769,CacheASide,Client,POST http://localhost:9775/api/Cache35 GET http://localhost:9775/api/Cache35 PUT http://localhost:9775/api/Cache35 DELETE http://localhost:9775/api/Cache35 
770,Client127,http://localhost:9780/api/Client127,,false,770,CacheASide,Client,POST http://localhost:9775/api/Cache35 GET http://localhost:9775/api/Cache35 PUT http://localhost:9775/api/Cache35 DELETE http://localhost:9775/api/Cache35 
771,Cache36,http://localhost:9781/api/Cache36,POST GET PUT DELETE ,false,771,CacheASide,Cache,
772,Client128,http://localhost:9782/api/Client128,,false,772,CacheASide,Client,POST http://localhost:9781/api/Cache36 GET http://localhost:9781/api/Cache36 PUT http://localhost:9781/api/Cache36 DELETE http://localhost:9781/api/Cache36 
773,Cache37,http://localhost:9783/api/Cache37,POST GET PUT DELETE ,false,773,CacheASide,Cache,
774,Client129,http://localhost:9784/api/Client129,,false,774,CacheASide,Client,POST http://localhost:9783/api/Cache37 GET http://localhost:9783/api/Cache37 PUT http://localhost:9783/api/Cache37 DELETE http://localhost:9783/api/Cache37 
775,Client130,http://localhost:9785/api/Client130,,false,775,CacheASide,Client,POST http://localhost:9783/api/Cache37 GET http://localhost:9783/api/Cache37 PUT http://localhost:9783/api/Cache37 DELETE http://localhost:9783/api/Cache37 
776,Client131,http://localhost:9786/api/Client131,,false,776,CacheASide,Client,POST http://localhost:9783/api/Cache37 GET http://localhost:9783/api/Cache37 PUT http://localhost:9783/api/Cache37 DELETE http://localhost:9783/api/Cache37 
777,Client132,http://localhost:9787/api/Client132,,false,777,CacheASide,Client,POST http://localhost:9783/api/Cache37 GET http://localhost:9783/api/Cache37 PUT http://localhost:9783/api/Cache37 DELETE http://localhost:9783/api/Cache37 
778,Client133,http://localhost:9788/api/Client133,,false,778,CacheASide,Client,POST http://localhost:9783/api/Cache37 GET http://localhost:9783/api/Cache37 PUT http://localhost:9783/api/Cache37 DELETE http://localhost:9783/api/Cache37 
779,Cache38,http://localhost:9789/api/Cache38,POST GET PUT DELETE ,false,779,CacheASide,Cache,
780,Client134,http://localhost:9790/api/Client134,,false,780,CacheASide,Client,POST http://localhost:9789/api/Cache38 GET http://localhost:9789/api/Cache38 PUT http://localhost:9789/api/Cache38 DELETE http://localhost:9789/api/Cache38 
781,Client135,http://localhost:9791/api/Client135,,false,781,CacheASide,Client,POST http://localhost:9789/api/Cache38 GET http://localhost:9789/api/Cache38 PUT http://localhost:9789/api/Cache38 DELETE http://localhost:9789/api/Cache38 
782,Client136,http://localhost:9792/api/Client136,,false,782,CacheASide,Client,POST http://localhost:9789/api/Cache38 GET http://localhost:9789/api/Cache38 PUT http://localhost:9789/api/Cache38 DELETE http://localhost:9789/api/Cache38 
783,Client137,http://localhost:9793/api/Client137,,false,783,CacheASide,Client,POST http://localhost:9789/api/Cache38 GET http://localhost:9789/api/Cache38 PUT http://localhost:9789/api/Cache38 DELETE http://localhost:9789/api/Cache38 
784,Client138,http://localhost:9794/api/Client138,,false,784,CacheASide,Client,POST http://localhost:9789/api/Cache38 GET http://localhost:9789/api/Cache38 PUT http://localhost:9789/api/Cache38 DELETE http://localhost:9789/api/Cache38 
785,Cache39,http://localhost:9795/api/Cache39,POST GET PUT DELETE ,false,785,CacheASide,Cache,
786,Client139,http://localhost:9796/api/Client139,,false,786,CacheASide,Client,POST http://localhost:9795/api/Cache39 GET http://localhost:9795/api/Cache39 PUT http://localhost:9795/api/Cache39 DELETE http://localhost:9795/api/Cache39 
787,Client140,http://localhost:9797/api/Client140,,false,787,CacheASide,Client,POST http://localhost:9795/api/Cache39 GET http://localhost:9795/api/Cache39 PUT http://localhost:9795/api/Cache39 DELETE http://localhost:9795/api/Cache39 
788,Client141,http://localhost:9798/api/Client141,,false,788,CacheASide,Client,POST http://localhost:9795/api/Cache39 GET http://localhost:9795/api/Cache39 PUT http://localhost:9795/api/Cache39 DELETE http://localhost:9795/api/Cache39 
789,Cache40,http://localhost:9799/api/Cache40,POST GET PUT DELETE ,false,789,CacheASide,Cache,
790,Client142,http://localhost:9800/api/Client142,,false,790,CacheASide,Client,POST http://localhost:9799/api/Cache40 GET http://localhost:9799/api/Cache40 PUT http://localhost:9799/api/Cache40 DELETE http://localhost:9799/api/Cache40 
791,Client143,http://localhost:9801/api/Client143,,false,791,CacheASide,Client,POST http://localhost:9799/api/Cache40 GET http://localhost:9799/api/Cache40 PUT http://localhost:9799/api/Cache40 DELETE http://localhost:9799/api/Cache40 
792,Client144,http://localhost:9802/api/Client144,,false,792,CacheASide,Client,POST http://localhost:9799/api/Cache40 GET http://localhost:9799/api/Cache40 PUT http://localhost:9799/api/Cache40 DELETE http://localhost:9799/api/Cache40 
793,Client145,http://localhost:9803/api/Client145,,false,793,CacheASide,Client,POST http://localhost:9799/api/Cache40 GET http://localhost:9799/api/Cache40 PUT http://localhost:9799/api/Cache40 DELETE http://localhost:9799/api/Cache40 
794,Client146,http://localhost:9804/api/Client146,,false,794,CacheASide,Client,POST http://localhost:9799/api/Cache40 GET http://localhost:9799/api/Cache40 PUT http://localhost:9799/api/Cache40 DELETE http://localhost:9799/api/Cache40 
795,Cache41,http://localhost:9805/api/Cache41,POST GET PUT DELETE ,false,795,CacheASide,Cache,
796,Client147,http://localhost:9806/api/Client147,,false,796,CacheASide,Client,POST http://localhost:9805/api/Cache41 GET http://localhost:9805/api/Cache41 PUT http://localhost:9805/api/Cache41 DELETE http://localhost:9805/api/Cache41 
797,Client148,http://localhost:9807/api/Client148,,false,797,CacheASide,Client,POST http://localhost:9805/api/Cache41 GET http://localhost:9805/api/Cache41 PUT http://localhost:9805/api/Cache41 DELETE http://localhost:9805/api/Cache41 
798,Client149,http://localhost:9808/api/Client149,,false,798,CacheASide,Client,POST http://localhost:9805/api/Cache41 GET http://localhost:9805/api/Cache41 PUT http://localhost:9805/api/Cache41 DELETE http://localhost:9805/api/Cache41 
799,Cache42,http://localhost:9809/api/Cache42,POST GET PUT DELETE ,false,799,CacheASide,Cache,
800,Client150,http://localhost:9810/api/Client150,,false,800,CacheASide,Client,POST http://localhost:9809/api/Cache42 GET http://localhost:9809/api/Cache42 PUT http://localhost:9809/api/Cache42 DELETE http://localhost:9809/api/Cache42 
801,Client151,http://localhost:9811/api/Client151,,false,801,CacheASide,Client,POST http://localhost:9809/api/Cache42 GET http://localhost:9809/api/Cache42 PUT http://localhost:9809/api/Cache42 DELETE http://localhost:9809/api/Cache42 
802,Client152,http://localhost:9812/api/Client152,,false,802,CacheASide,Client,POST http://localhost:9809/api/Cache42 GET http://localhost:9809/api/Cache42 PUT http://localhost:9809/api/Cache42 DELETE http://localhost:9809/api/Cache42 
803,Client153,http://localhost:9813/api/Client153,,false,803,CacheASide,Client,POST http://localhost:9809/api/Cache42 GET http://localhost:9809/api/Cache42 PUT http://localhost:9809/api/Cache42 DELETE http://localhost:9809/api/Cache42 
804,Client154,http://localhost:9814/api/Client154,,false,804,CacheASide,Client,POST http://localhost:9809/api/Cache42 GET http://localhost:9809/api/Cache42 PUT http://localhost:9809/api/Cache42 DELETE http://localhost:9809/api/Cache42 
805,Cache43,http://localhost:9815/api/Cache43,POST GET PUT DELETE ,false,805,CacheASide,Cache,
806,Client155,http://localhost:9816/api/Client155,,false,806,CacheASide,Client,POST http://localhost:9815/api/Cache43 GET http://localhost:9815/api/Cache43 PUT http://localhost:9815/api/Cache43 DELETE http://localhost:9815/api/Cache43 
807,Client156,http://localhost:9817/api/Client156,,false,807,CacheASide,Client,POST http://localhost:9815/api/Cache43 GET http://localhost:9815/api/Cache43 PUT http://localhost:9815/api/Cache43 DELETE http://localhost:9815/api/Cache43 
808,Client157,http://localhost:9818/api/Client157,,false,808,CacheASide,Client,POST http://localhost:9815/api/Cache43 GET http://localhost:9815/api/Cache43 PUT http://localhost:9815/api/Cache43 DELETE http://localhost:9815/api/Cache43 
809,Client158,http://localhost:9819/api/Client158,,false,809,CacheASide,Client,POST http://localhost:9815/api/Cache43 GET http://localhost:9815/api/Cache43 PUT http://localhost:9815/api/Cache43 DELETE http://localhost:9815/api/Cache43 
810,Client159,http://localhost:9820/api/Client159,,false,810,CacheASide,Client,POST http://localhost:9815/api/Cache43 GET http://localhost:9815/api/Cache43 PUT http://localhost:9815/api/Cache43 DELETE http://localhost:9815/api/Cache43 
811,Cache44,http://localhost:9821/api/Cache44,POST GET PUT DELETE ,false,811,CacheASide,Cache,
812,Client160,http://localhost:9822/api/Client160,,false,812,CacheASide,Client,POST http://localhost:9821/api/Cache44 GET http://localhost:9821/api/Cache44 PUT http://localhost:9821/api/Cache44 DELETE http://localhost:9821/api/Cache44 
813,Client161,http://localhost:9823/api/Client161,,false,813,CacheASide,Client,POST http://localhost:9821/api/Cache44 GET http://localhost:9821/api/Cache44 PUT http://localhost:9821/api/Cache44 DELETE http://localhost:9821/api/Cache44 
814,Cache45,http://localhost:9824/api/Cache45,POST GET PUT DELETE ,false,814,CacheASide,Cache,
815,Client162,http://localhost:9825/api/Client162,,false,815,CacheASide,Client,POST http://localhost:9824/api/Cache45 GET http://localhost:9824/api/Cache45 PUT http://localhost:9824/api/Cache45 DELETE http://localhost:9824/api/Cache45 
816,Client163,http://localhost:9826/api/Client163,,false,816,CacheASide,Client,POST http://localhost:9824/api/Cache45 GET http://localhost:9824/api/Cache45 PUT http://localhost:9824/api/Cache45 DELETE http://localhost:9824/api/Cache45 
817,Cache46,http://localhost:9827/api/Cache46,POST GET PUT DELETE ,false,817,CacheASide,Cache,
818,Client164,http://localhost:9828/api/Client164,,false,818,CacheASide,Client,POST http://localhost:9827/api/Cache46 GET http://localhost:9827/api/Cache46 PUT http://localhost:9827/api/Cache46 DELETE http://localhost:9827/api/Cache46 
819,Cache47,http://localhost:9829/api/Cache47,POST GET PUT DELETE ,false,819,CacheASide,Cache,
820,Client165,http://localhost:9830/api/Client165,,false,820,CacheASide,Client,POST http://localhost:9829/api/Cache47 GET http://localhost:9829/api/Cache47 PUT http://localhost:9829/api/Cache47 DELETE http://localhost:9829/api/Cache47 
821,Client166,http://localhost:9831/api/Client166,,false,821,CacheASide,Client,POST http://localhost:9829/api/Cache47 GET http://localhost:9829/api/Cache47 PUT http://localhost:9829/api/Cache47 DELETE http://localhost:9829/api/Cache47 
822,Client167,http://localhost:9832/api/Client167,,false,822,CacheASide,Client,POST http://localhost:9829/api/Cache47 GET http://localhost:9829/api/Cache47 PUT http://localhost:9829/api/Cache47 DELETE http://localhost:9829/api/Cache47 
823,Client168,http://localhost:9833/api/Client168,,false,823,CacheASide,Client,POST http://localhost:9829/api/Cache47 GET http://localhost:9829/api/Cache47 PUT http://localhost:9829/api/Cache47 DELETE http://localhost:9829/api/Cache47 
824,Cache48,http://localhost:9834/api/Cache48,POST GET PUT DELETE ,false,824,CacheASide,Cache,
825,Client169,http://localhost:9835/api/Client169,,false,825,CacheASide,Client,POST http://localhost:9834/api/Cache48 GET http://localhost:9834/api/Cache48 PUT http://localhost:9834/api/Cache48 DELETE http://localhost:9834/api/Cache48 
826,Client170,http://localhost:9836/api/Client170,,false,826,CacheASide,Client,POST http://localhost:9834/api/Cache48 GET http://localhost:9834/api/Cache48 PUT http://localhost:9834/api/Cache48 DELETE http://localhost:9834/api/Cache48 
827,Client171,http://localhost:9837/api/Client171,,false,827,CacheASide,Client,POST http://localhost:9834/api/Cache48 GET http://localhost:9834/api/Cache48 PUT http://localhost:9834/api/Cache48 DELETE http://localhost:9834/api/Cache48 
828,Client172,http://localhost:9838/api/Client172,,false,828,CacheASide,Client,POST http://localhost:9834/api/Cache48 GET http://localhost:9834/api/Cache48 PUT http://localhost:9834/api/Cache48 DELETE http://localhost:9834/api/Cache48 
829,Client173,http://localhost:9839/api/Client173,,false,829,CacheASide,Client,POST http://localhost:9834/api/Cache48 GET http://localhost:9834/api/Cache48 PUT http://localhost:9834/api/Cache48 DELETE http://localhost:9834/api/Cache48 
830,Cache49,http://localhost:9840/api/Cache49,POST GET PUT DELETE ,false,830,CacheASide,Cache,
831,Client174,http://localhost:9841/api/Client174,,false,831,CacheASide,Client,POST http://localhost:9840/api/Cache49 GET http://localhost:9840/api/Cache49 PUT http://localhost:9840/api/Cache49 DELETE http://localhost:9840/api/Cache49 
832,Client175,http://localhost:9842/api/Client175,,false,832,CacheASide,Client,POST http://localhost:9840/api/Cache49 GET http://localhost:9840/api/Cache49 PUT http://localhost:9840/api/Cache49 DELETE http://localhost:9840/api/Cache49 
833,Client176,http://localhost:9843/api/Client176,,false,833,CacheASide,Client,POST http://localhost:9840/api/Cache49 GET http://localhost:9840/api/Cache49 PUT http://localhost:9840/api/Cache49 DELETE http://localhost:9840/api/Cache49 
834,Client177,http://localhost:9844/api/Client177,,false,834,CacheASide,Client,POST http://localhost:9840/api/Cache49 GET http://localhost:9840/api/Cache49 PUT http://localhost:9840/api/Cache49 DELETE http://localhost:9840/api/Cache49 
835,Client178,http://localhost:9845/api/Client178,,false,835,CacheASide,Client,POST http://localhost:9840/api/Cache49 GET http://localhost:9840/api/Cache49 PUT http://localhost:9840/api/Cache49 DELETE http://localhost:9840/api/Cache49 
836,Leader0,http://localhost:9846/api/Leader0,GET PUT ,false,836,LeaderElection,Leader,
837,Client0,http://localhost:9847/api/Client0,GET PUT ,false,837,LeaderElection,Client,GET http://localhost:9846/api/Leader0 PUT http://localhost:9846/api/Leader0 
838,Client1,http://localhost:9848/api/Client1,GET PUT ,false,838,LeaderElection,Client,GET http://localhost:9846/api/Leader0 PUT http://localhost:9846/api/Leader0 
839,Client2,http://localhost:9849/api/Client2,GET PUT ,false,839,LeaderElection,Client,GET http://localhost:9846/api/Leader0 PUT http://localhost:9846/api/Leader0 
840,Leader1,http://localhost:9850/api/Leader1,GET PUT ,false,840,LeaderElection,Leader,
841,Client3,http://localhost:9851/api/Client3,GET PUT ,false,841,LeaderElection,Client,GET http://localhost:9850/api/Leader1 PUT http://localhost:9850/api/Leader1 
842,Client4,http://localhost:9852/api/Client4,GET PUT ,false,842,LeaderElection,Client,GET http://localhost:9850/api/Leader1 PUT http://localhost:9850/api/Leader1 
843,Client5,http://localhost:9853/api/Client5,GET PUT ,false,843,LeaderElection,Client,GET http://localhost:9850/api/Leader1 PUT http://localhost:9850/api/Leader1 
844,Client6,http://localhost:9854/api/Client6,GET PUT ,false,844,LeaderElection,Client,GET http://localhost:9850/api/Leader1 PUT http://localhost:9850/api/Leader1 
845,Client7,http://localhost:9855/api/Client7,GET PUT ,false,845,LeaderElection,Client,GET http://localhost:9850/api/Leader1 PUT http://localhost:9850/api/Leader1 
846,Client8,http://localhost:9856/api/Client8,GET PUT ,false,846,LeaderElection,Client,GET http://localhost:9850/api/Leader1 PUT http://localhost:9850/api/Leader1 
847,Leader2,http://localhost:9857/api/Leader2,GET PUT ,false,847,LeaderElection,Leader,
848,Client9,http://localhost:9858/api/Client9,GET PUT ,false,848,LeaderElection,Client,GET http://localhost:9857/api/Leader2 PUT http://localhost:9857/api/Leader2 
849,Client10,http://localhost:9859/api/Client10,GET PUT ,false,849,LeaderElection,Client,GET http://localhost:9857/api/Leader2 PUT http://localhost:9857/api/Leader2 
850,Client11,http://localhost:9860/api/Client11,GET PUT ,false,850,LeaderElection,Client,GET http://localhost:9857/api/Leader2 PUT http://localhost:9857/api/Leader2 
851,Client12,http://localhost:9861/api/Client12,GET PUT ,false,851,LeaderElection,Client,GET http://localhost:9857/api/Leader2 PUT http://localhost:9857/api/Leader2 
852,Leader3,http://localhost:9862/api/Leader3,GET PUT ,false,852,LeaderElection,Leader,
853,Client13,http://localhost:9863/api/Client13,GET PUT ,false,853,LeaderElection,Client,GET http://localhost:9862/api/Leader3 PUT http://localhost:9862/api/Leader3 
854,Client14,http://localhost:9864/api/Client14,GET PUT ,false,854,LeaderElection,Client,GET http://localhost:9862/api/Leader3 PUT http://localhost:9862/api/Leader3 
855,Client15,http://localhost:9865/api/Client15,GET PUT ,false,855,LeaderElection,Client,GET http://localhost:9862/api/Leader3 PUT http://localhost:9862/api/Leader3 
856,Client16,http://localhost:9866/api/Client16,GET PUT ,false,856,LeaderElection,Client,GET http://localhost:9862/api/Leader3 PUT http://localhost:9862/api/Leader3 
857,Client17,http://localhost:9867/api/Client17,GET PUT ,false,857,LeaderElection,Client,GET http://localhost:9862/api/Leader3 PUT http://localhost:9862/api/Leader3 
858,Client18,http://localhost:9868/api/Client18,GET PUT ,false,858,LeaderElection,Client,GET http://localhost:9862/api/Leader3 PUT http://localhost:9862/api/Leader3 
859,Leader4,http://localhost:9869/api/Leader4,GET PUT ,false,859,LeaderElection,Leader,
860,Client19,http://localhost:9870/api/Client19,GET PUT ,false,860,LeaderElection,Client,GET http://localhost:9869/api/Leader4 PUT http://localhost:9869/api/Leader4 
861,Client20,http://localhost:9871/api/Client20,GET PUT ,false,861,LeaderElection,Client,GET http://localhost:9869/api/Leader4 PUT http://localhost:9869/api/Leader4 
862,Leader5,http://localhost:9872/api/Leader5,GET PUT ,false,862,LeaderElection,Leader,
863,Client21,http://localhost:9873/api/Client21,GET PUT ,false,863,LeaderElection,Client,GET http://localhost:9872/api/Leader5 PUT http://localhost:9872/api/Leader5 
864,Client22,http://localhost:9874/api/Client22,GET PUT ,false,864,LeaderElection,Client,GET http://localhost:9872/api/Leader5 PUT http://localhost:9872/api/Leader5 
865,Client23,http://localhost:9875/api/Client23,GET PUT ,false,865,LeaderElection,Client,GET http://localhost:9872/api/Leader5 PUT http://localhost:9872/api/Leader5 
866,Client24,http://localhost:9876/api/Client24,GET PUT ,false,866,LeaderElection,Client,GET http://localhost:9872/api/Leader5 PUT http://localhost:9872/api/Leader5 
867,Leader6,http://localhost:9877/api/Leader6,GET PUT ,false,867,LeaderElection,Leader,
868,Client25,http://localhost:9878/api/Client25,GET PUT ,false,868,LeaderElection,Client,GET http://localhost:9877/api/Leader6 PUT http://localhost:9877/api/Leader6 
869,Client26,http://localhost:9879/api/Client26,GET PUT ,false,869,LeaderElection,Client,GET http://localhost:9877/api/Leader6 PUT http://localhost:9877/api/Leader6 
870,Client27,http://localhost:9880/api/Client27,GET PUT ,false,870,LeaderElection,Client,GET http://localhost:9877/api/Leader6 PUT http://localhost:9877/api/Leader6 
871,Client28,http://localhost:9881/api/Client28,GET PUT ,false,871,LeaderElection,Client,GET http://localhost:9877/api/Leader6 PUT http://localhost:9877/api/Leader6 
872,Client29,http://localhost:9882/api/Client29,GET PUT ,false,872,LeaderElection,Client,GET http://localhost:9877/api/Leader6 PUT http://localhost:9877/api/Leader6 
873,Client30,http://localhost:9883/api/Client30,GET PUT ,false,873,LeaderElection,Client,GET http://localhost:9877/api/Leader6 PUT http://localhost:9877/api/Leader6 
874,Leader7,http://localhost:9884/api/Leader7,GET PUT ,false,874,LeaderElection,Leader,
875,Client31,http://localhost:9885/api/Client31,GET PUT ,false,875,LeaderElection,Client,GET http://localhost:9884/api/Leader7 PUT http://localhost:9884/api/Leader7 
876,Client32,http://localhost:9886/api/Client32,GET PUT ,false,876,LeaderElection,Client,GET http://localhost:9884/api/Leader7 PUT http://localhost:9884/api/Leader7 
877,Leader8,http://localhost:9887/api/Leader8,GET PUT ,false,877,LeaderElection,Leader,
878,Client33,http://localhost:9888/api/Client33,GET PUT ,false,878,LeaderElection,Client,GET http://localhost:9887/api/Leader8 PUT http://localhost:9887/api/Leader8 
879,Client34,http://localhost:9889/api/Client34,GET PUT ,false,879,LeaderElection,Client,GET http://localhost:9887/api/Leader8 PUT http://localhost:9887/api/Leader8 
880,Client35,http://localhost:9890/api/Client35,GET PUT ,false,880,LeaderElection,Client,GET http://localhost:9887/api/Leader8 PUT http://localhost:9887/api/Leader8 
881,Client36,http://localhost:9891/api/Client36,GET PUT ,false,881,LeaderElection,Client,GET http://localhost:9887/api/Leader8 PUT http://localhost:9887/api/Leader8 
882,Client37,http://localhost:9892/api/Client37,GET PUT ,false,882,LeaderElection,Client,GET http://localhost:9887/api/Leader8 PUT http://localhost:9887/api/Leader8 
883,Client38,http://localhost:9893/api/Client38,GET PUT ,false,883,LeaderElection,Client,GET http://localhost:9887/api/Leader8 PUT http://localhost:9887/api/Leader8 
884,Leader9,http://localhost:9894/api/Leader9,GET PUT ,false,884,LeaderElection,Leader,
885,Client39,http://localhost:9895/api/Client39,GET PUT ,false,885,LeaderElection,Client,GET http://localhost:9894/api/Leader9 PUT http://localhost:9894/api/Leader9 
886,Client40,http://localhost:9896/api/Client40,GET PUT ,false,886,LeaderElection,Client,GET http://localhost:9894/api/Leader9 PUT http://localhost:9894/api/Leader9 
887,Client41,http://localhost:9897/api/Client41,GET PUT ,false,887,LeaderElection,Client,GET http://localhost:9894/api/Leader9 PUT http://localhost:9894/api/Leader9 
888,Client42,http://localhost:9898/api/Client42,GET PUT ,false,888,LeaderElection,Client,GET http://localhost:9894/api/Leader9 PUT http://localhost:9894/api/Leader9 
889,Client43,http://localhost:9899/api/Client43,GET PUT ,false,889,LeaderElection,Client,GET http://localhost:9894/api/Leader9 PUT http://localhost:9894/api/Leader9 
890,Client44,http://localhost:9900/api/Client44,GET PUT ,false,890,LeaderElection,Client,GET http://localhost:9894/api/Leader9 PUT http://localhost:9894/api/Leader9 
891,Leader10,http://localhost:9901/api/Leader10,GET PUT ,false,891,LeaderElection,Leader,
892,Client45,http://localhost:9902/api/Client45,GET PUT ,false,892,LeaderElection,Client,GET http://localhost:9901/api/Leader10 PUT http://localhost:9901/api/Leader10 
893,Client46,http://localhost:9903/api/Client46,GET PUT ,false,893,LeaderElection,Client,GET http://localhost:9901/api/Leader10 PUT http://localhost:9901/api/Leader10 
894,Client47,http://localhost:9904/api/Client47,GET PUT ,false,894,LeaderElection,Client,GET http://localhost:9901/api/Leader10 PUT http://localhost:9901/api/Leader10 
895,Leader11,http://localhost:9905/api/Leader11,GET PUT ,false,895,LeaderElection,Leader,
896,Client48,http://localhost:9906/api/Client48,GET PUT ,false,896,LeaderElection,Client,GET http://localhost:9905/api/Leader11 PUT http://localhost:9905/api/Leader11 
897,Client49,http://localhost:9907/api/Client49,GET PUT ,false,897,LeaderElection,Client,GET http://localhost:9905/api/Leader11 PUT http://localhost:9905/api/Leader11 
898,Client50,http://localhost:9908/api/Client50,GET PUT ,false,898,LeaderElection,Client,GET http://localhost:9905/api/Leader11 PUT http://localhost:9905/api/Leader11 
899,Client51,http://localhost:9909/api/Client51,GET PUT ,false,899,LeaderElection,Client,GET http://localhost:9905/api/Leader11 PUT http://localhost:9905/api/Leader11 
900,Leader12,http://localhost:9910/api/Leader12,GET PUT ,false,900,LeaderElection,Leader,
901,Client52,http://localhost:9911/api/Client52,GET PUT ,false,901,LeaderElection,Client,GET http://localhost:9910/api/Leader12 PUT http://localhost:9910/api/Leader12 
902,Client53,http://localhost:9912/api/Client53,GET PUT ,false,902,LeaderElection,Client,GET http://localhost:9910/api/Leader12 PUT http://localhost:9910/api/Leader12 
903,Client54,http://localhost:9913/api/Client54,GET PUT ,false,903,LeaderElection,Client,GET http://localhost:9910/api/Leader12 PUT http://localhost:9910/api/Leader12 
904,Client55,http://localhost:9914/api/Client55,GET PUT ,false,904,LeaderElection,Client,GET http://localhost:9910/api/Leader12 PUT http://localhost:9910/api/Leader12 
905,Client56,http://localhost:9915/api/Client56,GET PUT ,false,905,LeaderElection,Client,GET http://localhost:9910/api/Leader12 PUT http://localhost:9910/api/Leader12 
906,Leader13,http://localhost:9916/api/Leader13,GET PUT ,false,906,LeaderElection,Leader,
907,Client57,http://localhost:9917/api/Client57,GET PUT ,false,907,LeaderElection,Client,GET http://localhost:9916/api/Leader13 PUT http://localhost:9916/api/Leader13 
908,Client58,http://localhost:9918/api/Client58,GET PUT ,false,908,LeaderElection,Client,GET http://localhost:9916/api/Leader13 PUT http://localhost:9916/api/Leader13 
909,Leader14,http://localhost:9919/api/Leader14,GET PUT ,false,909,LeaderElection,Leader,
910,Client59,http://localhost:9920/api/Client59,GET PUT ,false,910,LeaderElection,Client,GET http://localhost:9919/api/Leader14 PUT http://localhost:9919/api/Leader14 
911,Client60,http://localhost:9921/api/Client60,GET PUT ,false,911,LeaderElection,Client,GET http://localhost:9919/api/Leader14 PUT http://localhost:9919/api/Leader14 
912,Client61,http://localhost:9922/api/Client61,GET PUT ,false,912,LeaderElection,Client,GET http://localhost:9919/api/Leader14 PUT http://localhost:9919/api/Leader14 
913,Client62,http://localhost:9923/api/Client62,GET PUT ,false,913,LeaderElection,Client,GET http://localhost:9919/api/Leader14 PUT http://localhost:9919/api/Leader14 
914,Client63,http://localhost:9924/api/Client63,GET PUT ,false,914,LeaderElection,Client,GET http://localhost:9919/api/Leader14 PUT http://localhost:9919/api/Leader14 
915,Client64,http://localhost:9925/api/Client64,GET PUT ,false,915,LeaderElection,Client,GET http://localhost:9919/api/Leader14 PUT http://localhost:9919/api/Leader14 
916,Leader15,http://localhost:9926/api/Leader15,GET PUT ,false,916,LeaderElection,Leader,
917,Client65,http://localhost:9927/api/Client65,GET PUT ,false,917,LeaderElection,Client,GET http://localhost:9926/api/Leader15 PUT http://localhost:9926/api/Leader15 
918,Client66,http://localhost:9928/api/Client66,GET PUT ,false,918,LeaderElection,Client,GET http://localhost:9926/api/Leader15 PUT http://localhost:9926/api/Leader15 
919,Client67,http://localhost:9929/api/Client67,GET PUT ,false,919,LeaderElection,Client,GET http://localhost:9926/api/Leader15 PUT http://localhost:9926/api/Leader15 
920,Client68,http://localhost:9930/api/Client68,GET PUT ,false,920,LeaderElection,Client,GET http://localhost:9926/api/Leader15 PUT http://localhost:9926/api/Leader15 
921,Client69,http://localhost:9931/api/Client69,GET PUT ,false,921,LeaderElection,Client,GET http://localhost:9926/api/Leader15 PUT http://localhost:9926/api/Leader15 
922,Client70,http://localhost:9932/api/Client70,GET PUT ,false,922,LeaderElection,Client,GET http://localhost:9926/api/Leader15 PUT http://localhost:9926/api/Leader15 
923,Leader16,http://localhost:9933/api/Leader16,GET PUT ,false,923,LeaderElection,Leader,
924,Client71,http://localhost:9934/api/Client71,GET PUT ,false,924,LeaderElection,Client,GET http://localhost:9933/api/Leader16 PUT http://localhost:9933/api/Leader16 
925,Client72,http://localhost:9935/api/Client72,GET PUT ,false,925,LeaderElection,Client,GET http://localhost:9933/api/Leader16 PUT http://localhost:9933/api/Leader16 
926,Client73,http://localhost:9936/api/Client73,GET PUT ,false,926,LeaderElection,Client,GET http://localhost:9933/api/Leader16 PUT http://localhost:9933/api/Leader16 
927,Client74,http://localhost:9937/api/Client74,GET PUT ,false,927,LeaderElection,Client,GET http://localhost:9933/api/Leader16 PUT http://localhost:9933/api/Leader16 
928,Client75,http://localhost:9938/api/Client75,GET PUT ,false,928,LeaderElection,Client,GET http://localhost:9933/api/Leader16 PUT http://localhost:9933/api/Leader16 
929,Leader17,http://localhost:9939/api/Leader17,GET PUT ,false,929,LeaderElection,Leader,
930,Client76,http://localhost:9940/api/Client76,GET PUT ,false,930,LeaderElection,Client,GET http://localhost:9939/api/Leader17 PUT http://localhost:9939/api/Leader17 
931,Client77,http://localhost:9941/api/Client77,GET PUT ,false,931,LeaderElection,Client,GET http://localhost:9939/api/Leader17 PUT http://localhost:9939/api/Leader17 
932,Client78,http://localhost:9942/api/Client78,GET PUT ,false,932,LeaderElection,Client,GET http://localhost:9939/api/Leader17 PUT http://localhost:9939/api/Leader17 
933,Client79,http://localhost:9943/api/Client79,GET PUT ,false,933,LeaderElection,Client,GET http://localhost:9939/api/Leader17 PUT http://localhost:9939/api/Leader17 
934,Client80,http://localhost:9944/api/Client80,GET PUT ,false,934,LeaderElection,Client,GET http://localhost:9939/api/Leader17 PUT http://localhost:9939/api/Leader17 
935,Client81,http://localhost:9945/api/Client81,GET PUT ,false,935,LeaderElection,Client,GET http://localhost:9939/api/Leader17 PUT http://localhost:9939/api/Leader17 
936,Leader18,http://localhost:9946/api/Leader18,GET PUT ,false,936,LeaderElection,Leader,
937,Client82,http://localhost:9947/api/Client82,GET PUT ,false,937,LeaderElection,Client,GET http://localhost:9946/api/Leader18 PUT http://localhost:9946/api/Leader18 
938,Client83,http://localhost:9948/api/Client83,GET PUT ,false,938,LeaderElection,Client,GET http://localhost:9946/api/Leader18 PUT http://localhost:9946/api/Leader18 
939,Client84,http://localhost:9949/api/Client84,GET PUT ,false,939,LeaderElection,Client,GET http://localhost:9946/api/Leader18 PUT http://localhost:9946/api/Leader18 
940,Client85,http://localhost:9950/api/Client85,GET PUT ,false,940,LeaderElection,Client,GET http://localhost:9946/api/Leader18 PUT http://localhost:9946/api/Leader18 
941,Client86,http://localhost:9951/api/Client86,GET PUT ,false,941,LeaderElection,Client,GET http://localhost:9946/api/Leader18 PUT http://localhost:9946/api/Leader18 
942,Client87,http://localhost:9952/api/Client87,GET PUT ,false,942,LeaderElection,Client,GET http://localhost:9946/api/Leader18 PUT http://localhost:9946/api/Leader18 
943,Leader19,http://localhost:9953/api/Leader19,GET PUT ,false,943,LeaderElection,Leader,
944,Client88,http://localhost:9954/api/Client88,GET PUT ,false,944,LeaderElection,Client,GET http://localhost:9953/api/Leader19 PUT http://localhost:9953/api/Leader19 
945,Client89,http://localhost:9955/api/Client89,GET PUT ,false,945,LeaderElection,Client,GET http://localhost:9953/api/Leader19 PUT http://localhost:9953/api/Leader19 
946,Client90,http://localhost:9956/api/Client90,GET PUT ,false,946,LeaderElection,Client,GET http://localhost:9953/api/Leader19 PUT http://localhost:9953/api/Leader19 
947,Leader20,http://localhost:9957/api/Leader20,GET PUT ,false,947,LeaderElection,Leader,
948,Client91,http://localhost:9958/api/Client91,GET PUT ,false,948,LeaderElection,Client,GET http://localhost:9957/api/Leader20 PUT http://localhost:9957/api/Leader20 
949,Client92,http://localhost:9959/api/Client92,GET PUT ,false,949,LeaderElection,Client,GET http://localhost:9957/api/Leader20 PUT http://localhost:9957/api/Leader20 
950,Client93,http://localhost:9960/api/Client93,GET PUT ,false,950,LeaderElection,Client,GET http://localhost:9957/api/Leader20 PUT http://localhost:9957/api/Leader20 
951,Leader21,http://localhost:9961/api/Leader21,GET PUT ,false,951,LeaderElection,Leader,
952,Client94,http://localhost:9962/api/Client94,GET PUT ,false,952,LeaderElection,Client,GET http://localhost:9961/api/Leader21 PUT http://localhost:9961/api/Leader21 
953,Client95,http://localhost:9963/api/Client95,GET PUT ,false,953,LeaderElection,Client,GET http://localhost:9961/api/Leader21 PUT http://localhost:9961/api/Leader21 
954,Client96,http://localhost:9964/api/Client96,GET PUT ,false,954,LeaderElection,Client,GET http://localhost:9961/api/Leader21 PUT http://localhost:9961/api/Leader21 
955,Client97,http://localhost:9965/api/Client97,GET PUT ,false,955,LeaderElection,Client,GET http://localhost:9961/api/Leader21 PUT http://localhost:9961/api/Leader21 
956,Client98,http://localhost:9966/api/Client98,GET PUT ,false,956,LeaderElection,Client,GET http://localhost:9961/api/Leader21 PUT http://localhost:9961/api/Leader21 
957,Leader22,http://localhost:9967/api/Leader22,GET PUT ,false,957,LeaderElection,Leader,
958,Client99,http://localhost:9968/api/Client99,GET PUT ,false,958,LeaderElection,Client,GET http://localhost:9967/api/Leader22 PUT http://localhost:9967/api/Leader22 
959,Client100,http://localhost:9969/api/Client100,GET PUT ,false,959,LeaderElection,Client,GET http://localhost:9967/api/Leader22 PUT http://localhost:9967/api/Leader22 
960,Client101,http://localhost:9970/api/Client101,GET PUT ,false,960,LeaderElection,Client,GET http://localhost:9967/api/Leader22 PUT http://localhost:9967/api/Leader22 
961,Client102,http://localhost:9971/api/Client102,GET PUT ,false,961,LeaderElection,Client,GET http://localhost:9967/api/Leader22 PUT http://localhost:9967/api/Leader22 
962,Leader23,http://localhost:9972/api/Leader23,GET PUT ,false,962,LeaderElection,Leader,
963,Client103,http://localhost:9973/api/Client103,GET PUT ,false,963,LeaderElection,Client,GET http://localhost:9972/api/Leader23 PUT http://localhost:9972/api/Leader23 
964,Client104,http://localhost:9974/api/Client104,GET PUT ,false,964,LeaderElection,Client,GET http://localhost:9972/api/Leader23 PUT http://localhost:9972/api/Leader23 
965,Client105,http://localhost:9975/api/Client105,GET PUT ,false,965,LeaderElection,Client,GET http://localhost:9972/api/Leader23 PUT http://localhost:9972/api/Leader23 
966,Client106,http://localhost:9976/api/Client106,GET PUT ,false,966,LeaderElection,Client,GET http://localhost:9972/api/Leader23 PUT http://localhost:9972/api/Leader23 
967,Leader24,http://localhost:9977/api/Leader24,GET PUT ,false,967,LeaderElection,Leader,
968,Client107,http://localhost:9978/api/Client107,GET PUT ,false,968,LeaderElection,Client,GET http://localhost:9977/api/Leader24 PUT http://localhost:9977/api/Leader24 
969,Client108,http://localhost:9979/api/Client108,GET PUT ,false,969,LeaderElection,Client,GET http://localhost:9977/api/Leader24 PUT http://localhost:9977/api/Leader24 
970,Client109,http://localhost:9980/api/Client109,GET PUT ,false,970,LeaderElection,Client,GET http://localhost:9977/api/Leader24 PUT http://localhost:9977/api/Leader24 
971,Client110,http://localhost:9981/api/Client110,GET PUT ,false,971,LeaderElection,Client,GET http://localhost:9977/api/Leader24 PUT http://localhost:9977/api/Leader24 
972,Client111,http://localhost:9982/api/Client111,GET PUT ,false,972,LeaderElection,Client,GET http://localhost:9977/api/Leader24 PUT http://localhost:9977/api/Leader24 
973,Leader25,http://localhost:9983/api/Leader25,GET PUT ,false,973,LeaderElection,Leader,
974,Client112,http://localhost:9984/api/Client112,GET PUT ,false,974,LeaderElection,Client,GET http://localhost:9983/api/Leader25 PUT http://localhost:9983/api/Leader25 
975,Client113,http://localhost:9985/api/Client113,GET PUT ,false,975,LeaderElection,Client,GET http://localhost:9983/api/Leader25 PUT http://localhost:9983/api/Leader25 
976,Leader26,http://localhost:9986/api/Leader26,GET PUT ,false,976,LeaderElection,Leader,
977,Client114,http://localhost:9987/api/Client114,GET PUT ,false,977,LeaderElection,Client,GET http://localhost:9986/api/Leader26 PUT http://localhost:9986/api/Leader26 
978,Client115,http://localhost:9988/api/Client115,GET PUT ,false,978,LeaderElection,Client,GET http://localhost:9986/api/Leader26 PUT http://localhost:9986/api/Leader26 
979,Client116,http://localhost:9989/api/Client116,GET PUT ,false,979,LeaderElection,Client,GET http://localhost:9986/api/Leader26 PUT http://localhost:9986/api/Leader26 
980,Client117,http://localhost:9990/api/Client117,GET PUT ,false,980,LeaderElection,Client,GET http://localhost:9986/api/Leader26 PUT http://localhost:9986/api/Leader26 
981,Leader27,http://localhost:9991/api/Leader27,GET PUT ,false,981,LeaderElection,Leader,
982,Client118,http://localhost:9992/api/Client118,GET PUT ,false,982,LeaderElection,Client,GET http://localhost:9991/api/Leader27 PUT http://localhost:9991/api/Leader27 
983,Client119,http://localhost:9993/api/Client119,GET PUT ,false,983,LeaderElection,Client,GET http://localhost:9991/api/Leader27 PUT http://localhost:9991/api/Leader27 
984,Client120,http://localhost:9994/api/Client120,GET PUT ,false,984,LeaderElection,Client,GET http://localhost:9991/api/Leader27 PUT http://localhost:9991/api/Leader27 
985,Client121,http://localhost:9995/api/Client121,GET PUT ,false,985,LeaderElection,Client,GET http://localhost:9991/api/Leader27 PUT http://localhost:9991/api/Leader27 
986,Client122,http://localhost:9996/api/Client122,GET PUT ,false,986,LeaderElection,Client,GET http://localhost:9991/api/Leader27 PUT http://localhost:9991/api/Leader27 
987,Client123,http://localhost:9997/api/Client123,GET PUT ,false,987,LeaderElection,Client,GET http://localhost:9991/api/Leader27 PUT http://localhost:9991/api/Leader27 
988,Leader28,http://localhost:9998/api/Leader28,GET PUT ,false,988,LeaderElection,Leader,
989,Client124,http://localhost:9999/api/Client124,GET PUT ,false,989,LeaderElection,Client,GET http://localhost:9998/api/Leader28 PUT http://localhost:9998/api/Leader28 
990,Client125,http://localhost:10000/api/Client125,GET PUT ,false,990,LeaderElection,Client,GET http://localhost:9998/api/Leader28 PUT http://localhost:9998/api/Leader28 
991,Client126,http://localhost:10001/api/Client126,GET PUT ,false,991,LeaderElection,Client,GET http://localhost:9998/api/Leader28 PUT http://localhost:9998/api/Leader28 
992,Client127,http://localhost:10002/api/Client127,GET PUT ,false,992,LeaderElection,Client,GET http://localhost:9998/api/Leader28 PUT http://localhost:9998/api/Leader28 
993,Client128,http://localhost:10003/api/Client128,GET PUT ,false,993,LeaderElection,Client,GET http://localhost:9998/api/Leader28 PUT http://localhost:9998/api/Leader28 
994,Leader29,http://localhost:10004/api/Leader29,GET PUT ,false,994,LeaderElection,Leader,
995,Client129,http://localhost:10005/api/Client129,GET PUT ,false,995,LeaderElection,Client,GET http://localhost:10004/api/Leader29 PUT http://localhost:10004/api/Leader29 
996,Client130,http://localhost:10006/api/Client130,GET PUT ,false,996,LeaderElection,Client,GET http://localhost:10004/api/Leader29 PUT http://localhost:10004/api/Leader29 
997,Client131,http://localhost:10007/api/Client131,GET PUT ,false,997,LeaderElection,Client,GET http://localhost:10004/api/Leader29 PUT http://localhost:10004/api/Leader29 
998,Client132,http://localhost:10008/api/Client132,GET PUT ,false,998,LeaderElection,Client,GET http://localhost:10004/api/Leader29 PUT http://localhost:10004/api/Leader29 
999,Leader30,http://localhost:10009/api/Leader30,GET PUT ,false,999,LeaderElection,Leader,
1000,Client133,http://localhost:10010/api/Client133,GET PUT ,false,1000,LeaderElection,Client,GET http://localhost:10009/api/Leader30 PUT http://localhost:10009/api/Leader30 
1001,Client134,http://localhost:10011/api/Client134,GET PUT ,false,1001,LeaderElection,Client,GET http://localhost:10009/api/Leader30 PUT http://localhost:10009/api/Leader30 
1002,Client135,http://localhost:10012/api/Client135,GET PUT ,false,1002,LeaderElection,Client,GET http://localhost:10009/api/Leader30 PUT http://localhost:10009/api/Leader30 
1003,Client136,http://localhost:10013/api/Client136,GET PUT ,false,1003,LeaderElection,Client,GET http://localhost:10009/api/Leader30 PUT http://localhost:10009/api/Leader30 
1004,Client137,http://localhost:10014/api/Client137,GET PUT ,false,1004,LeaderElection,Client,GET http://localhost:10009/api/Leader30 PUT http://localhost:10009/api/Leader30 
1005,Client138,http://localhost:10015/api/Client138,GET PUT ,false,1005,LeaderElection,Client,GET http://localhost:10009/api/Leader30 PUT http://localhost:10009/api/Leader30 
1006,Leader31,http://localhost:10016/api/Leader31,GET PUT ,false,1006,LeaderElection,Leader,
1007,Client139,http://localhost:10017/api/Client139,GET PUT ,false,1007,LeaderElection,Client,GET http://localhost:10016/api/Leader31 PUT http://localhost:10016/api/Leader31 
1008,Client140,http://localhost:10018/api/Client140,GET PUT ,false,1008,LeaderElection,Client,GET http://localhost:10016/api/Leader31 PUT http://localhost:10016/api/Leader31 
1009,Client141,http://localhost:10019/api/Client141,GET PUT ,false,1009,LeaderElection,Client,GET http://localhost:10016/api/Leader31 PUT http://localhost:10016/api/Leader31 
1010,Client142,http://localhost:10020/api/Client142,GET PUT ,false,1010,LeaderElection,Client,GET http://localhost:10016/api/Leader31 PUT http://localhost:10016/api/Leader31 
1011,Leader32,http://localhost:10021/api/Leader32,GET PUT ,false,1011,LeaderElection,Leader,
1012,Client143,http://localhost:10022/api/Client143,GET PUT ,false,1012,LeaderElection,Client,GET http://localhost:10021/api/Leader32 PUT http://localhost:10021/api/Leader32 
1013,Client144,http://localhost:10023/api/Client144,GET PUT ,false,1013,LeaderElection,Client,GET http://localhost:10021/api/Leader32 PUT http://localhost:10021/api/Leader32 
1014,Client145,http://localhost:10024/api/Client145,GET PUT ,false,1014,LeaderElection,Client,GET http://localhost:10021/api/Leader32 PUT http://localhost:10021/api/Leader32 
1015,Client146,http://localhost:10025/api/Client146,GET PUT ,false,1015,LeaderElection,Client,GET http://localhost:10021/api/Leader32 PUT http://localhost:10021/api/Leader32 
1016,Leader33,http://localhost:10026/api/Leader33,GET PUT ,false,1016,LeaderElection,Leader,
1017,Client147,http://localhost:10027/api/Client147,GET PUT ,false,1017,LeaderElection,Client,GET http://localhost:10026/api/Leader33 PUT http://localhost:10026/api/Leader33 
1018,Client148,http://localhost:10028/api/Client148,GET PUT ,false,1018,LeaderElection,Client,GET http://localhost:10026/api/Leader33 PUT http://localhost:10026/api/Leader33 
1019,Client149,http://localhost:10029/api/Client149,GET PUT ,false,1019,LeaderElection,Client,GET http://localhost:10026/api/Leader33 PUT http://localhost:10026/api/Leader33 
1020,Client150,http://localhost:10030/api/Client150,GET PUT ,false,1020,LeaderElection,Client,GET http://localhost:10026/api/Leader33 PUT http://localhost:10026/api/Leader33 
1021,Leader34,http://localhost:10031/api/Leader34,GET PUT ,false,1021,LeaderElection,Leader,
1022,Client151,http://localhost:10032/api/Client151,GET PUT ,false,1022,LeaderElection,Client,GET http://localhost:10031/api/Leader34 PUT http://localhost:10031/api/Leader34 
1023,Client152,http://localhost:10033/api/Client152,GET PUT ,false,1023,LeaderElection,Client,GET http://localhost:10031/api/Leader34 PUT http://localhost:10031/api/Leader34 
1024,Client153,http://localhost:10034/api/Client153,GET PUT ,false,1024,LeaderElection,Client,GET http://localhost:10031/api/Leader34 PUT http://localhost:10031/api/Leader34 
1025,Client154,http://localhost:10035/api/Client154,GET PUT ,false,1025,LeaderElection,Client,GET http://localhost:10031/api/Leader34 PUT http://localhost:10031/api/Leader34 
1026,Client155,http://localhost:10036/api/Client155,GET PUT ,false,1026,LeaderElection,Client,GET http://localhost:10031/api/Leader34 PUT http://localhost:10031/api/Leader34 
1027,Client156,http://localhost:10037/api/Client156,GET PUT ,false,1027,LeaderElection,Client,GET http://localhost:10031/api/Leader34 PUT http://localhost:10031/api/Leader34 
1028,Leader35,http://localhost:10038/api/Leader35,GET PUT ,false,1028,LeaderElection,Leader,
1029,Client157,http://localhost:10039/api/Client157,GET PUT ,false,1029,LeaderElection,Client,GET http://localhost:10038/api/Leader35 PUT http://localhost:10038/api/Leader35 
1030,Client158,http://localhost:10040/api/Client158,GET PUT ,false,1030,LeaderElection,Client,GET http://localhost:10038/api/Leader35 PUT http://localhost:10038/api/Leader35 
1031,Client159,http://localhost:10041/api/Client159,GET PUT ,false,1031,LeaderElection,Client,GET http://localhost:10038/api/Leader35 PUT http://localhost:10038/api/Leader35 
1032,Client160,http://localhost:10042/api/Client160,GET PUT ,false,1032,LeaderElection,Client,GET http://localhost:10038/api/Leader35 PUT http://localhost:10038/api/Leader35 
1033,Leader36,http://localhost:10043/api/Leader36,GET PUT ,false,1033,LeaderElection,Leader,
1034,Client161,http://localhost:10044/api/Client161,GET PUT ,false,1034,LeaderElection,Client,GET http://localhost:10043/api/Leader36 PUT http://localhost:10043/api/Leader36 
1035,Client162,http://localhost:10045/api/Client162,GET PUT ,false,1035,LeaderElection,Client,GET http://localhost:10043/api/Leader36 PUT http://localhost:10043/api/Leader36 
1036,Client163,http://localhost:10046/api/Client163,GET PUT ,false,1036,LeaderElection,Client,GET http://localhost:10043/api/Leader36 PUT http://localhost:10043/api/Leader36 
1037,Client164,http://localhost:10047/api/Client164,GET PUT ,false,1037,LeaderElection,Client,GET http://localhost:10043/api/Leader36 PUT http://localhost:10043/api/Leader36 
1038,Client165,http://localhost:10048/api/Client165,GET PUT ,false,1038,LeaderElection,Client,GET http://localhost:10043/api/Leader36 PUT http://localhost:10043/api/Leader36 
1039,Client166,http://localhost:10049/api/Client166,GET PUT ,false,1039,LeaderElection,Client,GET http://localhost:10043/api/Leader36 PUT http://localhost:10043/api/Leader36 
1040,Leader37,http://localhost:10050/api/Leader37,GET PUT ,false,1040,LeaderElection,Leader,
1041,Client167,http://localhost:10051/api/Client167,GET PUT ,false,1041,LeaderElection,Client,GET http://localhost:10050/api/Leader37 PUT http://localhost:10050/api/Leader37 
1042,Client168,http://localhost:10052/api/Client168,GET PUT ,false,1042,LeaderElection,Client,GET http://localhost:10050/api/Leader37 PUT http://localhost:10050/api/Leader37 
1043,Client169,http://localhost:10053/api/Client169,GET PUT ,false,1043,LeaderElection,Client,GET http://localhost:10050/api/Leader37 PUT http://localhost:10050/api/Leader37 
1044,Client170,http://localhost:10054/api/Client170,GET PUT ,false,1044,LeaderElection,Client,GET http://localhost:10050/api/Leader37 PUT http://localhost:10050/api/Leader37 
1045,Client171,http://localhost:10055/api/Client171,GET PUT ,false,1045,LeaderElection,Client,GET http://localhost:10050/api/Leader37 PUT http://localhost:10050/api/Leader37 
1046,Client172,http://localhost:10056/api/Client172,GET PUT ,false,1046,LeaderElection,Client,GET http://localhost:10050/api/Leader37 PUT http://localhost:10050/api/Leader37 
1047,Leader38,http://localhost:10057/api/Leader38,GET PUT ,false,1047,LeaderElection,Leader,
1048,Client173,http://localhost:10058/api/Client173,GET PUT ,false,1048,LeaderElection,Client,GET http://localhost:10057/api/Leader38 PUT http://localhost:10057/api/Leader38 
1049,Client174,http://localhost:10059/api/Client174,GET PUT ,false,1049,LeaderElection,Client,GET http://localhost:10057/api/Leader38 PUT http://localhost:10057/api/Leader38 
1050,Client175,http://localhost:10060/api/Client175,GET PUT ,false,1050,LeaderElection,Client,GET http://localhost:10057/api/Leader38 PUT http://localhost:10057/api/Leader38 
1051,Leader39,http://localhost:10061/api/Leader39,GET PUT ,false,1051,LeaderElection,Leader,
1052,Client176,http://localhost:10062/api/Client176,GET PUT ,false,1052,LeaderElection,Client,GET http://localhost:10061/api/Leader39 PUT http://localhost:10061/api/Leader39 
1053,Client177,http://localhost:10063/api/Client177,GET PUT ,false,1053,LeaderElection,Client,GET http://localhost:10061/api/Leader39 PUT http://localhost:10061/api/Leader39 
1054,Client178,http://localhost:10064/api/Client178,GET PUT ,false,1054,LeaderElection,Client,GET http://localhost:10061/api/Leader39 PUT http://localhost:10061/api/Leader39 
1055,Client179,http://localhost:10065/api/Client179,GET PUT ,false,1055,LeaderElection,Client,GET http://localhost:10061/api/Leader39 PUT http://localhost:10061/api/Leader39 
1056,Client180,http://localhost:10066/api/Client180,GET PUT ,false,1056,LeaderElection,Client,GET http://localhost:10061/api/Leader39 PUT http://localhost:10061/api/Leader39 
1057,Client181,http://localhost:10067/api/Client181,GET PUT ,false,1057,LeaderElection,Client,GET http://localhost:10061/api/Leader39 PUT http://localhost:10061/api/Leader39 
1058,Leader40,http://localhost:10068/api/Leader40,GET PUT ,false,1058,LeaderElection,Leader,
1059,Client182,http://localhost:10069/api/Client182,GET PUT ,false,1059,LeaderElection,Client,GET http://localhost:10068/api/Leader40 PUT http://localhost:10068/api/Leader40 
1060,Client183,http://localhost:10070/api/Client183,GET PUT ,false,1060,LeaderElection,Client,GET http://localhost:10068/api/Leader40 PUT http://localhost:10068/api/Leader40 
1061,Client184,http://localhost:10071/api/Client184,GET PUT ,false,1061,LeaderElection,Client,GET http://localhost:10068/api/Leader40 PUT http://localhost:10068/api/Leader40 
1062,Client185,http://localhost:10072/api/Client185,GET PUT ,false,1062,LeaderElection,Client,GET http://localhost:10068/api/Leader40 PUT http://localhost:10068/api/Leader40 
1063,Client186,http://localhost:10073/api/Client186,GET PUT ,false,1063,LeaderElection,Client,GET http://localhost:10068/api/Leader40 PUT http://localhost:10068/api/Leader40 
1064,Client187,http://localhost:10074/api/Client187,GET PUT ,false,1064,LeaderElection,Client,GET http://localhost:10068/api/Leader40 PUT http://localhost:10068/api/Leader40 
1065,Leader41,http://localhost:10075/api/Leader41,GET PUT ,false,1065,LeaderElection,Leader,
1066,Client188,http://localhost:10076/api/Client188,GET PUT ,false,1066,LeaderElection,Client,GET http://localhost:10075/api/Leader41 PUT http://localhost:10075/api/Leader41 
1067,Client189,http://localhost:10077/api/Client189,GET PUT ,false,1067,LeaderElection,Client,GET http://localhost:10075/api/Leader41 PUT http://localhost:10075/api/Leader41 
1068,Client190,http://localhost:10078/api/Client190,GET PUT ,false,1068,LeaderElection,Client,GET http://localhost:10075/api/Leader41 PUT http://localhost:10075/api/Leader41 
1069,Leader42,http://localhost:10079/api/Leader42,GET PUT ,false,1069,LeaderElection,Leader,
1070,Client191,http://localhost:10080/api/Client191,GET PUT ,false,1070,LeaderElection,Client,GET http://localhost:10079/api/Leader42 PUT http://localhost:10079/api/Leader42 
1071,Client192,http://localhost:10081/api/Client192,GET PUT ,false,1071,LeaderElection,Client,GET http://localhost:10079/api/Leader42 PUT http://localhost:10079/api/Leader42 
1072,Client193,http://localhost:10082/api/Client193,GET PUT ,false,1072,LeaderElection,Client,GET http://localhost:10079/api/Leader42 PUT http://localhost:10079/api/Leader42 
1073,Client194,http://localhost:10083/api/Client194,GET PUT ,false,1073,LeaderElection,Client,GET http://localhost:10079/api/Leader42 PUT http://localhost:10079/api/Leader42 
1074,Client195,http://localhost:10084/api/Client195,GET PUT ,false,1074,LeaderElection,Client,GET http://localhost:10079/api/Leader42 PUT http://localhost:10079/api/Leader42 
1075,Leader43,http://localhost:10085/api/Leader43,GET PUT ,false,1075,LeaderElection,Leader,
1076,Client196,http://localhost:10086/api/Client196,GET PUT ,false,1076,LeaderElection,Client,GET http://localhost:10085/api/Leader43 PUT http://localhost:10085/api/Leader43 
1077,Client197,http://localhost:10087/api/Client197,GET PUT ,false,1077,LeaderElection,Client,GET http://localhost:10085/api/Leader43 PUT http://localhost:10085/api/Leader43 
1078,Client198,http://localhost:10088/api/Client198,GET PUT ,false,1078,LeaderElection,Client,GET http://localhost:10085/api/Leader43 PUT http://localhost:10085/api/Leader43 
1079,Leader44,http://localhost:10089/api/Leader44,GET PUT ,false,1079,LeaderElection,Leader,
1080,Client199,http://localhost:10090/api/Client199,GET PUT ,false,1080,LeaderElection,Client,GET http://localhost:10089/api/Leader44 PUT http://localhost:10089/api/Leader44 
1081,Client200,http://localhost:10091/api/Client200,GET PUT ,false,1081,LeaderElection,Client,GET http://localhost:10089/api/Leader44 PUT http://localhost:10089/api/Leader44 
1082,Client201,http://localhost:10092/api/Client201,GET PUT ,false,1082,LeaderElection,Client,GET http://localhost:10089/api/Leader44 PUT http://localhost:10089/api/Leader44 
1083,Leader45,http://localhost:10093/api/Leader45,GET PUT ,false,1083,LeaderElection,Leader,
1084,Client202,http://localhost:10094/api/Client202,GET PUT ,false,1084,LeaderElection,Client,GET http://localhost:10093/api/Leader45 PUT http://localhost:10093/api/Leader45 
1085,Client203,http://localhost:10095/api/Client203,GET PUT ,false,1085,LeaderElection,Client,GET http://localhost:10093/api/Leader45 PUT http://localhost:10093/api/Leader45 
1086,Client204,http://localhost:10096/api/Client204,GET PUT ,false,1086,LeaderElection,Client,GET http://localhost:10093/api/Leader45 PUT http://localhost:10093/api/Leader45 
1087,Leader46,http://localhost:10097/api/Leader46,GET PUT ,false,1087,LeaderElection,Leader,
1088,Client205,http://localhost:10098/api/Client205,GET PUT ,false,1088,LeaderElection,Client,GET http://localhost:10097/api/Leader46 PUT http://localhost:10097/api/Leader46 
1089,Client206,http://localhost:10099/api/Client206,GET PUT ,false,1089,LeaderElection,Client,GET http://localhost:10097/api/Leader46 PUT http://localhost:10097/api/Leader46 
1090,Client207,http://localhost:10100/api/Client207,GET PUT ,false,1090,LeaderElection,Client,GET http://localhost:10097/api/Leader46 PUT http://localhost:10097/api/Leader46 
1091,Client208,http://localhost:10101/api/Client208,GET PUT ,false,1091,LeaderElection,Client,GET http://localhost:10097/api/Leader46 PUT http://localhost:10097/api/Leader46 
1092,Leader47,http://localhost:10102/api/Leader47,GET PUT ,false,1092,LeaderElection,Leader,
1093,Client209,http://localhost:10103/api/Client209,GET PUT ,false,1093,LeaderElection,Client,GET http://localhost:10102/api/Leader47 PUT http://localhost:10102/api/Leader47 
1094,Client210,http://localhost:10104/api/Client210,GET PUT ,false,1094,LeaderElection,Client,GET http://localhost:10102/api/Leader47 PUT http://localhost:10102/api/Leader47 
1095,Client211,http://localhost:10105/api/Client211,GET PUT ,false,1095,LeaderElection,Client,GET http://localhost:10102/api/Leader47 PUT http://localhost:10102/api/Leader47 
1096,Client212,http://localhost:10106/api/Client212,GET PUT ,false,1096,LeaderElection,Client,GET http://localhost:10102/api/Leader47 PUT http://localhost:10102/api/Leader47 
1097,Client213,http://localhost:10107/api/Client213,GET PUT ,false,1097,LeaderElection,Client,GET http://localhost:10102/api/Leader47 PUT http://localhost:10102/api/Leader47 
1098,Client214,http://localhost:10108/api/Client214,GET PUT ,false,1098,LeaderElection,Client,GET http://localhost:10102/api/Leader47 PUT http://localhost:10102/api/Leader47 
1099,Leader48,http://localhost:10109/api/Leader48,GET PUT ,false,1099,LeaderElection,Leader,
1100,Client215,http://localhost:10110/api/Client215,GET PUT ,false,1100,LeaderElection,Client,GET http://localhost:10109/api/Leader48 PUT http://localhost:10109/api/Leader48 
1101,Client216,http://localhost:10111/api/Client216,GET PUT ,false,1101,LeaderElection,Client,GET http://localhost:10109/api/Leader48 PUT http://localhost:10109/api/Leader48 
1102,Client217,http://localhost:10112/api/Client217,GET PUT ,false,1102,LeaderElection,Client,GET http://localhost:10109/api/Leader48 PUT http://localhost:10109/api/Leader48 
1103,Client218,http://localhost:10113/api/Client218,GET PUT ,false,1103,LeaderElection,Client,GET http://localhost:10109/api/Leader48 PUT http://localhost:10109/api/Leader48 
1104,Client219,http://localhost:10114/api/Client219,GET PUT ,false,1104,LeaderElection,Client,GET http://localhost:10109/api/Leader48 PUT http://localhost:10109/api/Leader48 
1105,Leader49,http://localhost:10115/api/Leader49,GET PUT ,false,1105,LeaderElection,Leader,
1106,Client220,http://localhost:10116/api/Client220,GET PUT ,false,1106,LeaderElection,Client,GET http://localhost:10115/api/Leader49 PUT http://localhost:10115/api/Leader49 
1107,Client221,http://localhost:10117/api/Client221,GET PUT ,false,1107,LeaderElection,Client,GET http://localhost:10115/api/Leader49 PUT http://localhost:10115/api/Leader49 
1108,Client222,http://localhost:10118/api/Client222,GET PUT ,false,1108,LeaderElection,Client,GET http://localhost:10115/api/Leader49 PUT http://localhost:10115/api/Leader49 
1109,ApiGateway0,http://localhost:10119/api/ApiGateway0,POST PUT GET DELETE ,false,1109,ApiGateway,ApiGateway,POST http://localhost:10124/api/Worker0 GET http://localhost:10124/api/Worker0 PUT http://localhost:10124/api/Worker0 DELETE http://localhost:10124/api/Worker0 
1110,Client179,http://localhost:10120/api/Client179,,false,1110,ApiGateway,Client,POST http://localhost:10119/api/ApiGateway0 GET http://localhost:10119/api/ApiGateway0 PUT http://localhost:10119/api/ApiGateway0 DELETE http://localhost:10119/api/ApiGateway0 
1111,Client180,http://localhost:10121/api/Client180,,false,1111,ApiGateway,Client,POST http://localhost:10119/api/ApiGateway0 GET http://localhost:10119/api/ApiGateway0 PUT http://localhost:10119/api/ApiGateway0 DELETE http://localhost:10119/api/ApiGateway0 
1112,Client181,http://localhost:10122/api/Client181,,false,1112,ApiGateway,Client,POST http://localhost:10119/api/ApiGateway0 GET http://localhost:10119/api/ApiGateway0 PUT http://localhost:10119/api/ApiGateway0 DELETE http://localhost:10119/api/ApiGateway0 
1113,Client182,http://localhost:10123/api/Client182,,false,1113,ApiGateway,Client,POST http://localhost:10119/api/ApiGateway0 GET http://localhost:10119/api/ApiGateway0 PUT http://localhost:10119/api/ApiGateway0 DELETE http://localhost:10119/api/ApiGateway0 
1114,Worker0,http://localhost:10124/api/Worker0,POST GET PUT DELETE ,false,1114,ApiGateway,Worker,
1115,ApiGateway1,http://localhost:10125/api/ApiGateway1,POST PUT GET DELETE ,false,1115,ApiGateway,ApiGateway,POST http://localhost:10130/api/Worker1 GET http://localhost:10130/api/Worker1 PUT http://localhost:10130/api/Worker1 DELETE http://localhost:10130/api/Worker1 POST http://localhost:10131/api/Worker2 GET http://localhost:10131/api/Worker2 PUT http://localhost:10131/api/Worker2 DELETE http://localhost:10131/api/Worker2 
1116,Client183,http://localhost:10126/api/Client183,,false,1116,ApiGateway,Client,POST http://localhost:10125/api/ApiGateway1 GET http://localhost:10125/api/ApiGateway1 PUT http://localhost:10125/api/ApiGateway1 DELETE http://localhost:10125/api/ApiGateway1 
1117,Client184,http://localhost:10127/api/Client184,,false,1117,ApiGateway,Client,POST http://localhost:10125/api/ApiGateway1 GET http://localhost:10125/api/ApiGateway1 PUT http://localhost:10125/api/ApiGateway1 DELETE http://localhost:10125/api/ApiGateway1 
1118,Client185,http://localhost:10128/api/Client185,,false,1118,ApiGateway,Client,POST http://localhost:10125/api/ApiGateway1 GET http://localhost:10125/api/ApiGateway1 PUT http://localhost:10125/api/ApiGateway1 DELETE http://localhost:10125/api/ApiGateway1 
1119,Client186,http://localhost:10129/api/Client186,,false,1119,ApiGateway,Client,POST http://localhost:10125/api/ApiGateway1 GET http://localhost:10125/api/ApiGateway1 PUT http://localhost:10125/api/ApiGateway1 DELETE http://localhost:10125/api/ApiGateway1 
1120,Worker1,http://localhost:10130/api/Worker1,POST GET PUT DELETE ,false,1120,ApiGateway,Worker,
1121,Worker2,http://localhost:10131/api/Worker2,POST GET PUT DELETE ,false,1121,ApiGateway,Worker,
1122,ApiGateway2,http://localhost:10132/api/ApiGateway2,POST PUT GET DELETE ,false,1122,ApiGateway,ApiGateway,POST http://localhost:10137/api/Worker3 GET http://localhost:10137/api/Worker3 PUT http://localhost:10137/api/Worker3 DELETE http://localhost:10137/api/Worker3 POST http://localhost:10138/api/Worker4 GET http://localhost:10138/api/Worker4 PUT http://localhost:10138/api/Worker4 DELETE http://localhost:10138/api/Worker4 POST http://localhost:10139/api/Worker5 GET http://localhost:10139/api/Worker5 PUT http://localhost:10139/api/Worker5 DELETE http://localhost:10139/api/Worker5 
1123,Client187,http://localhost:10133/api/Client187,,false,1123,ApiGateway,Client,POST http://localhost:10132/api/ApiGateway2 GET http://localhost:10132/api/ApiGateway2 PUT http://localhost:10132/api/ApiGateway2 DELETE http://localhost:10132/api/ApiGateway2 
1124,Client188,http://localhost:10134/api/Client188,,false,1124,ApiGateway,Client,POST http://localhost:10132/api/ApiGateway2 GET http://localhost:10132/api/ApiGateway2 PUT http://localhost:10132/api/ApiGateway2 DELETE http://localhost:10132/api/ApiGateway2 
1125,Client189,http://localhost:10135/api/Client189,,false,1125,ApiGateway,Client,POST http://localhost:10132/api/ApiGateway2 GET http://localhost:10132/api/ApiGateway2 PUT http://localhost:10132/api/ApiGateway2 DELETE http://localhost:10132/api/ApiGateway2 
1126,Client190,http://localhost:10136/api/Client190,,false,1126,ApiGateway,Client,POST http://localhost:10132/api/ApiGateway2 GET http://localhost:10132/api/ApiGateway2 PUT http://localhost:10132/api/ApiGateway2 DELETE http://localhost:10132/api/ApiGateway2 
1127,Worker3,http://localhost:10137/api/Worker3,POST GET PUT DELETE ,false,1127,ApiGateway,Worker,
1128,Worker4,http://localhost:10138/api/Worker4,POST GET PUT DELETE ,false,1128,ApiGateway,Worker,
1129,Worker5,http://localhost:10139/api/Worker5,POST GET PUT DELETE ,false,1129,ApiGateway,Worker,
1130,ApiGateway3,http://localhost:10140/api/ApiGateway3,POST PUT GET DELETE ,false,1130,ApiGateway,ApiGateway,POST http://localhost:10145/api/Worker6 GET http://localhost:10145/api/Worker6 PUT http://localhost:10145/api/Worker6 DELETE http://localhost:10145/api/Worker6 
1131,Client191,http://localhost:10141/api/Client191,,false,1131,ApiGateway,Client,POST http://localhost:10140/api/ApiGateway3 GET http://localhost:10140/api/ApiGateway3 PUT http://localhost:10140/api/ApiGateway3 DELETE http://localhost:10140/api/ApiGateway3 
1132,Client192,http://localhost:10142/api/Client192,,false,1132,ApiGateway,Client,POST http://localhost:10140/api/ApiGateway3 GET http://localhost:10140/api/ApiGateway3 PUT http://localhost:10140/api/ApiGateway3 DELETE http://localhost:10140/api/ApiGateway3 
1133,Client193,http://localhost:10143/api/Client193,,false,1133,ApiGateway,Client,POST http://localhost:10140/api/ApiGateway3 GET http://localhost:10140/api/ApiGateway3 PUT http://localhost:10140/api/ApiGateway3 DELETE http://localhost:10140/api/ApiGateway3 
1134,Client194,http://localhost:10144/api/Client194,,false,1134,ApiGateway,Client,POST http://localhost:10140/api/ApiGateway3 GET http://localhost:10140/api/ApiGateway3 PUT http://localhost:10140/api/ApiGateway3 DELETE http://localhost:10140/api/ApiGateway3 
1135,Worker6,http://localhost:10145/api/Worker6,POST GET PUT DELETE ,false,1135,ApiGateway,Worker,
1136,ApiGateway4,http://localhost:10146/api/ApiGateway4,POST PUT GET DELETE ,false,1136,ApiGateway,ApiGateway,POST http://localhost:10151/api/Worker7 GET http://localhost:10151/api/Worker7 PUT http://localhost:10151/api/Worker7 DELETE http://localhost:10151/api/Worker7 POST http://localhost:10152/api/Worker8 GET http://localhost:10152/api/Worker8 PUT http://localhost:10152/api/Worker8 DELETE http://localhost:10152/api/Worker8 POST http://localhost:10153/api/Worker9 GET http://localhost:10153/api/Worker9 PUT http://localhost:10153/api/Worker9 DELETE http://localhost:10153/api/Worker9 
1137,Client195,http://localhost:10147/api/Client195,,false,1137,ApiGateway,Client,POST http://localhost:10146/api/ApiGateway4 GET http://localhost:10146/api/ApiGateway4 PUT http://localhost:10146/api/ApiGateway4 DELETE http://localhost:10146/api/ApiGateway4 
1138,Client196,http://localhost:10148/api/Client196,,false,1138,ApiGateway,Client,POST http://localhost:10146/api/ApiGateway4 GET http://localhost:10146/api/ApiGateway4 PUT http://localhost:10146/api/ApiGateway4 DELETE http://localhost:10146/api/ApiGateway4 
1139,Client197,http://localhost:10149/api/Client197,,false,1139,ApiGateway,Client,POST http://localhost:10146/api/ApiGateway4 GET http://localhost:10146/api/ApiGateway4 PUT http://localhost:10146/api/ApiGateway4 DELETE http://localhost:10146/api/ApiGateway4 
1140,Client198,http://localhost:10150/api/Client198,,false,1140,ApiGateway,Client,POST http://localhost:10146/api/ApiGateway4 GET http://localhost:10146/api/ApiGateway4 PUT http://localhost:10146/api/ApiGateway4 DELETE http://localhost:10146/api/ApiGateway4 
1141,Worker7,http://localhost:10151/api/Worker7,POST GET PUT DELETE ,false,1141,ApiGateway,Worker,
1142,Worker8,http://localhost:10152/api/Worker8,POST GET PUT DELETE ,false,1142,ApiGateway,Worker,
1143,Worker9,http://localhost:10153/api/Worker9,POST GET PUT DELETE ,false,1143,ApiGateway,Worker,
1144,ApiGateway5,http://localhost:10154/api/ApiGateway5,POST PUT GET DELETE ,false,1144,ApiGateway,ApiGateway,POST http://localhost:10158/api/Worker10 GET http://localhost:10158/api/Worker10 PUT http://localhost:10158/api/Worker10 DELETE http://localhost:10158/api/Worker10 POST http://localhost:10159/api/Worker11 GET http://localhost:10159/api/Worker11 PUT http://localhost:10159/api/Worker11 DELETE http://localhost:10159/api/Worker11 
1145,Client199,http://localhost:10155/api/Client199,,false,1145,ApiGateway,Client,POST http://localhost:10154/api/ApiGateway5 GET http://localhost:10154/api/ApiGateway5 PUT http://localhost:10154/api/ApiGateway5 DELETE http://localhost:10154/api/ApiGateway5 
1146,Client200,http://localhost:10156/api/Client200,,false,1146,ApiGateway,Client,POST http://localhost:10154/api/ApiGateway5 GET http://localhost:10154/api/ApiGateway5 PUT http://localhost:10154/api/ApiGateway5 DELETE http://localhost:10154/api/ApiGateway5 
1147,Client201,http://localhost:10157/api/Client201,,false,1147,ApiGateway,Client,POST http://localhost:10154/api/ApiGateway5 GET http://localhost:10154/api/ApiGateway5 PUT http://localhost:10154/api/ApiGateway5 DELETE http://localhost:10154/api/ApiGateway5 
1148,Worker10,http://localhost:10158/api/Worker10,POST GET PUT DELETE ,false,1148,ApiGateway,Worker,
1149,Worker11,http://localhost:10159/api/Worker11,POST GET PUT DELETE ,false,1149,ApiGateway,Worker,
1150,ApiGateway6,http://localhost:10160/api/ApiGateway6,POST PUT GET DELETE ,false,1150,ApiGateway,ApiGateway,POST http://localhost:10164/api/Worker12 GET http://localhost:10164/api/Worker12 PUT http://localhost:10164/api/Worker12 DELETE http://localhost:10164/api/Worker12 
1151,Client202,http://localhost:10161/api/Client202,,false,1151,ApiGateway,Client,POST http://localhost:10160/api/ApiGateway6 GET http://localhost:10160/api/ApiGateway6 PUT http://localhost:10160/api/ApiGateway6 DELETE http://localhost:10160/api/ApiGateway6 
1152,Client203,http://localhost:10162/api/Client203,,false,1152,ApiGateway,Client,POST http://localhost:10160/api/ApiGateway6 GET http://localhost:10160/api/ApiGateway6 PUT http://localhost:10160/api/ApiGateway6 DELETE http://localhost:10160/api/ApiGateway6 
1153,Client204,http://localhost:10163/api/Client204,,false,1153,ApiGateway,Client,POST http://localhost:10160/api/ApiGateway6 GET http://localhost:10160/api/ApiGateway6 PUT http://localhost:10160/api/ApiGateway6 DELETE http://localhost:10160/api/ApiGateway6 
1154,Worker12,http://localhost:10164/api/Worker12,POST GET PUT DELETE ,false,1154,ApiGateway,Worker,
1155,ApiGateway7,http://localhost:10165/api/ApiGateway7,POST PUT GET DELETE ,false,1155,ApiGateway,ApiGateway,POST http://localhost:10169/api/Worker13 GET http://localhost:10169/api/Worker13 PUT http://localhost:10169/api/Worker13 DELETE http://localhost:10169/api/Worker13 
1156,Client205,http://localhost:10166/api/Client205,,false,1156,ApiGateway,Client,POST http://localhost:10165/api/ApiGateway7 GET http://localhost:10165/api/ApiGateway7 PUT http://localhost:10165/api/ApiGateway7 DELETE http://localhost:10165/api/ApiGateway7 
1157,Client206,http://localhost:10167/api/Client206,,false,1157,ApiGateway,Client,POST http://localhost:10165/api/ApiGateway7 GET http://localhost:10165/api/ApiGateway7 PUT http://localhost:10165/api/ApiGateway7 DELETE http://localhost:10165/api/ApiGateway7 
1158,Client207,http://localhost:10168/api/Client207,,false,1158,ApiGateway,Client,POST http://localhost:10165/api/ApiGateway7 GET http://localhost:10165/api/ApiGateway7 PUT http://localhost:10165/api/ApiGateway7 DELETE http://localhost:10165/api/ApiGateway7 
1159,Worker13,http://localhost:10169/api/Worker13,POST GET PUT DELETE ,false,1159,ApiGateway,Worker,
1160,ApiGateway8,http://localhost:10170/api/ApiGateway8,POST PUT GET DELETE ,false,1160,ApiGateway,ApiGateway,POST http://localhost:10174/api/Worker14 GET http://localhost:10174/api/Worker14 PUT http://localhost:10174/api/Worker14 DELETE http://localhost:10174/api/Worker14 POST http://localhost:10175/api/Worker15 GET http://localhost:10175/api/Worker15 PUT http://localhost:10175/api/Worker15 DELETE http://localhost:10175/api/Worker15 POST http://localhost:10176/api/Worker16 GET http://localhost:10176/api/Worker16 PUT http://localhost:10176/api/Worker16 DELETE http://localhost:10176/api/Worker16 
1161,Client208,http://localhost:10171/api/Client208,,false,1161,ApiGateway,Client,POST http://localhost:10170/api/ApiGateway8 GET http://localhost:10170/api/ApiGateway8 PUT http://localhost:10170/api/ApiGateway8 DELETE http://localhost:10170/api/ApiGateway8 
1162,Client209,http://localhost:10172/api/Client209,,false,1162,ApiGateway,Client,POST http://localhost:10170/api/ApiGateway8 GET http://localhost:10170/api/ApiGateway8 PUT http://localhost:10170/api/ApiGateway8 DELETE http://localhost:10170/api/ApiGateway8 
1163,Client210,http://localhost:10173/api/Client210,,false,1163,ApiGateway,Client,POST http://localhost:10170/api/ApiGateway8 GET http://localhost:10170/api/ApiGateway8 PUT http://localhost:10170/api/ApiGateway8 DELETE http://localhost:10170/api/ApiGateway8 
1164,Worker14,http://localhost:10174/api/Worker14,POST GET PUT DELETE ,false,1164,ApiGateway,Worker,
1165,Worker15,http://localhost:10175/api/Worker15,POST GET PUT DELETE ,false,1165,ApiGateway,Worker,
1166,Worker16,http://localhost:10176/api/Worker16,POST GET PUT DELETE ,false,1166,ApiGateway,Worker,
1167,ApiGateway9,http://localhost:10177/api/ApiGateway9,POST PUT GET DELETE ,false,1167,ApiGateway,ApiGateway,POST http://localhost:10182/api/Worker17 GET http://localhost:10182/api/Worker17 PUT http://localhost:10182/api/Worker17 DELETE http://localhost:10182/api/Worker17 
1168,Client211,http://localhost:10178/api/Client211,,false,1168,ApiGateway,Client,POST http://localhost:10177/api/ApiGateway9 GET http://localhost:10177/api/ApiGateway9 PUT http://localhost:10177/api/ApiGateway9 DELETE http://localhost:10177/api/ApiGateway9 
1169,Client212,http://localhost:10179/api/Client212,,false,1169,ApiGateway,Client,POST http://localhost:10177/api/ApiGateway9 GET http://localhost:10177/api/ApiGateway9 PUT http://localhost:10177/api/ApiGateway9 DELETE http://localhost:10177/api/ApiGateway9 
1170,Client213,http://localhost:10180/api/Client213,,false,1170,ApiGateway,Client,POST http://localhost:10177/api/ApiGateway9 GET http://localhost:10177/api/ApiGateway9 PUT http://localhost:10177/api/ApiGateway9 DELETE http://localhost:10177/api/ApiGateway9 
1171,Client214,http://localhost:10181/api/Client214,,false,1171,ApiGateway,Client,POST http://localhost:10177/api/ApiGateway9 GET http://localhost:10177/api/ApiGateway9 PUT http://localhost:10177/api/ApiGateway9 DELETE http://localhost:10177/api/ApiGateway9 
1172,Worker17,http://localhost:10182/api/Worker17,POST GET PUT DELETE ,false,1172,ApiGateway,Worker,
1173,ApiGateway10,http://localhost:10183/api/ApiGateway10,POST PUT GET DELETE ,false,1173,ApiGateway,ApiGateway,POST http://localhost:10187/api/Worker18 GET http://localhost:10187/api/Worker18 PUT http://localhost:10187/api/Worker18 DELETE http://localhost:10187/api/Worker18 POST http://localhost:10188/api/Worker19 GET http://localhost:10188/api/Worker19 PUT http://localhost:10188/api/Worker19 DELETE http://localhost:10188/api/Worker19 POST http://localhost:10189/api/Worker20 GET http://localhost:10189/api/Worker20 PUT http://localhost:10189/api/Worker20 DELETE http://localhost:10189/api/Worker20 
1174,Client215,http://localhost:10184/api/Client215,,false,1174,ApiGateway,Client,POST http://localhost:10183/api/ApiGateway10 GET http://localhost:10183/api/ApiGateway10 PUT http://localhost:10183/api/ApiGateway10 DELETE http://localhost:10183/api/ApiGateway10 
1175,Client216,http://localhost:10185/api/Client216,,false,1175,ApiGateway,Client,POST http://localhost:10183/api/ApiGateway10 GET http://localhost:10183/api/ApiGateway10 PUT http://localhost:10183/api/ApiGateway10 DELETE http://localhost:10183/api/ApiGateway10 
1176,Client217,http://localhost:10186/api/Client217,,false,1176,ApiGateway,Client,POST http://localhost:10183/api/ApiGateway10 GET http://localhost:10183/api/ApiGateway10 PUT http://localhost:10183/api/ApiGateway10 DELETE http://localhost:10183/api/ApiGateway10 
1177,Worker18,http://localhost:10187/api/Worker18,POST GET PUT DELETE ,false,1177,ApiGateway,Worker,
1178,Worker19,http://localhost:10188/api/Worker19,POST GET PUT DELETE ,false,1178,ApiGateway,Worker,
1179,Worker20,http://localhost:10189/api/Worker20,POST GET PUT DELETE ,false,1179,ApiGateway,Worker,
1180,ApiGateway11,http://localhost:10190/api/ApiGateway11,POST PUT GET DELETE ,false,1180,ApiGateway,ApiGateway,POST http://localhost:10194/api/Worker21 GET http://localhost:10194/api/Worker21 PUT http://localhost:10194/api/Worker21 DELETE http://localhost:10194/api/Worker21 POST http://localhost:10195/api/Worker22 GET http://localhost:10195/api/Worker22 PUT http://localhost:10195/api/Worker22 DELETE http://localhost:10195/api/Worker22 
1181,Client218,http://localhost:10191/api/Client218,,false,1181,ApiGateway,Client,POST http://localhost:10190/api/ApiGateway11 GET http://localhost:10190/api/ApiGateway11 PUT http://localhost:10190/api/ApiGateway11 DELETE http://localhost:10190/api/ApiGateway11 
1182,Client219,http://localhost:10192/api/Client219,,false,1182,ApiGateway,Client,POST http://localhost:10190/api/ApiGateway11 GET http://localhost:10190/api/ApiGateway11 PUT http://localhost:10190/api/ApiGateway11 DELETE http://localhost:10190/api/ApiGateway11 
1183,Client220,http://localhost:10193/api/Client220,,false,1183,ApiGateway,Client,POST http://localhost:10190/api/ApiGateway11 GET http://localhost:10190/api/ApiGateway11 PUT http://localhost:10190/api/ApiGateway11 DELETE http://localhost:10190/api/ApiGateway11 
1184,Worker21,http://localhost:10194/api/Worker21,POST GET PUT DELETE ,false,1184,ApiGateway,Worker,
1185,Worker22,http://localhost:10195/api/Worker22,POST GET PUT DELETE ,false,1185,ApiGateway,Worker,
1186,ApiGateway12,http://localhost:10196/api/ApiGateway12,POST PUT GET DELETE ,false,1186,ApiGateway,ApiGateway,POST http://localhost:10200/api/Worker23 GET http://localhost:10200/api/Worker23 PUT http://localhost:10200/api/Worker23 DELETE http://localhost:10200/api/Worker23 
1187,Client221,http://localhost:10197/api/Client221,,false,1187,ApiGateway,Client,POST http://localhost:10196/api/ApiGateway12 GET http://localhost:10196/api/ApiGateway12 PUT http://localhost:10196/api/ApiGateway12 DELETE http://localhost:10196/api/ApiGateway12 
1188,Client222,http://localhost:10198/api/Client222,,false,1188,ApiGateway,Client,POST http://localhost:10196/api/ApiGateway12 GET http://localhost:10196/api/ApiGateway12 PUT http://localhost:10196/api/ApiGateway12 DELETE http://localhost:10196/api/ApiGateway12 
1189,Client223,http://localhost:10199/api/Client223,,false,1189,ApiGateway,Client,POST http://localhost:10196/api/ApiGateway12 GET http://localhost:10196/api/ApiGateway12 PUT http://localhost:10196/api/ApiGateway12 DELETE http://localhost:10196/api/ApiGateway12 
1190,Worker23,http://localhost:10200/api/Worker23,POST GET PUT DELETE ,false,1190,ApiGateway,Worker,
1191,ApiGateway13,http://localhost:10201/api/ApiGateway13,POST PUT GET DELETE ,false,1191,ApiGateway,ApiGateway,POST http://localhost:10205/api/Worker24 GET http://localhost:10205/api/Worker24 PUT http://localhost:10205/api/Worker24 DELETE http://localhost:10205/api/Worker24 POST http://localhost:10206/api/Worker25 GET http://localhost:10206/api/Worker25 PUT http://localhost:10206/api/Worker25 DELETE http://localhost:10206/api/Worker25 
1192,Client224,http://localhost:10202/api/Client224,,false,1192,ApiGateway,Client,POST http://localhost:10201/api/ApiGateway13 GET http://localhost:10201/api/ApiGateway13 PUT http://localhost:10201/api/ApiGateway13 DELETE http://localhost:10201/api/ApiGateway13 
1193,Client225,http://localhost:10203/api/Client225,,false,1193,ApiGateway,Client,POST http://localhost:10201/api/ApiGateway13 GET http://localhost:10201/api/ApiGateway13 PUT http://localhost:10201/api/ApiGateway13 DELETE http://localhost:10201/api/ApiGateway13 
1194,Client226,http://localhost:10204/api/Client226,,false,1194,ApiGateway,Client,POST http://localhost:10201/api/ApiGateway13 GET http://localhost:10201/api/ApiGateway13 PUT http://localhost:10201/api/ApiGateway13 DELETE http://localhost:10201/api/ApiGateway13 
1195,Worker24,http://localhost:10205/api/Worker24,POST GET PUT DELETE ,false,1195,ApiGateway,Worker,
1196,Worker25,http://localhost:10206/api/Worker25,POST GET PUT DELETE ,false,1196,ApiGateway,Worker,
1197,ApiGateway14,http://localhost:10207/api/ApiGateway14,POST PUT GET DELETE ,false,1197,ApiGateway,ApiGateway,POST http://localhost:10212/api/Worker26 GET http://localhost:10212/api/Worker26 PUT http://localhost:10212/api/Worker26 DELETE http://localhost:10212/api/Worker26 POST http://localhost:10213/api/Worker27 GET http://localhost:10213/api/Worker27 PUT http://localhost:10213/api/Worker27 DELETE http://localhost:10213/api/Worker27 
1198,Client227,http://localhost:10208/api/Client227,,false,1198,ApiGateway,Client,POST http://localhost:10207/api/ApiGateway14 GET http://localhost:10207/api/ApiGateway14 PUT http://localhost:10207/api/ApiGateway14 DELETE http://localhost:10207/api/ApiGateway14 
1199,Client228,http://localhost:10209/api/Client228,,false,1199,ApiGateway,Client,POST http://localhost:10207/api/ApiGateway14 GET http://localhost:10207/api/ApiGateway14 PUT http://localhost:10207/api/ApiGateway14 DELETE http://localhost:10207/api/ApiGateway14 
1200,Client229,http://localhost:10210/api/Client229,,false,1200,ApiGateway,Client,POST http://localhost:10207/api/ApiGateway14 GET http://localhost:10207/api/ApiGateway14 PUT http://localhost:10207/api/ApiGateway14 DELETE http://localhost:10207/api/ApiGateway14 
1201,Client230,http://localhost:10211/api/Client230,,false,1201,ApiGateway,Client,POST http://localhost:10207/api/ApiGateway14 GET http://localhost:10207/api/ApiGateway14 PUT http://localhost:10207/api/ApiGateway14 DELETE http://localhost:10207/api/ApiGateway14 
1202,Worker26,http://localhost:10212/api/Worker26,POST GET PUT DELETE ,false,1202,ApiGateway,Worker,
1203,Worker27,http://localhost:10213/api/Worker27,POST GET PUT DELETE ,false,1203,ApiGateway,Worker,
1204,ApiGateway15,http://localhost:10214/api/ApiGateway15,POST PUT GET DELETE ,false,1204,ApiGateway,ApiGateway,POST http://localhost:10218/api/Worker28 GET http://localhost:10218/api/Worker28 PUT http://localhost:10218/api/Worker28 DELETE http://localhost:10218/api/Worker28 POST http://localhost:10219/api/Worker29 GET http://localhost:10219/api/Worker29 PUT http://localhost:10219/api/Worker29 DELETE http://localhost:10219/api/Worker29 
1205,Client231,http://localhost:10215/api/Client231,,false,1205,ApiGateway,Client,POST http://localhost:10214/api/ApiGateway15 GET http://localhost:10214/api/ApiGateway15 PUT http://localhost:10214/api/ApiGateway15 DELETE http://localhost:10214/api/ApiGateway15 
1206,Client232,http://localhost:10216/api/Client232,,false,1206,ApiGateway,Client,POST http://localhost:10214/api/ApiGateway15 GET http://localhost:10214/api/ApiGateway15 PUT http://localhost:10214/api/ApiGateway15 DELETE http://localhost:10214/api/ApiGateway15 
1207,Client233,http://localhost:10217/api/Client233,,false,1207,ApiGateway,Client,POST http://localhost:10214/api/ApiGateway15 GET http://localhost:10214/api/ApiGateway15 PUT http://localhost:10214/api/ApiGateway15 DELETE http://localhost:10214/api/ApiGateway15 
1208,Worker28,http://localhost:10218/api/Worker28,POST GET PUT DELETE ,false,1208,ApiGateway,Worker,
1209,Worker29,http://localhost:10219/api/Worker29,POST GET PUT DELETE ,false,1209,ApiGateway,Worker,
1210,ApiGateway16,http://localhost:10220/api/ApiGateway16,POST PUT GET DELETE ,false,1210,ApiGateway,ApiGateway,POST http://localhost:10225/api/Worker30 GET http://localhost:10225/api/Worker30 PUT http://localhost:10225/api/Worker30 DELETE http://localhost:10225/api/Worker30 POST http://localhost:10226/api/Worker31 GET http://localhost:10226/api/Worker31 PUT http://localhost:10226/api/Worker31 DELETE http://localhost:10226/api/Worker31 POST http://localhost:10227/api/Worker32 GET http://localhost:10227/api/Worker32 PUT http://localhost:10227/api/Worker32 DELETE http://localhost:10227/api/Worker32 
1211,Client234,http://localhost:10221/api/Client234,,false,1211,ApiGateway,Client,POST http://localhost:10220/api/ApiGateway16 GET http://localhost:10220/api/ApiGateway16 PUT http://localhost:10220/api/ApiGateway16 DELETE http://localhost:10220/api/ApiGateway16 
1212,Client235,http://localhost:10222/api/Client235,,false,1212,ApiGateway,Client,POST http://localhost:10220/api/ApiGateway16 GET http://localhost:10220/api/ApiGateway16 PUT http://localhost:10220/api/ApiGateway16 DELETE http://localhost:10220/api/ApiGateway16 
1213,Client236,http://localhost:10223/api/Client236,,false,1213,ApiGateway,Client,POST http://localhost:10220/api/ApiGateway16 GET http://localhost:10220/api/ApiGateway16 PUT http://localhost:10220/api/ApiGateway16 DELETE http://localhost:10220/api/ApiGateway16 
1214,Client237,http://localhost:10224/api/Client237,,false,1214,ApiGateway,Client,POST http://localhost:10220/api/ApiGateway16 GET http://localhost:10220/api/ApiGateway16 PUT http://localhost:10220/api/ApiGateway16 DELETE http://localhost:10220/api/ApiGateway16 
1215,Worker30,http://localhost:10225/api/Worker30,POST GET PUT DELETE ,false,1215,ApiGateway,Worker,
1216,Worker31,http://localhost:10226/api/Worker31,POST GET PUT DELETE ,false,1216,ApiGateway,Worker,
1217,Worker32,http://localhost:10227/api/Worker32,POST GET PUT DELETE ,false,1217,ApiGateway,Worker,
1218,ApiGateway17,http://localhost:10228/api/ApiGateway17,POST PUT GET DELETE ,false,1218,ApiGateway,ApiGateway,POST http://localhost:10232/api/Worker33 GET http://localhost:10232/api/Worker33 PUT http://localhost:10232/api/Worker33 DELETE http://localhost:10232/api/Worker33 
1219,Client238,http://localhost:10229/api/Client238,,false,1219,ApiGateway,Client,POST http://localhost:10228/api/ApiGateway17 GET http://localhost:10228/api/ApiGateway17 PUT http://localhost:10228/api/ApiGateway17 DELETE http://localhost:10228/api/ApiGateway17 
1220,Client239,http://localhost:10230/api/Client239,,false,1220,ApiGateway,Client,POST http://localhost:10228/api/ApiGateway17 GET http://localhost:10228/api/ApiGateway17 PUT http://localhost:10228/api/ApiGateway17 DELETE http://localhost:10228/api/ApiGateway17 
1221,Client240,http://localhost:10231/api/Client240,,false,1221,ApiGateway,Client,POST http://localhost:10228/api/ApiGateway17 GET http://localhost:10228/api/ApiGateway17 PUT http://localhost:10228/api/ApiGateway17 DELETE http://localhost:10228/api/ApiGateway17 
1222,Worker33,http://localhost:10232/api/Worker33,POST GET PUT DELETE ,false,1222,ApiGateway,Worker,
1223,ApiGateway18,http://localhost:10233/api/ApiGateway18,POST PUT GET DELETE ,false,1223,ApiGateway,ApiGateway,POST http://localhost:10238/api/Worker34 GET http://localhost:10238/api/Worker34 PUT http://localhost:10238/api/Worker34 DELETE http://localhost:10238/api/Worker34 POST http://localhost:10239/api/Worker35 GET http://localhost:10239/api/Worker35 PUT http://localhost:10239/api/Worker35 DELETE http://localhost:10239/api/Worker35 
1224,Client241,http://localhost:10234/api/Client241,,false,1224,ApiGateway,Client,POST http://localhost:10233/api/ApiGateway18 GET http://localhost:10233/api/ApiGateway18 PUT http://localhost:10233/api/ApiGateway18 DELETE http://localhost:10233/api/ApiGateway18 
1225,Client242,http://localhost:10235/api/Client242,,false,1225,ApiGateway,Client,POST http://localhost:10233/api/ApiGateway18 GET http://localhost:10233/api/ApiGateway18 PUT http://localhost:10233/api/ApiGateway18 DELETE http://localhost:10233/api/ApiGateway18 
1226,Client243,http://localhost:10236/api/Client243,,false,1226,ApiGateway,Client,POST http://localhost:10233/api/ApiGateway18 GET http://localhost:10233/api/ApiGateway18 PUT http://localhost:10233/api/ApiGateway18 DELETE http://localhost:10233/api/ApiGateway18 
1227,Client244,http://localhost:10237/api/Client244,,false,1227,ApiGateway,Client,POST http://localhost:10233/api/ApiGateway18 GET http://localhost:10233/api/ApiGateway18 PUT http://localhost:10233/api/ApiGateway18 DELETE http://localhost:10233/api/ApiGateway18 
1228,Worker34,http://localhost:10238/api/Worker34,POST GET PUT DELETE ,false,1228,ApiGateway,Worker,
1229,Worker35,http://localhost:10239/api/Worker35,POST GET PUT DELETE ,false,1229,ApiGateway,Worker,
1230,ApiGateway19,http://localhost:10240/api/ApiGateway19,POST PUT GET DELETE ,false,1230,ApiGateway,ApiGateway,POST http://localhost:10245/api/Worker36 GET http://localhost:10245/api/Worker36 PUT http://localhost:10245/api/Worker36 DELETE http://localhost:10245/api/Worker36 POST http://localhost:10246/api/Worker37 GET http://localhost:10246/api/Worker37 PUT http://localhost:10246/api/Worker37 DELETE http://localhost:10246/api/Worker37 POST http://localhost:10247/api/Worker38 GET http://localhost:10247/api/Worker38 PUT http://localhost:10247/api/Worker38 DELETE http://localhost:10247/api/Worker38 
1231,Client245,http://localhost:10241/api/Client245,,false,1231,ApiGateway,Client,POST http://localhost:10240/api/ApiGateway19 GET http://localhost:10240/api/ApiGateway19 PUT http://localhost:10240/api/ApiGateway19 DELETE http://localhost:10240/api/ApiGateway19 
1232,Client246,http://localhost:10242/api/Client246,,false,1232,ApiGateway,Client,POST http://localhost:10240/api/ApiGateway19 GET http://localhost:10240/api/ApiGateway19 PUT http://localhost:10240/api/ApiGateway19 DELETE http://localhost:10240/api/ApiGateway19 
1233,Client247,http://localhost:10243/api/Client247,,false,1233,ApiGateway,Client,POST http://localhost:10240/api/ApiGateway19 GET http://localhost:10240/api/ApiGateway19 PUT http://localhost:10240/api/ApiGateway19 DELETE http://localhost:10240/api/ApiGateway19 
1234,Client248,http://localhost:10244/api/Client248,,false,1234,ApiGateway,Client,POST http://localhost:10240/api/ApiGateway19 GET http://localhost:10240/api/ApiGateway19 PUT http://localhost:10240/api/ApiGateway19 DELETE http://localhost:10240/api/ApiGateway19 
1235,Worker36,http://localhost:10245/api/Worker36,POST GET PUT DELETE ,false,1235,ApiGateway,Worker,
1236,Worker37,http://localhost:10246/api/Worker37,POST GET PUT DELETE ,false,1236,ApiGateway,Worker,
1237,Worker38,http://localhost:10247/api/Worker38,POST GET PUT DELETE ,false,1237,ApiGateway,Worker,
1238,ApiGateway20,http://localhost:10248/api/ApiGateway20,POST PUT GET DELETE ,false,1238,ApiGateway,ApiGateway,POST http://localhost:10253/api/Worker39 GET http://localhost:10253/api/Worker39 PUT http://localhost:10253/api/Worker39 DELETE http://localhost:10253/api/Worker39 POST http://localhost:10254/api/Worker40 GET http://localhost:10254/api/Worker40 PUT http://localhost:10254/api/Worker40 DELETE http://localhost:10254/api/Worker40 POST http://localhost:10255/api/Worker41 GET http://localhost:10255/api/Worker41 PUT http://localhost:10255/api/Worker41 DELETE http://localhost:10255/api/Worker41 
1239,Client249,http://localhost:10249/api/Client249,,false,1239,ApiGateway,Client,POST http://localhost:10248/api/ApiGateway20 GET http://localhost:10248/api/ApiGateway20 PUT http://localhost:10248/api/ApiGateway20 DELETE http://localhost:10248/api/ApiGateway20 
1240,Client250,http://localhost:10250/api/Client250,,false,1240,ApiGateway,Client,POST http://localhost:10248/api/ApiGateway20 GET http://localhost:10248/api/ApiGateway20 PUT http://localhost:10248/api/ApiGateway20 DELETE http://localhost:10248/api/ApiGateway20 
1241,Client251,http://localhost:10251/api/Client251,,false,1241,ApiGateway,Client,POST http://localhost:10248/api/ApiGateway20 GET http://localhost:10248/api/ApiGateway20 PUT http://localhost:10248/api/ApiGateway20 DELETE http://localhost:10248/api/ApiGateway20 
1242,Client252,http://localhost:10252/api/Client252,,false,1242,ApiGateway,Client,POST http://localhost:10248/api/ApiGateway20 GET http://localhost:10248/api/ApiGateway20 PUT http://localhost:10248/api/ApiGateway20 DELETE http://localhost:10248/api/ApiGateway20 
1243,Worker39,http://localhost:10253/api/Worker39,POST GET PUT DELETE ,false,1243,ApiGateway,Worker,
1244,Worker40,http://localhost:10254/api/Worker40,POST GET PUT DELETE ,false,1244,ApiGateway,Worker,
1245,Worker41,http://localhost:10255/api/Worker41,POST GET PUT DELETE ,false,1245,ApiGateway,Worker,
1246,ApiGateway21,http://localhost:10256/api/ApiGateway21,POST PUT GET DELETE ,false,1246,ApiGateway,ApiGateway,POST http://localhost:10260/api/Worker42 GET http://localhost:10260/api/Worker42 PUT http://localhost:10260/api/Worker42 DELETE http://localhost:10260/api/Worker42 
1247,Client253,http://localhost:10257/api/Client253,,false,1247,ApiGateway,Client,POST http://localhost:10256/api/ApiGateway21 GET http://localhost:10256/api/ApiGateway21 PUT http://localhost:10256/api/ApiGateway21 DELETE http://localhost:10256/api/ApiGateway21 
1248,Client254,http://localhost:10258/api/Client254,,false,1248,ApiGateway,Client,POST http://localhost:10256/api/ApiGateway21 GET http://localhost:10256/api/ApiGateway21 PUT http://localhost:10256/api/ApiGateway21 DELETE http://localhost:10256/api/ApiGateway21 
1249,Client255,http://localhost:10259/api/Client255,,false,1249,ApiGateway,Client,POST http://localhost:10256/api/ApiGateway21 GET http://localhost:10256/api/ApiGateway21 PUT http://localhost:10256/api/ApiGateway21 DELETE http://localhost:10256/api/ApiGateway21 
1250,Worker42,http://localhost:10260/api/Worker42,POST GET PUT DELETE ,false,1250,ApiGateway,Worker,
1251,ApiGateway22,http://localhost:10261/api/ApiGateway22,POST PUT GET DELETE ,false,1251,ApiGateway,ApiGateway,POST http://localhost:10266/api/Worker43 GET http://localhost:10266/api/Worker43 PUT http://localhost:10266/api/Worker43 DELETE http://localhost:10266/api/Worker43 POST http://localhost:10267/api/Worker44 GET http://localhost:10267/api/Worker44 PUT http://localhost:10267/api/Worker44 DELETE http://localhost:10267/api/Worker44 
1252,Client256,http://localhost:10262/api/Client256,,false,1252,ApiGateway,Client,POST http://localhost:10261/api/ApiGateway22 GET http://localhost:10261/api/ApiGateway22 PUT http://localhost:10261/api/ApiGateway22 DELETE http://localhost:10261/api/ApiGateway22 
1253,Client257,http://localhost:10263/api/Client257,,false,1253,ApiGateway,Client,POST http://localhost:10261/api/ApiGateway22 GET http://localhost:10261/api/ApiGateway22 PUT http://localhost:10261/api/ApiGateway22 DELETE http://localhost:10261/api/ApiGateway22 
1254,Client258,http://localhost:10264/api/Client258,,false,1254,ApiGateway,Client,POST http://localhost:10261/api/ApiGateway22 GET http://localhost:10261/api/ApiGateway22 PUT http://localhost:10261/api/ApiGateway22 DELETE http://localhost:10261/api/ApiGateway22 
1255,Client259,http://localhost:10265/api/Client259,,false,1255,ApiGateway,Client,POST http://localhost:10261/api/ApiGateway22 GET http://localhost:10261/api/ApiGateway22 PUT http://localhost:10261/api/ApiGateway22 DELETE http://localhost:10261/api/ApiGateway22 
1256,Worker43,http://localhost:10266/api/Worker43,POST GET PUT DELETE ,false,1256,ApiGateway,Worker,
1257,Worker44,http://localhost:10267/api/Worker44,POST GET PUT DELETE ,false,1257,ApiGateway,Worker,
1258,ApiGateway23,http://localhost:10268/api/ApiGateway23,POST PUT GET DELETE ,false,1258,ApiGateway,ApiGateway,POST http://localhost:10273/api/Worker45 GET http://localhost:10273/api/Worker45 PUT http://localhost:10273/api/Worker45 DELETE http://localhost:10273/api/Worker45 POST http://localhost:10274/api/Worker46 GET http://localhost:10274/api/Worker46 PUT http://localhost:10274/api/Worker46 DELETE http://localhost:10274/api/Worker46 
1259,Client260,http://localhost:10269/api/Client260,,false,1259,ApiGateway,Client,POST http://localhost:10268/api/ApiGateway23 GET http://localhost:10268/api/ApiGateway23 PUT http://localhost:10268/api/ApiGateway23 DELETE http://localhost:10268/api/ApiGateway23 
1260,Client261,http://localhost:10270/api/Client261,,false,1260,ApiGateway,Client,POST http://localhost:10268/api/ApiGateway23 GET http://localhost:10268/api/ApiGateway23 PUT http://localhost:10268/api/ApiGateway23 DELETE http://localhost:10268/api/ApiGateway23 
1261,Client262,http://localhost:10271/api/Client262,,false,1261,ApiGateway,Client,POST http://localhost:10268/api/ApiGateway23 GET http://localhost:10268/api/ApiGateway23 PUT http://localhost:10268/api/ApiGateway23 DELETE http://localhost:10268/api/ApiGateway23 
1262,Client263,http://localhost:10272/api/Client263,,false,1262,ApiGateway,Client,POST http://localhost:10268/api/ApiGateway23 GET http://localhost:10268/api/ApiGateway23 PUT http://localhost:10268/api/ApiGateway23 DELETE http://localhost:10268/api/ApiGateway23 
1263,Worker45,http://localhost:10273/api/Worker45,POST GET PUT DELETE ,false,1263,ApiGateway,Worker,
1264,Worker46,http://localhost:10274/api/Worker46,POST GET PUT DELETE ,false,1264,ApiGateway,Worker,
1265,ApiGateway24,http://localhost:10275/api/ApiGateway24,POST PUT GET DELETE ,false,1265,ApiGateway,ApiGateway,POST http://localhost:10279/api/Worker47 GET http://localhost:10279/api/Worker47 PUT http://localhost:10279/api/Worker47 DELETE http://localhost:10279/api/Worker47 POST http://localhost:10280/api/Worker48 GET http://localhost:10280/api/Worker48 PUT http://localhost:10280/api/Worker48 DELETE http://localhost:10280/api/Worker48 
1266,Client264,http://localhost:10276/api/Client264,,false,1266,ApiGateway,Client,POST http://localhost:10275/api/ApiGateway24 GET http://localhost:10275/api/ApiGateway24 PUT http://localhost:10275/api/ApiGateway24 DELETE http://localhost:10275/api/ApiGateway24 
1267,Client265,http://localhost:10277/api/Client265,,false,1267,ApiGateway,Client,POST http://localhost:10275/api/ApiGateway24 GET http://localhost:10275/api/ApiGateway24 PUT http://localhost:10275/api/ApiGateway24 DELETE http://localhost:10275/api/ApiGateway24 
1268,Client266,http://localhost:10278/api/Client266,,false,1268,ApiGateway,Client,POST http://localhost:10275/api/ApiGateway24 GET http://localhost:10275/api/ApiGateway24 PUT http://localhost:10275/api/ApiGateway24 DELETE http://localhost:10275/api/ApiGateway24 
1269,Worker47,http://localhost:10279/api/Worker47,POST GET PUT DELETE ,false,1269,ApiGateway,Worker,
1270,Worker48,http://localhost:10280/api/Worker48,POST GET PUT DELETE ,false,1270,ApiGateway,Worker,
1271,ApiGateway25,http://localhost:10281/api/ApiGateway25,POST PUT GET DELETE ,false,1271,ApiGateway,ApiGateway,POST http://localhost:10286/api/Worker49 GET http://localhost:10286/api/Worker49 PUT http://localhost:10286/api/Worker49 DELETE http://localhost:10286/api/Worker49 POST http://localhost:10287/api/Worker50 GET http://localhost:10287/api/Worker50 PUT http://localhost:10287/api/Worker50 DELETE http://localhost:10287/api/Worker50 
1272,Client267,http://localhost:10282/api/Client267,,false,1272,ApiGateway,Client,POST http://localhost:10281/api/ApiGateway25 GET http://localhost:10281/api/ApiGateway25 PUT http://localhost:10281/api/ApiGateway25 DELETE http://localhost:10281/api/ApiGateway25 
1273,Client268,http://localhost:10283/api/Client268,,false,1273,ApiGateway,Client,POST http://localhost:10281/api/ApiGateway25 GET http://localhost:10281/api/ApiGateway25 PUT http://localhost:10281/api/ApiGateway25 DELETE http://localhost:10281/api/ApiGateway25 
1274,Client269,http://localhost:10284/api/Client269,,false,1274,ApiGateway,Client,POST http://localhost:10281/api/ApiGateway25 GET http://localhost:10281/api/ApiGateway25 PUT http://localhost:10281/api/ApiGateway25 DELETE http://localhost:10281/api/ApiGateway25 
1275,Client270,http://localhost:10285/api/Client270,,false,1275,ApiGateway,Client,POST http://localhost:10281/api/ApiGateway25 GET http://localhost:10281/api/ApiGateway25 PUT http://localhost:10281/api/ApiGateway25 DELETE http://localhost:10281/api/ApiGateway25 
1276,Worker49,http://localhost:10286/api/Worker49,POST GET PUT DELETE ,false,1276,ApiGateway,Worker,
1277,Worker50,http://localhost:10287/api/Worker50,POST GET PUT DELETE ,false,1277,ApiGateway,Worker,
1278,ApiGateway26,http://localhost:10288/api/ApiGateway26,POST PUT GET DELETE ,false,1278,ApiGateway,ApiGateway,POST http://localhost:10292/api/Worker51 GET http://localhost:10292/api/Worker51 PUT http://localhost:10292/api/Worker51 DELETE http://localhost:10292/api/Worker51 
1279,Client271,http://localhost:10289/api/Client271,,false,1279,ApiGateway,Client,POST http://localhost:10288/api/ApiGateway26 GET http://localhost:10288/api/ApiGateway26 PUT http://localhost:10288/api/ApiGateway26 DELETE http://localhost:10288/api/ApiGateway26 
1280,Client272,http://localhost:10290/api/Client272,,false,1280,ApiGateway,Client,POST http://localhost:10288/api/ApiGateway26 GET http://localhost:10288/api/ApiGateway26 PUT http://localhost:10288/api/ApiGateway26 DELETE http://localhost:10288/api/ApiGateway26 
1281,Client273,http://localhost:10291/api/Client273,,false,1281,ApiGateway,Client,POST http://localhost:10288/api/ApiGateway26 GET http://localhost:10288/api/ApiGateway26 PUT http://localhost:10288/api/ApiGateway26 DELETE http://localhost:10288/api/ApiGateway26 
1282,Worker51,http://localhost:10292/api/Worker51,POST GET PUT DELETE ,false,1282,ApiGateway,Worker,
1283,ApiGateway27,http://localhost:10293/api/ApiGateway27,POST PUT GET DELETE ,false,1283,ApiGateway,ApiGateway,POST http://localhost:10298/api/Worker52 GET http://localhost:10298/api/Worker52 PUT http://localhost:10298/api/Worker52 DELETE http://localhost:10298/api/Worker52 
1284,Client274,http://localhost:10294/api/Client274,,false,1284,ApiGateway,Client,POST http://localhost:10293/api/ApiGateway27 GET http://localhost:10293/api/ApiGateway27 PUT http://localhost:10293/api/ApiGateway27 DELETE http://localhost:10293/api/ApiGateway27 
1285,Client275,http://localhost:10295/api/Client275,,false,1285,ApiGateway,Client,POST http://localhost:10293/api/ApiGateway27 GET http://localhost:10293/api/ApiGateway27 PUT http://localhost:10293/api/ApiGateway27 DELETE http://localhost:10293/api/ApiGateway27 
1286,Client276,http://localhost:10296/api/Client276,,false,1286,ApiGateway,Client,POST http://localhost:10293/api/ApiGateway27 GET http://localhost:10293/api/ApiGateway27 PUT http://localhost:10293/api/ApiGateway27 DELETE http://localhost:10293/api/ApiGateway27 
1287,Client277,http://localhost:10297/api/Client277,,false,1287,ApiGateway,Client,POST http://localhost:10293/api/ApiGateway27 GET http://localhost:10293/api/ApiGateway27 PUT http://localhost:10293/api/ApiGateway27 DELETE http://localhost:10293/api/ApiGateway27 
1288,Worker52,http://localhost:10298/api/Worker52,POST GET PUT DELETE ,false,1288,ApiGateway,Worker,
1289,ApiGateway28,http://localhost:10299/api/ApiGateway28,POST PUT GET DELETE ,false,1289,ApiGateway,ApiGateway,POST http://localhost:10304/api/Worker53 GET http://localhost:10304/api/Worker53 PUT http://localhost:10304/api/Worker53 DELETE http://localhost:10304/api/Worker53 POST http://localhost:10305/api/Worker54 GET http://localhost:10305/api/Worker54 PUT http://localhost:10305/api/Worker54 DELETE http://localhost:10305/api/Worker54 
1290,Client278,http://localhost:10300/api/Client278,,false,1290,ApiGateway,Client,POST http://localhost:10299/api/ApiGateway28 GET http://localhost:10299/api/ApiGateway28 PUT http://localhost:10299/api/ApiGateway28 DELETE http://localhost:10299/api/ApiGateway28 
1291,Client279,http://localhost:10301/api/Client279,,false,1291,ApiGateway,Client,POST http://localhost:10299/api/ApiGateway28 GET http://localhost:10299/api/ApiGateway28 PUT http://localhost:10299/api/ApiGateway28 DELETE http://localhost:10299/api/ApiGateway28 
1292,Client280,http://localhost:10302/api/Client280,,false,1292,ApiGateway,Client,POST http://localhost:10299/api/ApiGateway28 GET http://localhost:10299/api/ApiGateway28 PUT http://localhost:10299/api/ApiGateway28 DELETE http://localhost:10299/api/ApiGateway28 
1293,Client281,http://localhost:10303/api/Client281,,false,1293,ApiGateway,Client,POST http://localhost:10299/api/ApiGateway28 GET http://localhost:10299/api/ApiGateway28 PUT http://localhost:10299/api/ApiGateway28 DELETE http://localhost:10299/api/ApiGateway28 
1294,Worker53,http://localhost:10304/api/Worker53,POST GET PUT DELETE ,false,1294,ApiGateway,Worker,
1295,Worker54,http://localhost:10305/api/Worker54,POST GET PUT DELETE ,false,1295,ApiGateway,Worker,
1296,ApiGateway29,http://localhost:10306/api/ApiGateway29,POST PUT GET DELETE ,false,1296,ApiGateway,ApiGateway,POST http://localhost:10311/api/Worker55 GET http://localhost:10311/api/Worker55 PUT http://localhost:10311/api/Worker55 DELETE http://localhost:10311/api/Worker55 
1297,Client282,http://localhost:10307/api/Client282,,false,1297,ApiGateway,Client,POST http://localhost:10306/api/ApiGateway29 GET http://localhost:10306/api/ApiGateway29 PUT http://localhost:10306/api/ApiGateway29 DELETE http://localhost:10306/api/ApiGateway29 
1298,Client283,http://localhost:10308/api/Client283,,false,1298,ApiGateway,Client,POST http://localhost:10306/api/ApiGateway29 GET http://localhost:10306/api/ApiGateway29 PUT http://localhost:10306/api/ApiGateway29 DELETE http://localhost:10306/api/ApiGateway29 
1299,Client284,http://localhost:10309/api/Client284,,false,1299,ApiGateway,Client,POST http://localhost:10306/api/ApiGateway29 GET http://localhost:10306/api/ApiGateway29 PUT http://localhost:10306/api/ApiGateway29 DELETE http://localhost:10306/api/ApiGateway29 
1300,Client285,http://localhost:10310/api/Client285,,false,1300,ApiGateway,Client,POST http://localhost:10306/api/ApiGateway29 GET http://localhost:10306/api/ApiGateway29 PUT http://localhost:10306/api/ApiGateway29 DELETE http://localhost:10306/api/ApiGateway29 
1301,Worker55,http://localhost:10311/api/Worker55,POST GET PUT DELETE ,false,1301,ApiGateway,Worker,
1302,ApiGateway30,http://localhost:10312/api/ApiGateway30,POST PUT GET DELETE ,false,1302,ApiGateway,ApiGateway,POST http://localhost:10317/api/Worker56 GET http://localhost:10317/api/Worker56 PUT http://localhost:10317/api/Worker56 DELETE http://localhost:10317/api/Worker56 POST http://localhost:10318/api/Worker57 GET http://localhost:10318/api/Worker57 PUT http://localhost:10318/api/Worker57 DELETE http://localhost:10318/api/Worker57 POST http://localhost:10319/api/Worker58 GET http://localhost:10319/api/Worker58 PUT http://localhost:10319/api/Worker58 DELETE http://localhost:10319/api/Worker58 
1303,Client286,http://localhost:10313/api/Client286,,false,1303,ApiGateway,Client,POST http://localhost:10312/api/ApiGateway30 GET http://localhost:10312/api/ApiGateway30 PUT http://localhost:10312/api/ApiGateway30 DELETE http://localhost:10312/api/ApiGateway30 
1304,Client287,http://localhost:10314/api/Client287,,false,1304,ApiGateway,Client,POST http://localhost:10312/api/ApiGateway30 GET http://localhost:10312/api/ApiGateway30 PUT http://localhost:10312/api/ApiGateway30 DELETE http://localhost:10312/api/ApiGateway30 
1305,Client288,http://localhost:10315/api/Client288,,false,1305,ApiGateway,Client,POST http://localhost:10312/api/ApiGateway30 GET http://localhost:10312/api/ApiGateway30 PUT http://localhost:10312/api/ApiGateway30 DELETE http://localhost:10312/api/ApiGateway30 
1306,Client289,http://localhost:10316/api/Client289,,false,1306,ApiGateway,Client,POST http://localhost:10312/api/ApiGateway30 GET http://localhost:10312/api/ApiGateway30 PUT http://localhost:10312/api/ApiGateway30 DELETE http://localhost:10312/api/ApiGateway30 
1307,Worker56,http://localhost:10317/api/Worker56,POST GET PUT DELETE ,false,1307,ApiGateway,Worker,
1308,Worker57,http://localhost:10318/api/Worker57,POST GET PUT DELETE ,false,1308,ApiGateway,Worker,
1309,Worker58,http://localhost:10319/api/Worker58,POST GET PUT DELETE ,false,1309,ApiGateway,Worker,
1310,ApiGateway31,http://localhost:10320/api/ApiGateway31,POST PUT GET DELETE ,false,1310,ApiGateway,ApiGateway,POST http://localhost:10324/api/Worker59 GET http://localhost:10324/api/Worker59 PUT http://localhost:10324/api/Worker59 DELETE http://localhost:10324/api/Worker59 
1311,Client290,http://localhost:10321/api/Client290,,false,1311,ApiGateway,Client,POST http://localhost:10320/api/ApiGateway31 GET http://localhost:10320/api/ApiGateway31 PUT http://localhost:10320/api/ApiGateway31 DELETE http://localhost:10320/api/ApiGateway31 
1312,Client291,http://localhost:10322/api/Client291,,false,1312,ApiGateway,Client,POST http://localhost:10320/api/ApiGateway31 GET http://localhost:10320/api/ApiGateway31 PUT http://localhost:10320/api/ApiGateway31 DELETE http://localhost:10320/api/ApiGateway31 
1313,Client292,http://localhost:10323/api/Client292,,false,1313,ApiGateway,Client,POST http://localhost:10320/api/ApiGateway31 GET http://localhost:10320/api/ApiGateway31 PUT http://localhost:10320/api/ApiGateway31 DELETE http://localhost:10320/api/ApiGateway31 
1314,Worker59,http://localhost:10324/api/Worker59,POST GET PUT DELETE ,false,1314,ApiGateway,Worker,
1315,ApiGateway32,http://localhost:10325/api/ApiGateway32,POST PUT GET DELETE ,false,1315,ApiGateway,ApiGateway,POST http://localhost:10329/api/Worker60 GET http://localhost:10329/api/Worker60 PUT http://localhost:10329/api/Worker60 DELETE http://localhost:10329/api/Worker60 POST http://localhost:10330/api/Worker61 GET http://localhost:10330/api/Worker61 PUT http://localhost:10330/api/Worker61 DELETE http://localhost:10330/api/Worker61 POST http://localhost:10331/api/Worker62 GET http://localhost:10331/api/Worker62 PUT http://localhost:10331/api/Worker62 DELETE http://localhost:10331/api/Worker62 
1316,Client293,http://localhost:10326/api/Client293,,false,1316,ApiGateway,Client,POST http://localhost:10325/api/ApiGateway32 GET http://localhost:10325/api/ApiGateway32 PUT http://localhost:10325/api/ApiGateway32 DELETE http://localhost:10325/api/ApiGateway32 
1317,Client294,http://localhost:10327/api/Client294,,false,1317,ApiGateway,Client,POST http://localhost:10325/api/ApiGateway32 GET http://localhost:10325/api/ApiGateway32 PUT http://localhost:10325/api/ApiGateway32 DELETE http://localhost:10325/api/ApiGateway32 
1318,Client295,http://localhost:10328/api/Client295,,false,1318,ApiGateway,Client,POST http://localhost:10325/api/ApiGateway32 GET http://localhost:10325/api/ApiGateway32 PUT http://localhost:10325/api/ApiGateway32 DELETE http://localhost:10325/api/ApiGateway32 
1319,Worker60,http://localhost:10329/api/Worker60,POST GET PUT DELETE ,false,1319,ApiGateway,Worker,
1320,Worker61,http://localhost:10330/api/Worker61,POST GET PUT DELETE ,false,1320,ApiGateway,Worker,
1321,Worker62,http://localhost:10331/api/Worker62,POST GET PUT DELETE ,false,1321,ApiGateway,Worker,
1322,ApiGateway33,http://localhost:10332/api/ApiGateway33,POST PUT GET DELETE ,false,1322,ApiGateway,ApiGateway,POST http://localhost:10337/api/Worker63 GET http://localhost:10337/api/Worker63 PUT http://localhost:10337/api/Worker63 DELETE http://localhost:10337/api/Worker63 POST http://localhost:10338/api/Worker64 GET http://localhost:10338/api/Worker64 PUT http://localhost:10338/api/Worker64 DELETE http://localhost:10338/api/Worker64 
1323,Client296,http://localhost:10333/api/Client296,,false,1323,ApiGateway,Client,POST http://localhost:10332/api/ApiGateway33 GET http://localhost:10332/api/ApiGateway33 PUT http://localhost:10332/api/ApiGateway33 DELETE http://localhost:10332/api/ApiGateway33 
1324,Client297,http://localhost:10334/api/Client297,,false,1324,ApiGateway,Client,POST http://localhost:10332/api/ApiGateway33 GET http://localhost:10332/api/ApiGateway33 PUT http://localhost:10332/api/ApiGateway33 DELETE http://localhost:10332/api/ApiGateway33 
1325,Client298,http://localhost:10335/api/Client298,,false,1325,ApiGateway,Client,POST http://localhost:10332/api/ApiGateway33 GET http://localhost:10332/api/ApiGateway33 PUT http://localhost:10332/api/ApiGateway33 DELETE http://localhost:10332/api/ApiGateway33 
1326,Client299,http://localhost:10336/api/Client299,,false,1326,ApiGateway,Client,POST http://localhost:10332/api/ApiGateway33 GET http://localhost:10332/api/ApiGateway33 PUT http://localhost:10332/api/ApiGateway33 DELETE http://localhost:10332/api/ApiGateway33 
1327,Worker63,http://localhost:10337/api/Worker63,POST GET PUT DELETE ,false,1327,ApiGateway,Worker,
1328,Worker64,http://localhost:10338/api/Worker64,POST GET PUT DELETE ,false,1328,ApiGateway,Worker,
1329,ApiGateway34,http://localhost:10339/api/ApiGateway34,POST PUT GET DELETE ,false,1329,ApiGateway,ApiGateway,POST http://localhost:10343/api/Worker65 GET http://localhost:10343/api/Worker65 PUT http://localhost:10343/api/Worker65 DELETE http://localhost:10343/api/Worker65 POST http://localhost:10344/api/Worker66 GET http://localhost:10344/api/Worker66 PUT http://localhost:10344/api/Worker66 DELETE http://localhost:10344/api/Worker66 
1330,Client300,http://localhost:10340/api/Client300,,false,1330,ApiGateway,Client,POST http://localhost:10339/api/ApiGateway34 GET http://localhost:10339/api/ApiGateway34 PUT http://localhost:10339/api/ApiGateway34 DELETE http://localhost:10339/api/ApiGateway34 
1331,Client301,http://localhost:10341/api/Client301,,false,1331,ApiGateway,Client,POST http://localhost:10339/api/ApiGateway34 GET http://localhost:10339/api/ApiGateway34 PUT http://localhost:10339/api/ApiGateway34 DELETE http://localhost:10339/api/ApiGateway34 
1332,Client302,http://localhost:10342/api/Client302,,false,1332,ApiGateway,Client,POST http://localhost:10339/api/ApiGateway34 GET http://localhost:10339/api/ApiGateway34 PUT http://localhost:10339/api/ApiGateway34 DELETE http://localhost:10339/api/ApiGateway34 
1333,Worker65,http://localhost:10343/api/Worker65,POST GET PUT DELETE ,false,1333,ApiGateway,Worker,
1334,Worker66,http://localhost:10344/api/Worker66,POST GET PUT DELETE ,false,1334,ApiGateway,Worker,
1335,ApiGateway35,http://localhost:10345/api/ApiGateway35,POST PUT GET DELETE ,false,1335,ApiGateway,ApiGateway,POST http://localhost:10350/api/Worker67 GET http://localhost:10350/api/Worker67 PUT http://localhost:10350/api/Worker67 DELETE http://localhost:10350/api/Worker67 
1336,Client303,http://localhost:10346/api/Client303,,false,1336,ApiGateway,Client,POST http://localhost:10345/api/ApiGateway35 GET http://localhost:10345/api/ApiGateway35 PUT http://localhost:10345/api/ApiGateway35 DELETE http://localhost:10345/api/ApiGateway35 
1337,Client304,http://localhost:10347/api/Client304,,false,1337,ApiGateway,Client,POST http://localhost:10345/api/ApiGateway35 GET http://localhost:10345/api/ApiGateway35 PUT http://localhost:10345/api/ApiGateway35 DELETE http://localhost:10345/api/ApiGateway35 
1338,Client305,http://localhost:10348/api/Client305,,false,1338,ApiGateway,Client,POST http://localhost:10345/api/ApiGateway35 GET http://localhost:10345/api/ApiGateway35 PUT http://localhost:10345/api/ApiGateway35 DELETE http://localhost:10345/api/ApiGateway35 
1339,Client306,http://localhost:10349/api/Client306,,false,1339,ApiGateway,Client,POST http://localhost:10345/api/ApiGateway35 GET http://localhost:10345/api/ApiGateway35 PUT http://localhost:10345/api/ApiGateway35 DELETE http://localhost:10345/api/ApiGateway35 
1340,Worker67,http://localhost:10350/api/Worker67,POST GET PUT DELETE ,false,1340,ApiGateway,Worker,
1341,ApiGateway36,http://localhost:10351/api/ApiGateway36,POST PUT GET DELETE ,false,1341,ApiGateway,ApiGateway,POST http://localhost:10356/api/Worker68 GET http://localhost:10356/api/Worker68 PUT http://localhost:10356/api/Worker68 DELETE http://localhost:10356/api/Worker68 
1342,Client307,http://localhost:10352/api/Client307,,false,1342,ApiGateway,Client,POST http://localhost:10351/api/ApiGateway36 GET http://localhost:10351/api/ApiGateway36 PUT http://localhost:10351/api/ApiGateway36 DELETE http://localhost:10351/api/ApiGateway36 
1343,Client308,http://localhost:10353/api/Client308,,false,1343,ApiGateway,Client,POST http://localhost:10351/api/ApiGateway36 GET http://localhost:10351/api/ApiGateway36 PUT http://localhost:10351/api/ApiGateway36 DELETE http://localhost:10351/api/ApiGateway36 
1344,Client309,http://localhost:10354/api/Client309,,false,1344,ApiGateway,Client,POST http://localhost:10351/api/ApiGateway36 GET http://localhost:10351/api/ApiGateway36 PUT http://localhost:10351/api/ApiGateway36 DELETE http://localhost:10351/api/ApiGateway36 
1345,Client310,http://localhost:10355/api/Client310,,false,1345,ApiGateway,Client,POST http://localhost:10351/api/ApiGateway36 GET http://localhost:10351/api/ApiGateway36 PUT http://localhost:10351/api/ApiGateway36 DELETE http://localhost:10351/api/ApiGateway36 
1346,Worker68,http://localhost:10356/api/Worker68,POST GET PUT DELETE ,false,1346,ApiGateway,Worker,
1347,ApiGateway37,http://localhost:10357/api/ApiGateway37,POST PUT GET DELETE ,false,1347,ApiGateway,ApiGateway,POST http://localhost:10361/api/Worker69 GET http://localhost:10361/api/Worker69 PUT http://localhost:10361/api/Worker69 DELETE http://localhost:10361/api/Worker69 POST http://localhost:10362/api/Worker70 GET http://localhost:10362/api/Worker70 PUT http://localhost:10362/api/Worker70 DELETE http://localhost:10362/api/Worker70 POST http://localhost:10363/api/Worker71 GET http://localhost:10363/api/Worker71 PUT http://localhost:10363/api/Worker71 DELETE http://localhost:10363/api/Worker71 
1348,Client311,http://localhost:10358/api/Client311,,false,1348,ApiGateway,Client,POST http://localhost:10357/api/ApiGateway37 GET http://localhost:10357/api/ApiGateway37 PUT http://localhost:10357/api/ApiGateway37 DELETE http://localhost:10357/api/ApiGateway37 
1349,Client312,http://localhost:10359/api/Client312,,false,1349,ApiGateway,Client,POST http://localhost:10357/api/ApiGateway37 GET http://localhost:10357/api/ApiGateway37 PUT http://localhost:10357/api/ApiGateway37 DELETE http://localhost:10357/api/ApiGateway37 
1350,Client313,http://localhost:10360/api/Client313,,false,1350,ApiGateway,Client,POST http://localhost:10357/api/ApiGateway37 GET http://localhost:10357/api/ApiGateway37 PUT http://localhost:10357/api/ApiGateway37 DELETE http://localhost:10357/api/ApiGateway37 
1351,Worker69,http://localhost:10361/api/Worker69,POST GET PUT DELETE ,false,1351,ApiGateway,Worker,
1352,Worker70,http://localhost:10362/api/Worker70,POST GET PUT DELETE ,false,1352,ApiGateway,Worker,
1353,Worker71,http://localhost:10363/api/Worker71,POST GET PUT DELETE ,false,1353,ApiGateway,Worker,
1354,ApiGateway38,http://localhost:10364/api/ApiGateway38,POST PUT GET DELETE ,false,1354,ApiGateway,ApiGateway,POST http://localhost:10369/api/Worker72 GET http://localhost:10369/api/Worker72 PUT http://localhost:10369/api/Worker72 DELETE http://localhost:10369/api/Worker72 
1355,Client314,http://localhost:10365/api/Client314,,false,1355,ApiGateway,Client,POST http://localhost:10364/api/ApiGateway38 GET http://localhost:10364/api/ApiGateway38 PUT http://localhost:10364/api/ApiGateway38 DELETE http://localhost:10364/api/ApiGateway38 
1356,Client315,http://localhost:10366/api/Client315,,false,1356,ApiGateway,Client,POST http://localhost:10364/api/ApiGateway38 GET http://localhost:10364/api/ApiGateway38 PUT http://localhost:10364/api/ApiGateway38 DELETE http://localhost:10364/api/ApiGateway38 
1357,Client316,http://localhost:10367/api/Client316,,false,1357,ApiGateway,Client,POST http://localhost:10364/api/ApiGateway38 GET http://localhost:10364/api/ApiGateway38 PUT http://localhost:10364/api/ApiGateway38 DELETE http://localhost:10364/api/ApiGateway38 
1358,Client317,http://localhost:10368/api/Client317,,false,1358,ApiGateway,Client,POST http://localhost:10364/api/ApiGateway38 GET http://localhost:10364/api/ApiGateway38 PUT http://localhost:10364/api/ApiGateway38 DELETE http://localhost:10364/api/ApiGateway38 
1359,Worker72,http://localhost:10369/api/Worker72,POST GET PUT DELETE ,false,1359,ApiGateway,Worker,
1360,ApiGateway39,http://localhost:10370/api/ApiGateway39,POST PUT GET DELETE ,false,1360,ApiGateway,ApiGateway,POST http://localhost:10375/api/Worker73 GET http://localhost:10375/api/Worker73 PUT http://localhost:10375/api/Worker73 DELETE http://localhost:10375/api/Worker73 
1361,Client318,http://localhost:10371/api/Client318,,false,1361,ApiGateway,Client,POST http://localhost:10370/api/ApiGateway39 GET http://localhost:10370/api/ApiGateway39 PUT http://localhost:10370/api/ApiGateway39 DELETE http://localhost:10370/api/ApiGateway39 
1362,Client319,http://localhost:10372/api/Client319,,false,1362,ApiGateway,Client,POST http://localhost:10370/api/ApiGateway39 GET http://localhost:10370/api/ApiGateway39 PUT http://localhost:10370/api/ApiGateway39 DELETE http://localhost:10370/api/ApiGateway39 
1363,Client320,http://localhost:10373/api/Client320,,false,1363,ApiGateway,Client,POST http://localhost:10370/api/ApiGateway39 GET http://localhost:10370/api/ApiGateway39 PUT http://localhost:10370/api/ApiGateway39 DELETE http://localhost:10370/api/ApiGateway39 
1364,Client321,http://localhost:10374/api/Client321,,false,1364,ApiGateway,Client,POST http://localhost:10370/api/ApiGateway39 GET http://localhost:10370/api/ApiGateway39 PUT http://localhost:10370/api/ApiGateway39 DELETE http://localhost:10370/api/ApiGateway39 
1365,Worker73,http://localhost:10375/api/Worker73,POST GET PUT DELETE ,false,1365,ApiGateway,Worker,
1366,ApiGateway40,http://localhost:10376/api/ApiGateway40,POST PUT GET DELETE ,false,1366,ApiGateway,ApiGateway,POST http://localhost:10381/api/Worker74 GET http://localhost:10381/api/Worker74 PUT http://localhost:10381/api/Worker74 DELETE http://localhost:10381/api/Worker74 POST http://localhost:10382/api/Worker75 GET http://localhost:10382/api/Worker75 PUT http://localhost:10382/api/Worker75 DELETE http://localhost:10382/api/Worker75 
1367,Client322,http://localhost:10377/api/Client322,,false,1367,ApiGateway,Client,POST http://localhost:10376/api/ApiGateway40 GET http://localhost:10376/api/ApiGateway40 PUT http://localhost:10376/api/ApiGateway40 DELETE http://localhost:10376/api/ApiGateway40 
1368,Client323,http://localhost:10378/api/Client323,,false,1368,ApiGateway,Client,POST http://localhost:10376/api/ApiGateway40 GET http://localhost:10376/api/ApiGateway40 PUT http://localhost:10376/api/ApiGateway40 DELETE http://localhost:10376/api/ApiGateway40 
1369,Client324,http://localhost:10379/api/Client324,,false,1369,ApiGateway,Client,POST http://localhost:10376/api/ApiGateway40 GET http://localhost:10376/api/ApiGateway40 PUT http://localhost:10376/api/ApiGateway40 DELETE http://localhost:10376/api/ApiGateway40 
1370,Client325,http://localhost:10380/api/Client325,,false,1370,ApiGateway,Client,POST http://localhost:10376/api/ApiGateway40 GET http://localhost:10376/api/ApiGateway40 PUT http://localhost:10376/api/ApiGateway40 DELETE http://localhost:10376/api/ApiGateway40 
1371,Worker74,http://localhost:10381/api/Worker74,POST GET PUT DELETE ,false,1371,ApiGateway,Worker,
1372,Worker75,http://localhost:10382/api/Worker75,POST GET PUT DELETE ,false,1372,ApiGateway,Worker,
1373,ApiGateway41,http://localhost:10383/api/ApiGateway41,POST PUT GET DELETE ,false,1373,ApiGateway,ApiGateway,POST http://localhost:10387/api/Worker76 GET http://localhost:10387/api/Worker76 PUT http://localhost:10387/api/Worker76 DELETE http://localhost:10387/api/Worker76 POST http://localhost:10388/api/Worker77 GET http://localhost:10388/api/Worker77 PUT http://localhost:10388/api/Worker77 DELETE http://localhost:10388/api/Worker77 POST http://localhost:10389/api/Worker78 GET http://localhost:10389/api/Worker78 PUT http://localhost:10389/api/Worker78 DELETE http://localhost:10389/api/Worker78 
1374,Client326,http://localhost:10384/api/Client326,,false,1374,ApiGateway,Client,POST http://localhost:10383/api/ApiGateway41 GET http://localhost:10383/api/ApiGateway41 PUT http://localhost:10383/api/ApiGateway41 DELETE http://localhost:10383/api/ApiGateway41 
1375,Client327,http://localhost:10385/api/Client327,,false,1375,ApiGateway,Client,POST http://localhost:10383/api/ApiGateway41 GET http://localhost:10383/api/ApiGateway41 PUT http://localhost:10383/api/ApiGateway41 DELETE http://localhost:10383/api/ApiGateway41 
1376,Client328,http://localhost:10386/api/Client328,,false,1376,ApiGateway,Client,POST http://localhost:10383/api/ApiGateway41 GET http://localhost:10383/api/ApiGateway41 PUT http://localhost:10383/api/ApiGateway41 DELETE http://localhost:10383/api/ApiGateway41 
1377,Worker76,http://localhost:10387/api/Worker76,POST GET PUT DELETE ,false,1377,ApiGateway,Worker,
1378,Worker77,http://localhost:10388/api/Worker77,POST GET PUT DELETE ,false,1378,ApiGateway,Worker,
1379,Worker78,http://localhost:10389/api/Worker78,POST GET PUT DELETE ,false,1379,ApiGateway,Worker,
1380,ApiGateway42,http://localhost:10390/api/ApiGateway42,POST PUT GET DELETE ,false,1380,ApiGateway,ApiGateway,POST http://localhost:10394/api/Worker79 GET http://localhost:10394/api/Worker79 PUT http://localhost:10394/api/Worker79 DELETE http://localhost:10394/api/Worker79 
1381,Client329,http://localhost:10391/api/Client329,,false,1381,ApiGateway,Client,POST http://localhost:10390/api/ApiGateway42 GET http://localhost:10390/api/ApiGateway42 PUT http://localhost:10390/api/ApiGateway42 DELETE http://localhost:10390/api/ApiGateway42 
1382,Client330,http://localhost:10392/api/Client330,,false,1382,ApiGateway,Client,POST http://localhost:10390/api/ApiGateway42 GET http://localhost:10390/api/ApiGateway42 PUT http://localhost:10390/api/ApiGateway42 DELETE http://localhost:10390/api/ApiGateway42 
1383,Client331,http://localhost:10393/api/Client331,,false,1383,ApiGateway,Client,POST http://localhost:10390/api/ApiGateway42 GET http://localhost:10390/api/ApiGateway42 PUT http://localhost:10390/api/ApiGateway42 DELETE http://localhost:10390/api/ApiGateway42 
1384,Worker79,http://localhost:10394/api/Worker79,POST GET PUT DELETE ,false,1384,ApiGateway,Worker,
1385,ApiGateway43,http://localhost:10395/api/ApiGateway43,POST PUT GET DELETE ,false,1385,ApiGateway,ApiGateway,POST http://localhost:10400/api/Worker80 GET http://localhost:10400/api/Worker80 PUT http://localhost:10400/api/Worker80 DELETE http://localhost:10400/api/Worker80 POST http://localhost:10401/api/Worker81 GET http://localhost:10401/api/Worker81 PUT http://localhost:10401/api/Worker81 DELETE http://localhost:10401/api/Worker81 
1386,Client332,http://localhost:10396/api/Client332,,false,1386,ApiGateway,Client,POST http://localhost:10395/api/ApiGateway43 GET http://localhost:10395/api/ApiGateway43 PUT http://localhost:10395/api/ApiGateway43 DELETE http://localhost:10395/api/ApiGateway43 
1387,Client333,http://localhost:10397/api/Client333,,false,1387,ApiGateway,Client,POST http://localhost:10395/api/ApiGateway43 GET http://localhost:10395/api/ApiGateway43 PUT http://localhost:10395/api/ApiGateway43 DELETE http://localhost:10395/api/ApiGateway43 
1388,Client334,http://localhost:10398/api/Client334,,false,1388,ApiGateway,Client,POST http://localhost:10395/api/ApiGateway43 GET http://localhost:10395/api/ApiGateway43 PUT http://localhost:10395/api/ApiGateway43 DELETE http://localhost:10395/api/ApiGateway43 
1389,Client335,http://localhost:10399/api/Client335,,false,1389,ApiGateway,Client,POST http://localhost:10395/api/ApiGateway43 GET http://localhost:10395/api/ApiGateway43 PUT http://localhost:10395/api/ApiGateway43 DELETE http://localhost:10395/api/ApiGateway43 
1390,Worker80,http://localhost:10400/api/Worker80,POST GET PUT DELETE ,false,1390,ApiGateway,Worker,
1391,Worker81,http://localhost:10401/api/Worker81,POST GET PUT DELETE ,false,1391,ApiGateway,Worker,
1392,ApiGateway44,http://localhost:10402/api/ApiGateway44,POST PUT GET DELETE ,false,1392,ApiGateway,ApiGateway,POST http://localhost:10407/api/Worker82 GET http://localhost:10407/api/Worker82 PUT http://localhost:10407/api/Worker82 DELETE http://localhost:10407/api/Worker82 POST http://localhost:10408/api/Worker83 GET http://localhost:10408/api/Worker83 PUT http://localhost:10408/api/Worker83 DELETE http://localhost:10408/api/Worker83 
1393,Client336,http://localhost:10403/api/Client336,,false,1393,ApiGateway,Client,POST http://localhost:10402/api/ApiGateway44 GET http://localhost:10402/api/ApiGateway44 PUT http://localhost:10402/api/ApiGateway44 DELETE http://localhost:10402/api/ApiGateway44 
1394,Client337,http://localhost:10404/api/Client337,,false,1394,ApiGateway,Client,POST http://localhost:10402/api/ApiGateway44 GET http://localhost:10402/api/ApiGateway44 PUT http://localhost:10402/api/ApiGateway44 DELETE http://localhost:10402/api/ApiGateway44 
1395,Client338,http://localhost:10405/api/Client338,,false,1395,ApiGateway,Client,POST http://localhost:10402/api/ApiGateway44 GET http://localhost:10402/api/ApiGateway44 PUT http://localhost:10402/api/ApiGateway44 DELETE http://localhost:10402/api/ApiGateway44 
1396,Client339,http://localhost:10406/api/Client339,,false,1396,ApiGateway,Client,POST http://localhost:10402/api/ApiGateway44 GET http://localhost:10402/api/ApiGateway44 PUT http://localhost:10402/api/ApiGateway44 DELETE http://localhost:10402/api/ApiGateway44 
1397,Worker82,http://localhost:10407/api/Worker82,POST GET PUT DELETE ,false,1397,ApiGateway,Worker,
1398,Worker83,http://localhost:10408/api/Worker83,POST GET PUT DELETE ,false,1398,ApiGateway,Worker,
1399,ApiGateway45,http://localhost:10409/api/ApiGateway45,POST PUT GET DELETE ,false,1399,ApiGateway,ApiGateway,POST http://localhost:10414/api/Worker84 GET http://localhost:10414/api/Worker84 PUT http://localhost:10414/api/Worker84 DELETE http://localhost:10414/api/Worker84 POST http://localhost:10415/api/Worker85 GET http://localhost:10415/api/Worker85 PUT http://localhost:10415/api/Worker85 DELETE http://localhost:10415/api/Worker85 POST http://localhost:10416/api/Worker86 GET http://localhost:10416/api/Worker86 PUT http://localhost:10416/api/Worker86 DELETE http://localhost:10416/api/Worker86 
1400,Client340,http://localhost:10410/api/Client340,,false,1400,ApiGateway,Client,POST http://localhost:10409/api/ApiGateway45 GET http://localhost:10409/api/ApiGateway45 PUT http://localhost:10409/api/ApiGateway45 DELETE http://localhost:10409/api/ApiGateway45 
1401,Client341,http://localhost:10411/api/Client341,,false,1401,ApiGateway,Client,POST http://localhost:10409/api/ApiGateway45 GET http://localhost:10409/api/ApiGateway45 PUT http://localhost:10409/api/ApiGateway45 DELETE http://localhost:10409/api/ApiGateway45 
1402,Client342,http://localhost:10412/api/Client342,,false,1402,ApiGateway,Client,POST http://localhost:10409/api/ApiGateway45 GET http://localhost:10409/api/ApiGateway45 PUT http://localhost:10409/api/ApiGateway45 DELETE http://localhost:10409/api/ApiGateway45 
1403,Client343,http://localhost:10413/api/Client343,,false,1403,ApiGateway,Client,POST http://localhost:10409/api/ApiGateway45 GET http://localhost:10409/api/ApiGateway45 PUT http://localhost:10409/api/ApiGateway45 DELETE http://localhost:10409/api/ApiGateway45 
1404,Worker84,http://localhost:10414/api/Worker84,POST GET PUT DELETE ,false,1404,ApiGateway,Worker,
1405,Worker85,http://localhost:10415/api/Worker85,POST GET PUT DELETE ,false,1405,ApiGateway,Worker,
1406,Worker86,http://localhost:10416/api/Worker86,POST GET PUT DELETE ,false,1406,ApiGateway,Worker,
1407,ApiGateway46,http://localhost:10417/api/ApiGateway46,POST PUT GET DELETE ,false,1407,ApiGateway,ApiGateway,POST http://localhost:10422/api/Worker87 GET http://localhost:10422/api/Worker87 PUT http://localhost:10422/api/Worker87 DELETE http://localhost:10422/api/Worker87 POST http://localhost:10423/api/Worker88 GET http://localhost:10423/api/Worker88 PUT http://localhost:10423/api/Worker88 DELETE http://localhost:10423/api/Worker88 POST http://localhost:10424/api/Worker89 GET http://localhost:10424/api/Worker89 PUT http://localhost:10424/api/Worker89 DELETE http://localhost:10424/api/Worker89 
1408,Client344,http://localhost:10418/api/Client344,,false,1408,ApiGateway,Client,POST http://localhost:10417/api/ApiGateway46 GET http://localhost:10417/api/ApiGateway46 PUT http://localhost:10417/api/ApiGateway46 DELETE http://localhost:10417/api/ApiGateway46 
1409,Client345,http://localhost:10419/api/Client345,,false,1409,ApiGateway,Client,POST http://localhost:10417/api/ApiGateway46 GET http://localhost:10417/api/ApiGateway46 PUT http://localhost:10417/api/ApiGateway46 DELETE http://localhost:10417/api/ApiGateway46 
1410,Client346,http://localhost:10420/api/Client346,,false,1410,ApiGateway,Client,POST http://localhost:10417/api/ApiGateway46 GET http://localhost:10417/api/ApiGateway46 PUT http://localhost:10417/api/ApiGateway46 DELETE http://localhost:10417/api/ApiGateway46 
1411,Client347,http://localhost:10421/api/Client347,,false,1411,ApiGateway,Client,POST http://localhost:10417/api/ApiGateway46 GET http://localhost:10417/api/ApiGateway46 PUT http://localhost:10417/api/ApiGateway46 DELETE http://localhost:10417/api/ApiGateway46 
1412,Worker87,http://localhost:10422/api/Worker87,POST GET PUT DELETE ,false,1412,ApiGateway,Worker,
1413,Worker88,http://localhost:10423/api/Worker88,POST GET PUT DELETE ,false,1413,ApiGateway,Worker,
1414,Worker89,http://localhost:10424/api/Worker89,POST GET PUT DELETE ,false,1414,ApiGateway,Worker,
1415,ApiGateway47,http://localhost:10425/api/ApiGateway47,POST PUT GET DELETE ,false,1415,ApiGateway,ApiGateway,POST http://localhost:10429/api/Worker90 GET http://localhost:10429/api/Worker90 PUT http://localhost:10429/api/Worker90 DELETE http://localhost:10429/api/Worker90 POST http://localhost:10430/api/Worker91 GET http://localhost:10430/api/Worker91 PUT http://localhost:10430/api/Worker91 DELETE http://localhost:10430/api/Worker91 POST http://localhost:10431/api/Worker92 GET http://localhost:10431/api/Worker92 PUT http://localhost:10431/api/Worker92 DELETE http://localhost:10431/api/Worker92 
1416,Client348,http://localhost:10426/api/Client348,,false,1416,ApiGateway,Client,POST http://localhost:10425/api/ApiGateway47 GET http://localhost:10425/api/ApiGateway47 PUT http://localhost:10425/api/ApiGateway47 DELETE http://localhost:10425/api/ApiGateway47 
1417,Client349,http://localhost:10427/api/Client349,,false,1417,ApiGateway,Client,POST http://localhost:10425/api/ApiGateway47 GET http://localhost:10425/api/ApiGateway47 PUT http://localhost:10425/api/ApiGateway47 DELETE http://localhost:10425/api/ApiGateway47 
1418,Client350,http://localhost:10428/api/Client350,,false,1418,ApiGateway,Client,POST http://localhost:10425/api/ApiGateway47 GET http://localhost:10425/api/ApiGateway47 PUT http://localhost:10425/api/ApiGateway47 DELETE http://localhost:10425/api/ApiGateway47 
1419,Worker90,http://localhost:10429/api/Worker90,POST GET PUT DELETE ,false,1419,ApiGateway,Worker,
1420,Worker91,http://localhost:10430/api/Worker91,POST GET PUT DELETE ,false,1420,ApiGateway,Worker,
1421,Worker92,http://localhost:10431/api/Worker92,POST GET PUT DELETE ,false,1421,ApiGateway,Worker,
1422,ApiGateway48,http://localhost:10432/api/ApiGateway48,POST PUT GET DELETE ,false,1422,ApiGateway,ApiGateway,POST http://localhost:10436/api/Worker93 GET http://localhost:10436/api/Worker93 PUT http://localhost:10436/api/Worker93 DELETE http://localhost:10436/api/Worker93 POST http://localhost:10437/api/Worker94 GET http://localhost:10437/api/Worker94 PUT http://localhost:10437/api/Worker94 DELETE http://localhost:10437/api/Worker94 POST http://localhost:10438/api/Worker95 GET http://localhost:10438/api/Worker95 PUT http://localhost:10438/api/Worker95 DELETE http://localhost:10438/api/Worker95 
1423,Client351,http://localhost:10433/api/Client351,,false,1423,ApiGateway,Client,POST http://localhost:10432/api/ApiGateway48 GET http://localhost:10432/api/ApiGateway48 PUT http://localhost:10432/api/ApiGateway48 DELETE http://localhost:10432/api/ApiGateway48 
1424,Client352,http://localhost:10434/api/Client352,,false,1424,ApiGateway,Client,POST http://localhost:10432/api/ApiGateway48 GET http://localhost:10432/api/ApiGateway48 PUT http://localhost:10432/api/ApiGateway48 DELETE http://localhost:10432/api/ApiGateway48 
1425,Client353,http://localhost:10435/api/Client353,,false,1425,ApiGateway,Client,POST http://localhost:10432/api/ApiGateway48 GET http://localhost:10432/api/ApiGateway48 PUT http://localhost:10432/api/ApiGateway48 DELETE http://localhost:10432/api/ApiGateway48 
1426,Worker93,http://localhost:10436/api/Worker93,POST GET PUT DELETE ,false,1426,ApiGateway,Worker,
1427,Worker94,http://localhost:10437/api/Worker94,POST GET PUT DELETE ,false,1427,ApiGateway,Worker,
1428,Worker95,http://localhost:10438/api/Worker95,POST GET PUT DELETE ,false,1428,ApiGateway,Worker,
1429,ApiGateway49,http://localhost:10439/api/ApiGateway49,POST PUT GET DELETE ,false,1429,ApiGateway,ApiGateway,POST http://localhost:10443/api/Worker96 GET http://localhost:10443/api/Worker96 PUT http://localhost:10443/api/Worker96 DELETE http://localhost:10443/api/Worker96 POST http://localhost:10444/api/Worker97 GET http://localhost:10444/api/Worker97 PUT http://localhost:10444/api/Worker97 DELETE http://localhost:10444/api/Worker97 
1430,Client354,http://localhost:10440/api/Client354,,false,1430,ApiGateway,Client,POST http://localhost:10439/api/ApiGateway49 GET http://localhost:10439/api/ApiGateway49 PUT http://localhost:10439/api/ApiGateway49 DELETE http://localhost:10439/api/ApiGateway49 
1431,Client355,http://localhost:10441/api/Client355,,false,1431,ApiGateway,Client,POST http://localhost:10439/api/ApiGateway49 GET http://localhost:10439/api/ApiGateway49 PUT http://localhost:10439/api/ApiGateway49 DELETE http://localhost:10439/api/ApiGateway49 
1432,Client356,http://localhost:10442/api/Client356,,false,1432,ApiGateway,Client,POST http://localhost:10439/api/ApiGateway49 GET http://localhost:10439/api/ApiGateway49 PUT http://localhost:10439/api/ApiGateway49 DELETE http://localhost:10439/api/ApiGateway49 
1433,Worker96,http://localhost:10443/api/Worker96,POST GET PUT DELETE ,false,1433,ApiGateway,Worker,
1434,Worker97,http://localhost:10444/api/Worker97,POST GET PUT DELETE ,false,1434,ApiGateway,Worker,
1435,ServiceRegistry0,http://localhost:10445/api/ServiceRegistry0,POST PUT GET DELETE ,false,1435,ServiceDiscovery,ServiceRegistry,
1436,Worker98,http://localhost:10446/api/Worker98,POST PUT GET DELETE ,false,1436,ServiceDiscovery,Worker,POST http://localhost:10445/api/ServiceRegistry0 PUT http://localhost:10445/api/ServiceRegistry0 DELETE http://localhost:10445/api/ServiceRegistry0 
1437,Worker99,http://localhost:10447/api/Worker99,POST PUT GET DELETE ,false,1437,ServiceDiscovery,Worker,POST http://localhost:10445/api/ServiceRegistry0 PUT http://localhost:10445/api/ServiceRegistry0 DELETE http://localhost:10445/api/ServiceRegistry0 
1438,Client357,http://localhost:10448/api/Client357,,false,1438,ServiceDiscovery,Client,GET http://localhost:10445/api/ServiceRegistry0 GET http://localhost:10447/api/Worker99 PUT http://localhost:10447/api/Worker99 POST http://localhost:10447/api/Worker99 DELETE http://localhost:10447/api/Worker99 
1439,Client358,http://localhost:10449/api/Client358,,false,1439,ServiceDiscovery,Client,GET http://localhost:10445/api/ServiceRegistry0 GET http://localhost:10447/api/Worker99 PUT http://localhost:10447/api/Worker99 POST http://localhost:10447/api/Worker99 DELETE http://localhost:10447/api/Worker99 
1440,Client359,http://localhost:10450/api/Client359,,false,1440,ServiceDiscovery,Client,GET http://localhost:10445/api/ServiceRegistry0 GET http://localhost:10447/api/Worker99 PUT http://localhost:10447/api/Worker99 POST http://localhost:10447/api/Worker99 DELETE http://localhost:10447/api/Worker99 
1441,Client360,http://localhost:10451/api/Client360,,false,1441,ServiceDiscovery,Client,GET http://localhost:10445/api/ServiceRegistry0 GET http://localhost:10447/api/Worker99 PUT http://localhost:10447/api/Worker99 POST http://localhost:10447/api/Worker99 DELETE http://localhost:10447/api/Worker99 
1442,ServiceRegistry1,http://localhost:10452/api/ServiceRegistry1,POST PUT GET DELETE ,false,1442,ServiceDiscovery,ServiceRegistry,
1443,Worker100,http://localhost:10453/api/Worker100,POST PUT GET DELETE ,false,1443,ServiceDiscovery,Worker,POST http://localhost:10452/api/ServiceRegistry1 PUT http://localhost:10452/api/ServiceRegistry1 DELETE http://localhost:10452/api/ServiceRegistry1 
1444,Worker101,http://localhost:10454/api/Worker101,POST PUT GET DELETE ,false,1444,ServiceDiscovery,Worker,POST http://localhost:10452/api/ServiceRegistry1 PUT http://localhost:10452/api/ServiceRegistry1 DELETE http://localhost:10452/api/ServiceRegistry1 
1445,Worker102,http://localhost:10455/api/Worker102,POST PUT GET DELETE ,false,1445,ServiceDiscovery,Worker,POST http://localhost:10452/api/ServiceRegistry1 PUT http://localhost:10452/api/ServiceRegistry1 DELETE http://localhost:10452/api/ServiceRegistry1 
1446,Worker103,http://localhost:10456/api/Worker103,POST PUT GET DELETE ,false,1446,ServiceDiscovery,Worker,POST http://localhost:10452/api/ServiceRegistry1 PUT http://localhost:10452/api/ServiceRegistry1 DELETE http://localhost:10452/api/ServiceRegistry1 
1447,Client361,http://localhost:10457/api/Client361,,false,1447,ServiceDiscovery,Client,GET http://localhost:10452/api/ServiceRegistry1 GET http://localhost:10456/api/Worker103 PUT http://localhost:10456/api/Worker103 POST http://localhost:10456/api/Worker103 DELETE http://localhost:10456/api/Worker103 
1448,Client362,http://localhost:10458/api/Client362,,false,1448,ServiceDiscovery,Client,GET http://localhost:10452/api/ServiceRegistry1 GET http://localhost:10456/api/Worker103 PUT http://localhost:10456/api/Worker103 POST http://localhost:10456/api/Worker103 DELETE http://localhost:10456/api/Worker103 
1449,Client363,http://localhost:10459/api/Client363,,false,1449,ServiceDiscovery,Client,GET http://localhost:10452/api/ServiceRegistry1 GET http://localhost:10456/api/Worker103 PUT http://localhost:10456/api/Worker103 POST http://localhost:10456/api/Worker103 DELETE http://localhost:10456/api/Worker103 
1450,Client364,http://localhost:10460/api/Client364,,false,1450,ServiceDiscovery,Client,GET http://localhost:10452/api/ServiceRegistry1 GET http://localhost:10456/api/Worker103 PUT http://localhost:10456/api/Worker103 POST http://localhost:10456/api/Worker103 DELETE http://localhost:10456/api/Worker103 
1451,Client365,http://localhost:10461/api/Client365,,false,1451,ServiceDiscovery,Client,GET http://localhost:10452/api/ServiceRegistry1 GET http://localhost:10456/api/Worker103 PUT http://localhost:10456/api/Worker103 POST http://localhost:10456/api/Worker103 DELETE http://localhost:10456/api/Worker103 
1452,Client366,http://localhost:10462/api/Client366,,false,1452,ServiceDiscovery,Client,GET http://localhost:10452/api/ServiceRegistry1 GET http://localhost:10456/api/Worker103 PUT http://localhost:10456/api/Worker103 POST http://localhost:10456/api/Worker103 DELETE http://localhost:10456/api/Worker103 
1453,ServiceRegistry2,http://localhost:10463/api/ServiceRegistry2,POST PUT GET DELETE ,false,1453,ServiceDiscovery,ServiceRegistry,
1454,Worker104,http://localhost:10464/api/Worker104,POST PUT GET DELETE ,false,1454,ServiceDiscovery,Worker,POST http://localhost:10463/api/ServiceRegistry2 PUT http://localhost:10463/api/ServiceRegistry2 DELETE http://localhost:10463/api/ServiceRegistry2 
1455,Client367,http://localhost:10465/api/Client367,,false,1455,ServiceDiscovery,Client,GET http://localhost:10463/api/ServiceRegistry2 GET http://localhost:10464/api/Worker104 PUT http://localhost:10464/api/Worker104 POST http://localhost:10464/api/Worker104 DELETE http://localhost:10464/api/Worker104 
1456,Client368,http://localhost:10466/api/Client368,,false,1456,ServiceDiscovery,Client,GET http://localhost:10463/api/ServiceRegistry2 GET http://localhost:10464/api/Worker104 PUT http://localhost:10464/api/Worker104 POST http://localhost:10464/api/Worker104 DELETE http://localhost:10464/api/Worker104 
1457,Client369,http://localhost:10467/api/Client369,,false,1457,ServiceDiscovery,Client,GET http://localhost:10463/api/ServiceRegistry2 GET http://localhost:10464/api/Worker104 PUT http://localhost:10464/api/Worker104 POST http://localhost:10464/api/Worker104 DELETE http://localhost:10464/api/Worker104 
1458,Client370,http://localhost:10468/api/Client370,,false,1458,ServiceDiscovery,Client,GET http://localhost:10463/api/ServiceRegistry2 GET http://localhost:10464/api/Worker104 PUT http://localhost:10464/api/Worker104 POST http://localhost:10464/api/Worker104 DELETE http://localhost:10464/api/Worker104 
1459,Client371,http://localhost:10469/api/Client371,,false,1459,ServiceDiscovery,Client,GET http://localhost:10463/api/ServiceRegistry2 GET http://localhost:10464/api/Worker104 PUT http://localhost:10464/api/Worker104 POST http://localhost:10464/api/Worker104 DELETE http://localhost:10464/api/Worker104 
1460,Client372,http://localhost:10470/api/Client372,,false,1460,ServiceDiscovery,Client,GET http://localhost:10463/api/ServiceRegistry2 GET http://localhost:10464/api/Worker104 PUT http://localhost:10464/api/Worker104 POST http://localhost:10464/api/Worker104 DELETE http://localhost:10464/api/Worker104 
1461,Client373,http://localhost:10471/api/Client373,,false,1461,ServiceDiscovery,Client,GET http://localhost:10463/api/ServiceRegistry2 GET http://localhost:10464/api/Worker104 PUT http://localhost:10464/api/Worker104 POST http://localhost:10464/api/Worker104 DELETE http://localhost:10464/api/Worker104 
1462,Client374,http://localhost:10472/api/Client374,,false,1462,ServiceDiscovery,Client,GET http://localhost:10463/api/ServiceRegistry2 GET http://localhost:10464/api/Worker104 PUT http://localhost:10464/api/Worker104 POST http://localhost:10464/api/Worker104 DELETE http://localhost:10464/api/Worker104 
1463,ServiceRegistry3,http://localhost:10473/api/ServiceRegistry3,POST PUT GET DELETE ,false,1463,ServiceDiscovery,ServiceRegistry,
1464,Worker105,http://localhost:10474/api/Worker105,POST PUT GET DELETE ,false,1464,ServiceDiscovery,Worker,POST http://localhost:10473/api/ServiceRegistry3 PUT http://localhost:10473/api/ServiceRegistry3 DELETE http://localhost:10473/api/ServiceRegistry3 
1465,Worker106,http://localhost:10475/api/Worker106,POST PUT GET DELETE ,false,1465,ServiceDiscovery,Worker,POST http://localhost:10473/api/ServiceRegistry3 PUT http://localhost:10473/api/ServiceRegistry3 DELETE http://localhost:10473/api/ServiceRegistry3 
1466,Worker107,http://localhost:10476/api/Worker107,POST PUT GET DELETE ,false,1466,ServiceDiscovery,Worker,POST http://localhost:10473/api/ServiceRegistry3 PUT http://localhost:10473/api/ServiceRegistry3 DELETE http://localhost:10473/api/ServiceRegistry3 
1467,Worker108,http://localhost:10477/api/Worker108,POST PUT GET DELETE ,false,1467,ServiceDiscovery,Worker,POST http://localhost:10473/api/ServiceRegistry3 PUT http://localhost:10473/api/ServiceRegistry3 DELETE http://localhost:10473/api/ServiceRegistry3 
1468,Client375,http://localhost:10478/api/Client375,,false,1468,ServiceDiscovery,Client,GET http://localhost:10473/api/ServiceRegistry3 GET http://localhost:10477/api/Worker108 PUT http://localhost:10477/api/Worker108 POST http://localhost:10477/api/Worker108 DELETE http://localhost:10477/api/Worker108 
1469,Client376,http://localhost:10479/api/Client376,,false,1469,ServiceDiscovery,Client,GET http://localhost:10473/api/ServiceRegistry3 GET http://localhost:10477/api/Worker108 PUT http://localhost:10477/api/Worker108 POST http://localhost:10477/api/Worker108 DELETE http://localhost:10477/api/Worker108 
1470,Client377,http://localhost:10480/api/Client377,,false,1470,ServiceDiscovery,Client,GET http://localhost:10473/api/ServiceRegistry3 GET http://localhost:10477/api/Worker108 PUT http://localhost:10477/api/Worker108 POST http://localhost:10477/api/Worker108 DELETE http://localhost:10477/api/Worker108 
1471,Client378,http://localhost:10481/api/Client378,,false,1471,ServiceDiscovery,Client,GET http://localhost:10473/api/ServiceRegistry3 GET http://localhost:10477/api/Worker108 PUT http://localhost:10477/api/Worker108 POST http://localhost:10477/api/Worker108 DELETE http://localhost:10477/api/Worker108 
1472,Client379,http://localhost:10482/api/Client379,,false,1472,ServiceDiscovery,Client,GET http://localhost:10473/api/ServiceRegistry3 GET http://localhost:10477/api/Worker108 PUT http://localhost:10477/api/Worker108 POST http://localhost:10477/api/Worker108 DELETE http://localhost:10477/api/Worker108 
1473,ServiceRegistry4,http://localhost:10483/api/ServiceRegistry4,POST PUT GET DELETE ,false,1473,ServiceDiscovery,ServiceRegistry,
1474,Worker109,http://localhost:10484/api/Worker109,POST PUT GET DELETE ,false,1474,ServiceDiscovery,Worker,POST http://localhost:10483/api/ServiceRegistry4 PUT http://localhost:10483/api/ServiceRegistry4 DELETE http://localhost:10483/api/ServiceRegistry4 
1475,Worker110,http://localhost:10485/api/Worker110,POST PUT GET DELETE ,false,1475,ServiceDiscovery,Worker,POST http://localhost:10483/api/ServiceRegistry4 PUT http://localhost:10483/api/ServiceRegistry4 DELETE http://localhost:10483/api/ServiceRegistry4 
1476,Worker111,http://localhost:10486/api/Worker111,POST PUT GET DELETE ,false,1476,ServiceDiscovery,Worker,POST http://localhost:10483/api/ServiceRegistry4 PUT http://localhost:10483/api/ServiceRegistry4 DELETE http://localhost:10483/api/ServiceRegistry4 
1477,Client380,http://localhost:10487/api/Client380,,false,1477,ServiceDiscovery,Client,GET http://localhost:10483/api/ServiceRegistry4 GET http://localhost:10486/api/Worker111 PUT http://localhost:10486/api/Worker111 POST http://localhost:10486/api/Worker111 DELETE http://localhost:10486/api/Worker111 
1478,Client381,http://localhost:10488/api/Client381,,false,1478,ServiceDiscovery,Client,GET http://localhost:10483/api/ServiceRegistry4 GET http://localhost:10486/api/Worker111 PUT http://localhost:10486/api/Worker111 POST http://localhost:10486/api/Worker111 DELETE http://localhost:10486/api/Worker111 
1479,Client382,http://localhost:10489/api/Client382,,false,1479,ServiceDiscovery,Client,GET http://localhost:10483/api/ServiceRegistry4 GET http://localhost:10486/api/Worker111 PUT http://localhost:10486/api/Worker111 POST http://localhost:10486/api/Worker111 DELETE http://localhost:10486/api/Worker111 
1480,Client383,http://localhost:10490/api/Client383,,false,1480,ServiceDiscovery,Client,GET http://localhost:10483/api/ServiceRegistry4 GET http://localhost:10486/api/Worker111 PUT http://localhost:10486/api/Worker111 POST http://localhost:10486/api/Worker111 DELETE http://localhost:10486/api/Worker111 
1481,ServiceRegistry5,http://localhost:10491/api/ServiceRegistry5,POST PUT GET DELETE ,false,1481,ServiceDiscovery,ServiceRegistry,
1482,Worker112,http://localhost:10492/api/Worker112,POST PUT GET DELETE ,false,1482,ServiceDiscovery,Worker,POST http://localhost:10491/api/ServiceRegistry5 PUT http://localhost:10491/api/ServiceRegistry5 DELETE http://localhost:10491/api/ServiceRegistry5 
1483,Client384,http://localhost:10493/api/Client384,,false,1483,ServiceDiscovery,Client,GET http://localhost:10491/api/ServiceRegistry5 GET http://localhost:10492/api/Worker112 PUT http://localhost:10492/api/Worker112 POST http://localhost:10492/api/Worker112 DELETE http://localhost:10492/api/Worker112 
1484,Client385,http://localhost:10494/api/Client385,,false,1484,ServiceDiscovery,Client,GET http://localhost:10491/api/ServiceRegistry5 GET http://localhost:10492/api/Worker112 PUT http://localhost:10492/api/Worker112 POST http://localhost:10492/api/Worker112 DELETE http://localhost:10492/api/Worker112 
1485,Client386,http://localhost:10495/api/Client386,,false,1485,ServiceDiscovery,Client,GET http://localhost:10491/api/ServiceRegistry5 GET http://localhost:10492/api/Worker112 PUT http://localhost:10492/api/Worker112 POST http://localhost:10492/api/Worker112 DELETE http://localhost:10492/api/Worker112 
1486,Client387,http://localhost:10496/api/Client387,,false,1486,ServiceDiscovery,Client,GET http://localhost:10491/api/ServiceRegistry5 GET http://localhost:10492/api/Worker112 PUT http://localhost:10492/api/Worker112 POST http://localhost:10492/api/Worker112 DELETE http://localhost:10492/api/Worker112 
1487,Client388,http://localhost:10497/api/Client388,,false,1487,ServiceDiscovery,Client,GET http://localhost:10491/api/ServiceRegistry5 GET http://localhost:10492/api/Worker112 PUT http://localhost:10492/api/Worker112 POST http://localhost:10492/api/Worker112 DELETE http://localhost:10492/api/Worker112 
1488,Client389,http://localhost:10498/api/Client389,,false,1488,ServiceDiscovery,Client,GET http://localhost:10491/api/ServiceRegistry5 GET http://localhost:10492/api/Worker112 PUT http://localhost:10492/api/Worker112 POST http://localhost:10492/api/Worker112 DELETE http://localhost:10492/api/Worker112 
1489,Client390,http://localhost:10499/api/Client390,,false,1489,ServiceDiscovery,Client,GET http://localhost:10491/api/ServiceRegistry5 GET http://localhost:10492/api/Worker112 PUT http://localhost:10492/api/Worker112 POST http://localhost:10492/api/Worker112 DELETE http://localhost:10492/api/Worker112 
1490,Client391,http://localhost:10500/api/Client391,,false,1490,ServiceDiscovery,Client,GET http://localhost:10491/api/ServiceRegistry5 GET http://localhost:10492/api/Worker112 PUT http://localhost:10492/api/Worker112 POST http://localhost:10492/api/Worker112 DELETE http://localhost:10492/api/Worker112 
1491,ServiceRegistry6,http://localhost:10501/api/ServiceRegistry6,POST PUT GET DELETE ,false,1491,ServiceDiscovery,ServiceRegistry,
1492,Worker113,http://localhost:10502/api/Worker113,POST PUT GET DELETE ,false,1492,ServiceDiscovery,Worker,POST http://localhost:10501/api/ServiceRegistry6 PUT http://localhost:10501/api/ServiceRegistry6 DELETE http://localhost:10501/api/ServiceRegistry6 
1493,Worker114,http://localhost:10503/api/Worker114,POST PUT GET DELETE ,false,1493,ServiceDiscovery,Worker,POST http://localhost:10501/api/ServiceRegistry6 PUT http://localhost:10501/api/ServiceRegistry6 DELETE http://localhost:10501/api/ServiceRegistry6 
1494,Worker115,http://localhost:10504/api/Worker115,POST PUT GET DELETE ,false,1494,ServiceDiscovery,Worker,POST http://localhost:10501/api/ServiceRegistry6 PUT http://localhost:10501/api/ServiceRegistry6 DELETE http://localhost:10501/api/ServiceRegistry6 
1495,Client392,http://localhost:10505/api/Client392,,false,1495,ServiceDiscovery,Client,GET http://localhost:10501/api/ServiceRegistry6 GET http://localhost:10504/api/Worker115 PUT http://localhost:10504/api/Worker115 POST http://localhost:10504/api/Worker115 DELETE http://localhost:10504/api/Worker115 
1496,Client393,http://localhost:10506/api/Client393,,false,1496,ServiceDiscovery,Client,GET http://localhost:10501/api/ServiceRegistry6 GET http://localhost:10504/api/Worker115 PUT http://localhost:10504/api/Worker115 POST http://localhost:10504/api/Worker115 DELETE http://localhost:10504/api/Worker115 
1497,Client394,http://localhost:10507/api/Client394,,false,1497,ServiceDiscovery,Client,GET http://localhost:10501/api/ServiceRegistry6 GET http://localhost:10504/api/Worker115 PUT http://localhost:10504/api/Worker115 POST http://localhost:10504/api/Worker115 DELETE http://localhost:10504/api/Worker115 
1498,Client395,http://localhost:10508/api/Client395,,false,1498,ServiceDiscovery,Client,GET http://localhost:10501/api/ServiceRegistry6 GET http://localhost:10504/api/Worker115 PUT http://localhost:10504/api/Worker115 POST http://localhost:10504/api/Worker115 DELETE http://localhost:10504/api/Worker115 
1499,Client396,http://localhost:10509/api/Client396,,false,1499,ServiceDiscovery,Client,GET http://localhost:10501/api/ServiceRegistry6 GET http://localhost:10504/api/Worker115 PUT http://localhost:10504/api/Worker115 POST http://localhost:10504/api/Worker115 DELETE http://localhost:10504/api/Worker115 
1500,Client397,http://localhost:10510/api/Client397,,false,1500,ServiceDiscovery,Client,GET http://localhost:10501/api/ServiceRegistry6 GET http://localhost:10504/api/Worker115 PUT http://localhost:10504/api/Worker115 POST http://localhost:10504/api/Worker115 DELETE http://localhost:10504/api/Worker115 
1501,ServiceRegistry7,http://localhost:10511/api/ServiceRegistry7,POST PUT GET DELETE ,false,1501,ServiceDiscovery,ServiceRegistry,
1502,Worker116,http://localhost:10512/api/Worker116,POST PUT GET DELETE ,false,1502,ServiceDiscovery,Worker,POST http://localhost:10511/api/ServiceRegistry7 PUT http://localhost:10511/api/ServiceRegistry7 DELETE http://localhost:10511/api/ServiceRegistry7 
1503,Worker117,http://localhost:10513/api/Worker117,POST PUT GET DELETE ,false,1503,ServiceDiscovery,Worker,POST http://localhost:10511/api/ServiceRegistry7 PUT http://localhost:10511/api/ServiceRegistry7 DELETE http://localhost:10511/api/ServiceRegistry7 
1504,Worker118,http://localhost:10514/api/Worker118,POST PUT GET DELETE ,false,1504,ServiceDiscovery,Worker,POST http://localhost:10511/api/ServiceRegistry7 PUT http://localhost:10511/api/ServiceRegistry7 DELETE http://localhost:10511/api/ServiceRegistry7 
1505,Worker119,http://localhost:10515/api/Worker119,POST PUT GET DELETE ,false,1505,ServiceDiscovery,Worker,POST http://localhost:10511/api/ServiceRegistry7 PUT http://localhost:10511/api/ServiceRegistry7 DELETE http://localhost:10511/api/ServiceRegistry7 
1506,Worker120,http://localhost:10516/api/Worker120,POST PUT GET DELETE ,false,1506,ServiceDiscovery,Worker,POST http://localhost:10511/api/ServiceRegistry7 PUT http://localhost:10511/api/ServiceRegistry7 DELETE http://localhost:10511/api/ServiceRegistry7 
1507,Client398,http://localhost:10517/api/Client398,,false,1507,ServiceDiscovery,Client,GET http://localhost:10511/api/ServiceRegistry7 GET http://localhost:10516/api/Worker120 PUT http://localhost:10516/api/Worker120 POST http://localhost:10516/api/Worker120 DELETE http://localhost:10516/api/Worker120 
1508,Client399,http://localhost:10518/api/Client399,,false,1508,ServiceDiscovery,Client,GET http://localhost:10511/api/ServiceRegistry7 GET http://localhost:10516/api/Worker120 PUT http://localhost:10516/api/Worker120 POST http://localhost:10516/api/Worker120 DELETE http://localhost:10516/api/Worker120 
1509,Client400,http://localhost:10519/api/Client400,,false,1509,ServiceDiscovery,Client,GET http://localhost:10511/api/ServiceRegistry7 GET http://localhost:10516/api/Worker120 PUT http://localhost:10516/api/Worker120 POST http://localhost:10516/api/Worker120 DELETE http://localhost:10516/api/Worker120 
1510,Client401,http://localhost:10520/api/Client401,,false,1510,ServiceDiscovery,Client,GET http://localhost:10511/api/ServiceRegistry7 GET http://localhost:10516/api/Worker120 PUT http://localhost:10516/api/Worker120 POST http://localhost:10516/api/Worker120 DELETE http://localhost:10516/api/Worker120 
1511,Client402,http://localhost:10521/api/Client402,,false,1511,ServiceDiscovery,Client,GET http://localhost:10511/api/ServiceRegistry7 GET http://localhost:10516/api/Worker120 PUT http://localhost:10516/api/Worker120 POST http://localhost:10516/api/Worker120 DELETE http://localhost:10516/api/Worker120 
1512,ServiceRegistry8,http://localhost:10522/api/ServiceRegistry8,POST PUT GET DELETE ,false,1512,ServiceDiscovery,ServiceRegistry,
1513,Worker121,http://localhost:10523/api/Worker121,POST PUT GET DELETE ,false,1513,ServiceDiscovery,Worker,POST http://localhost:10522/api/ServiceRegistry8 PUT http://localhost:10522/api/ServiceRegistry8 DELETE http://localhost:10522/api/ServiceRegistry8 
1514,Worker122,http://localhost:10524/api/Worker122,POST PUT GET DELETE ,false,1514,ServiceDiscovery,Worker,POST http://localhost:10522/api/ServiceRegistry8 PUT http://localhost:10522/api/ServiceRegistry8 DELETE http://localhost:10522/api/ServiceRegistry8 
1515,Client403,http://localhost:10525/api/Client403,,false,1515,ServiceDiscovery,Client,GET http://localhost:10522/api/ServiceRegistry8 GET http://localhost:10524/api/Worker122 PUT http://localhost:10524/api/Worker122 POST http://localhost:10524/api/Worker122 DELETE http://localhost:10524/api/Worker122 
1516,Client404,http://localhost:10526/api/Client404,,false,1516,ServiceDiscovery,Client,GET http://localhost:10522/api/ServiceRegistry8 GET http://localhost:10524/api/Worker122 PUT http://localhost:10524/api/Worker122 POST http://localhost:10524/api/Worker122 DELETE http://localhost:10524/api/Worker122 
1517,Client405,http://localhost:10527/api/Client405,,false,1517,ServiceDiscovery,Client,GET http://localhost:10522/api/ServiceRegistry8 GET http://localhost:10524/api/Worker122 PUT http://localhost:10524/api/Worker122 POST http://localhost:10524/api/Worker122 DELETE http://localhost:10524/api/Worker122 
1518,Client406,http://localhost:10528/api/Client406,,false,1518,ServiceDiscovery,Client,GET http://localhost:10522/api/ServiceRegistry8 GET http://localhost:10524/api/Worker122 PUT http://localhost:10524/api/Worker122 POST http://localhost:10524/api/Worker122 DELETE http://localhost:10524/api/Worker122 
1519,ServiceRegistry9,http://localhost:10529/api/ServiceRegistry9,POST PUT GET DELETE ,false,1519,ServiceDiscovery,ServiceRegistry,
1520,Worker123,http://localhost:10530/api/Worker123,POST PUT GET DELETE ,false,1520,ServiceDiscovery,Worker,POST http://localhost:10529/api/ServiceRegistry9 PUT http://localhost:10529/api/ServiceRegistry9 DELETE http://localhost:10529/api/ServiceRegistry9 
1521,Worker124,http://localhost:10531/api/Worker124,POST PUT GET DELETE ,false,1521,ServiceDiscovery,Worker,POST http://localhost:10529/api/ServiceRegistry9 PUT http://localhost:10529/api/ServiceRegistry9 DELETE http://localhost:10529/api/ServiceRegistry9 
1522,Worker125,http://localhost:10532/api/Worker125,POST PUT GET DELETE ,false,1522,ServiceDiscovery,Worker,POST http://localhost:10529/api/ServiceRegistry9 PUT http://localhost:10529/api/ServiceRegistry9 DELETE http://localhost:10529/api/ServiceRegistry9 
1523,Worker126,http://localhost:10533/api/Worker126,POST PUT GET DELETE ,false,1523,ServiceDiscovery,Worker,POST http://localhost:10529/api/ServiceRegistry9 PUT http://localhost:10529/api/ServiceRegistry9 DELETE http://localhost:10529/api/ServiceRegistry9 
1524,Worker127,http://localhost:10534/api/Worker127,POST PUT GET DELETE ,false,1524,ServiceDiscovery,Worker,POST http://localhost:10529/api/ServiceRegistry9 PUT http://localhost:10529/api/ServiceRegistry9 DELETE http://localhost:10529/api/ServiceRegistry9 
1525,Client407,http://localhost:10535/api/Client407,,false,1525,ServiceDiscovery,Client,GET http://localhost:10529/api/ServiceRegistry9 GET http://localhost:10534/api/Worker127 PUT http://localhost:10534/api/Worker127 POST http://localhost:10534/api/Worker127 DELETE http://localhost:10534/api/Worker127 
1526,Client408,http://localhost:10536/api/Client408,,false,1526,ServiceDiscovery,Client,GET http://localhost:10529/api/ServiceRegistry9 GET http://localhost:10534/api/Worker127 PUT http://localhost:10534/api/Worker127 POST http://localhost:10534/api/Worker127 DELETE http://localhost:10534/api/Worker127 
1527,Client409,http://localhost:10537/api/Client409,,false,1527,ServiceDiscovery,Client,GET http://localhost:10529/api/ServiceRegistry9 GET http://localhost:10534/api/Worker127 PUT http://localhost:10534/api/Worker127 POST http://localhost:10534/api/Worker127 DELETE http://localhost:10534/api/Worker127 
1528,Client410,http://localhost:10538/api/Client410,,false,1528,ServiceDiscovery,Client,GET http://localhost:10529/api/ServiceRegistry9 GET http://localhost:10534/api/Worker127 PUT http://localhost:10534/api/Worker127 POST http://localhost:10534/api/Worker127 DELETE http://localhost:10534/api/Worker127 
1529,Client411,http://localhost:10539/api/Client411,,false,1529,ServiceDiscovery,Client,GET http://localhost:10529/api/ServiceRegistry9 GET http://localhost:10534/api/Worker127 PUT http://localhost:10534/api/Worker127 POST http://localhost:10534/api/Worker127 DELETE http://localhost:10534/api/Worker127 
1530,Client412,http://localhost:10540/api/Client412,,false,1530,ServiceDiscovery,Client,GET http://localhost:10529/api/ServiceRegistry9 GET http://localhost:10534/api/Worker127 PUT http://localhost:10534/api/Worker127 POST http://localhost:10534/api/Worker127 DELETE http://localhost:10534/api/Worker127 
1531,Client413,http://localhost:10541/api/Client413,,false,1531,ServiceDiscovery,Client,GET http://localhost:10529/api/ServiceRegistry9 GET http://localhost:10534/api/Worker127 PUT http://localhost:10534/api/Worker127 POST http://localhost:10534/api/Worker127 DELETE http://localhost:10534/api/Worker127 
1532,Client414,http://localhost:10542/api/Client414,,false,1532,ServiceDiscovery,Client,GET http://localhost:10529/api/ServiceRegistry9 GET http://localhost:10534/api/Worker127 PUT http://localhost:10534/api/Worker127 POST http://localhost:10534/api/Worker127 DELETE http://localhost:10534/api/Worker127 
1533,ServiceRegistry10,http://localhost:10543/api/ServiceRegistry10,POST PUT GET DELETE ,false,1533,ServiceDiscovery,ServiceRegistry,
1534,Worker128,http://localhost:10544/api/Worker128,POST PUT GET DELETE ,false,1534,ServiceDiscovery,Worker,POST http://localhost:10543/api/ServiceRegistry10 PUT http://localhost:10543/api/ServiceRegistry10 DELETE http://localhost:10543/api/ServiceRegistry10 
1535,Worker129,http://localhost:10545/api/Worker129,POST PUT GET DELETE ,false,1535,ServiceDiscovery,Worker,POST http://localhost:10543/api/ServiceRegistry10 PUT http://localhost:10543/api/ServiceRegistry10 DELETE http://localhost:10543/api/ServiceRegistry10 
1536,Worker130,http://localhost:10546/api/Worker130,POST PUT GET DELETE ,false,1536,ServiceDiscovery,Worker,POST http://localhost:10543/api/ServiceRegistry10 PUT http://localhost:10543/api/ServiceRegistry10 DELETE http://localhost:10543/api/ServiceRegistry10 
1537,Client415,http://localhost:10547/api/Client415,,false,1537,ServiceDiscovery,Client,GET http://localhost:10543/api/ServiceRegistry10 GET http://localhost:10546/api/Worker130 PUT http://localhost:10546/api/Worker130 POST http://localhost:10546/api/Worker130 DELETE http://localhost:10546/api/Worker130 
1538,Client416,http://localhost:10548/api/Client416,,false,1538,ServiceDiscovery,Client,GET http://localhost:10543/api/ServiceRegistry10 GET http://localhost:10546/api/Worker130 PUT http://localhost:10546/api/Worker130 POST http://localhost:10546/api/Worker130 DELETE http://localhost:10546/api/Worker130 
1539,Client417,http://localhost:10549/api/Client417,,false,1539,ServiceDiscovery,Client,GET http://localhost:10543/api/ServiceRegistry10 GET http://localhost:10546/api/Worker130 PUT http://localhost:10546/api/Worker130 POST http://localhost:10546/api/Worker130 DELETE http://localhost:10546/api/Worker130 
1540,Client418,http://localhost:10550/api/Client418,,false,1540,ServiceDiscovery,Client,GET http://localhost:10543/api/ServiceRegistry10 GET http://localhost:10546/api/Worker130 PUT http://localhost:10546/api/Worker130 POST http://localhost:10546/api/Worker130 DELETE http://localhost:10546/api/Worker130 
1541,Client419,http://localhost:10551/api/Client419,,false,1541,ServiceDiscovery,Client,GET http://localhost:10543/api/ServiceRegistry10 GET http://localhost:10546/api/Worker130 PUT http://localhost:10546/api/Worker130 POST http://localhost:10546/api/Worker130 DELETE http://localhost:10546/api/Worker130 
1542,Client420,http://localhost:10552/api/Client420,,false,1542,ServiceDiscovery,Client,GET http://localhost:10543/api/ServiceRegistry10 GET http://localhost:10546/api/Worker130 PUT http://localhost:10546/api/Worker130 POST http://localhost:10546/api/Worker130 DELETE http://localhost:10546/api/Worker130 
1543,Client421,http://localhost:10553/api/Client421,,false,1543,ServiceDiscovery,Client,GET http://localhost:10543/api/ServiceRegistry10 GET http://localhost:10546/api/Worker130 PUT http://localhost:10546/api/Worker130 POST http://localhost:10546/api/Worker130 DELETE http://localhost:10546/api/Worker130 
1544,ServiceRegistry11,http://localhost:10554/api/ServiceRegistry11,POST PUT GET DELETE ,false,1544,ServiceDiscovery,ServiceRegistry,
1545,Worker131,http://localhost:10555/api/Worker131,POST PUT GET DELETE ,false,1545,ServiceDiscovery,Worker,POST http://localhost:10554/api/ServiceRegistry11 PUT http://localhost:10554/api/ServiceRegistry11 DELETE http://localhost:10554/api/ServiceRegistry11 
1546,Worker132,http://localhost:10556/api/Worker132,POST PUT GET DELETE ,false,1546,ServiceDiscovery,Worker,POST http://localhost:10554/api/ServiceRegistry11 PUT http://localhost:10554/api/ServiceRegistry11 DELETE http://localhost:10554/api/ServiceRegistry11 
1547,Worker133,http://localhost:10557/api/Worker133,POST PUT GET DELETE ,false,1547,ServiceDiscovery,Worker,POST http://localhost:10554/api/ServiceRegistry11 PUT http://localhost:10554/api/ServiceRegistry11 DELETE http://localhost:10554/api/ServiceRegistry11 
1548,Worker134,http://localhost:10558/api/Worker134,POST PUT GET DELETE ,false,1548,ServiceDiscovery,Worker,POST http://localhost:10554/api/ServiceRegistry11 PUT http://localhost:10554/api/ServiceRegistry11 DELETE http://localhost:10554/api/ServiceRegistry11 
1549,Worker135,http://localhost:10559/api/Worker135,POST PUT GET DELETE ,false,1549,ServiceDiscovery,Worker,POST http://localhost:10554/api/ServiceRegistry11 PUT http://localhost:10554/api/ServiceRegistry11 DELETE http://localhost:10554/api/ServiceRegistry11 
1550,Client422,http://localhost:10560/api/Client422,,false,1550,ServiceDiscovery,Client,GET http://localhost:10554/api/ServiceRegistry11 GET http://localhost:10559/api/Worker135 PUT http://localhost:10559/api/Worker135 POST http://localhost:10559/api/Worker135 DELETE http://localhost:10559/api/Worker135 
1551,Client423,http://localhost:10561/api/Client423,,false,1551,ServiceDiscovery,Client,GET http://localhost:10554/api/ServiceRegistry11 GET http://localhost:10559/api/Worker135 PUT http://localhost:10559/api/Worker135 POST http://localhost:10559/api/Worker135 DELETE http://localhost:10559/api/Worker135 
1552,Client424,http://localhost:10562/api/Client424,,false,1552,ServiceDiscovery,Client,GET http://localhost:10554/api/ServiceRegistry11 GET http://localhost:10559/api/Worker135 PUT http://localhost:10559/api/Worker135 POST http://localhost:10559/api/Worker135 DELETE http://localhost:10559/api/Worker135 
1553,Client425,http://localhost:10563/api/Client425,,false,1553,ServiceDiscovery,Client,GET http://localhost:10554/api/ServiceRegistry11 GET http://localhost:10559/api/Worker135 PUT http://localhost:10559/api/Worker135 POST http://localhost:10559/api/Worker135 DELETE http://localhost:10559/api/Worker135 
1554,Client426,http://localhost:10564/api/Client426,,false,1554,ServiceDiscovery,Client,GET http://localhost:10554/api/ServiceRegistry11 GET http://localhost:10559/api/Worker135 PUT http://localhost:10559/api/Worker135 POST http://localhost:10559/api/Worker135 DELETE http://localhost:10559/api/Worker135 
1555,Client427,http://localhost:10565/api/Client427,,false,1555,ServiceDiscovery,Client,GET http://localhost:10554/api/ServiceRegistry11 GET http://localhost:10559/api/Worker135 PUT http://localhost:10559/api/Worker135 POST http://localhost:10559/api/Worker135 DELETE http://localhost:10559/api/Worker135 
1556,Client428,http://localhost:10566/api/Client428,,false,1556,ServiceDiscovery,Client,GET http://localhost:10554/api/ServiceRegistry11 GET http://localhost:10559/api/Worker135 PUT http://localhost:10559/api/Worker135 POST http://localhost:10559/api/Worker135 DELETE http://localhost:10559/api/Worker135 
1557,Client429,http://localhost:10567/api/Client429,,false,1557,ServiceDiscovery,Client,GET http://localhost:10554/api/ServiceRegistry11 GET http://localhost:10559/api/Worker135 PUT http://localhost:10559/api/Worker135 POST http://localhost:10559/api/Worker135 DELETE http://localhost:10559/api/Worker135 
1558,ServiceRegistry12,http://localhost:10568/api/ServiceRegistry12,POST PUT GET DELETE ,false,1558,ServiceDiscovery,ServiceRegistry,
1559,Worker136,http://localhost:10569/api/Worker136,POST PUT GET DELETE ,false,1559,ServiceDiscovery,Worker,POST http://localhost:10568/api/ServiceRegistry12 PUT http://localhost:10568/api/ServiceRegistry12 DELETE http://localhost:10568/api/ServiceRegistry12 
1560,Worker137,http://localhost:10570/api/Worker137,POST PUT GET DELETE ,false,1560,ServiceDiscovery,Worker,POST http://localhost:10568/api/ServiceRegistry12 PUT http://localhost:10568/api/ServiceRegistry12 DELETE http://localhost:10568/api/ServiceRegistry12 
1561,Worker138,http://localhost:10571/api/Worker138,POST PUT GET DELETE ,false,1561,ServiceDiscovery,Worker,POST http://localhost:10568/api/ServiceRegistry12 PUT http://localhost:10568/api/ServiceRegistry12 DELETE http://localhost:10568/api/ServiceRegistry12 
1562,Worker139,http://localhost:10572/api/Worker139,POST PUT GET DELETE ,false,1562,ServiceDiscovery,Worker,POST http://localhost:10568/api/ServiceRegistry12 PUT http://localhost:10568/api/ServiceRegistry12 DELETE http://localhost:10568/api/ServiceRegistry12 
1563,Worker140,http://localhost:10573/api/Worker140,POST PUT GET DELETE ,false,1563,ServiceDiscovery,Worker,POST http://localhost:10568/api/ServiceRegistry12 PUT http://localhost:10568/api/ServiceRegistry12 DELETE http://localhost:10568/api/ServiceRegistry12 
1564,Client430,http://localhost:10574/api/Client430,,false,1564,ServiceDiscovery,Client,GET http://localhost:10568/api/ServiceRegistry12 GET http://localhost:10573/api/Worker140 PUT http://localhost:10573/api/Worker140 POST http://localhost:10573/api/Worker140 DELETE http://localhost:10573/api/Worker140 
1565,Client431,http://localhost:10575/api/Client431,,false,1565,ServiceDiscovery,Client,GET http://localhost:10568/api/ServiceRegistry12 GET http://localhost:10573/api/Worker140 PUT http://localhost:10573/api/Worker140 POST http://localhost:10573/api/Worker140 DELETE http://localhost:10573/api/Worker140 
1566,Client432,http://localhost:10576/api/Client432,,false,1566,ServiceDiscovery,Client,GET http://localhost:10568/api/ServiceRegistry12 GET http://localhost:10573/api/Worker140 PUT http://localhost:10573/api/Worker140 POST http://localhost:10573/api/Worker140 DELETE http://localhost:10573/api/Worker140 
1567,Client433,http://localhost:10577/api/Client433,,false,1567,ServiceDiscovery,Client,GET http://localhost:10568/api/ServiceRegistry12 GET http://localhost:10573/api/Worker140 PUT http://localhost:10573/api/Worker140 POST http://localhost:10573/api/Worker140 DELETE http://localhost:10573/api/Worker140 
1568,Client434,http://localhost:10578/api/Client434,,false,1568,ServiceDiscovery,Client,GET http://localhost:10568/api/ServiceRegistry12 GET http://localhost:10573/api/Worker140 PUT http://localhost:10573/api/Worker140 POST http://localhost:10573/api/Worker140 DELETE http://localhost:10573/api/Worker140 
1569,Client435,http://localhost:10579/api/Client435,,false,1569,ServiceDiscovery,Client,GET http://localhost:10568/api/ServiceRegistry12 GET http://localhost:10573/api/Worker140 PUT http://localhost:10573/api/Worker140 POST http://localhost:10573/api/Worker140 DELETE http://localhost:10573/api/Worker140 
1570,Client436,http://localhost:10580/api/Client436,,false,1570,ServiceDiscovery,Client,GET http://localhost:10568/api/ServiceRegistry12 GET http://localhost:10573/api/Worker140 PUT http://localhost:10573/api/Worker140 POST http://localhost:10573/api/Worker140 DELETE http://localhost:10573/api/Worker140 
1571,ServiceRegistry13,http://localhost:10581/api/ServiceRegistry13,POST PUT GET DELETE ,false,1571,ServiceDiscovery,ServiceRegistry,
1572,Worker141,http://localhost:10582/api/Worker141,POST PUT GET DELETE ,false,1572,ServiceDiscovery,Worker,POST http://localhost:10581/api/ServiceRegistry13 PUT http://localhost:10581/api/ServiceRegistry13 DELETE http://localhost:10581/api/ServiceRegistry13 
1573,Worker142,http://localhost:10583/api/Worker142,POST PUT GET DELETE ,false,1573,ServiceDiscovery,Worker,POST http://localhost:10581/api/ServiceRegistry13 PUT http://localhost:10581/api/ServiceRegistry13 DELETE http://localhost:10581/api/ServiceRegistry13 
1574,Client437,http://localhost:10584/api/Client437,,false,1574,ServiceDiscovery,Client,GET http://localhost:10581/api/ServiceRegistry13 GET http://localhost:10583/api/Worker142 PUT http://localhost:10583/api/Worker142 POST http://localhost:10583/api/Worker142 DELETE http://localhost:10583/api/Worker142 
1575,Client438,http://localhost:10585/api/Client438,,false,1575,ServiceDiscovery,Client,GET http://localhost:10581/api/ServiceRegistry13 GET http://localhost:10583/api/Worker142 PUT http://localhost:10583/api/Worker142 POST http://localhost:10583/api/Worker142 DELETE http://localhost:10583/api/Worker142 
1576,Client439,http://localhost:10586/api/Client439,,false,1576,ServiceDiscovery,Client,GET http://localhost:10581/api/ServiceRegistry13 GET http://localhost:10583/api/Worker142 PUT http://localhost:10583/api/Worker142 POST http://localhost:10583/api/Worker142 DELETE http://localhost:10583/api/Worker142 
1577,Client440,http://localhost:10587/api/Client440,,false,1577,ServiceDiscovery,Client,GET http://localhost:10581/api/ServiceRegistry13 GET http://localhost:10583/api/Worker142 PUT http://localhost:10583/api/Worker142 POST http://localhost:10583/api/Worker142 DELETE http://localhost:10583/api/Worker142 
1578,Client441,http://localhost:10588/api/Client441,,false,1578,ServiceDiscovery,Client,GET http://localhost:10581/api/ServiceRegistry13 GET http://localhost:10583/api/Worker142 PUT http://localhost:10583/api/Worker142 POST http://localhost:10583/api/Worker142 DELETE http://localhost:10583/api/Worker142 
1579,Client442,http://localhost:10589/api/Client442,,false,1579,ServiceDiscovery,Client,GET http://localhost:10581/api/ServiceRegistry13 GET http://localhost:10583/api/Worker142 PUT http://localhost:10583/api/Worker142 POST http://localhost:10583/api/Worker142 DELETE http://localhost:10583/api/Worker142 
1580,ServiceRegistry14,http://localhost:10590/api/ServiceRegistry14,POST PUT GET DELETE ,false,1580,ServiceDiscovery,ServiceRegistry,
1581,Worker143,http://localhost:10591/api/Worker143,POST PUT GET DELETE ,false,1581,ServiceDiscovery,Worker,POST http://localhost:10590/api/ServiceRegistry14 PUT http://localhost:10590/api/ServiceRegistry14 DELETE http://localhost:10590/api/ServiceRegistry14 
1582,Client443,http://localhost:10592/api/Client443,,false,1582,ServiceDiscovery,Client,GET http://localhost:10590/api/ServiceRegistry14 GET http://localhost:10591/api/Worker143 PUT http://localhost:10591/api/Worker143 POST http://localhost:10591/api/Worker143 DELETE http://localhost:10591/api/Worker143 
1583,Client444,http://localhost:10593/api/Client444,,false,1583,ServiceDiscovery,Client,GET http://localhost:10590/api/ServiceRegistry14 GET http://localhost:10591/api/Worker143 PUT http://localhost:10591/api/Worker143 POST http://localhost:10591/api/Worker143 DELETE http://localhost:10591/api/Worker143 
1584,Client445,http://localhost:10594/api/Client445,,false,1584,ServiceDiscovery,Client,GET http://localhost:10590/api/ServiceRegistry14 GET http://localhost:10591/api/Worker143 PUT http://localhost:10591/api/Worker143 POST http://localhost:10591/api/Worker143 DELETE http://localhost:10591/api/Worker143 
1585,Client446,http://localhost:10595/api/Client446,,false,1585,ServiceDiscovery,Client,GET http://localhost:10590/api/ServiceRegistry14 GET http://localhost:10591/api/Worker143 PUT http://localhost:10591/api/Worker143 POST http://localhost:10591/api/Worker143 DELETE http://localhost:10591/api/Worker143 
1586,Client447,http://localhost:10596/api/Client447,,false,1586,ServiceDiscovery,Client,GET http://localhost:10590/api/ServiceRegistry14 GET http://localhost:10591/api/Worker143 PUT http://localhost:10591/api/Worker143 POST http://localhost:10591/api/Worker143 DELETE http://localhost:10591/api/Worker143 
1587,Client448,http://localhost:10597/api/Client448,,false,1587,ServiceDiscovery,Client,GET http://localhost:10590/api/ServiceRegistry14 GET http://localhost:10591/api/Worker143 PUT http://localhost:10591/api/Worker143 POST http://localhost:10591/api/Worker143 DELETE http://localhost:10591/api/Worker143 
1588,Client449,http://localhost:10598/api/Client449,,false,1588,ServiceDiscovery,Client,GET http://localhost:10590/api/ServiceRegistry14 GET http://localhost:10591/api/Worker143 PUT http://localhost:10591/api/Worker143 POST http://localhost:10591/api/Worker143 DELETE http://localhost:10591/api/Worker143 
1589,ServiceRegistry15,http://localhost:10599/api/ServiceRegistry15,POST PUT GET DELETE ,false,1589,ServiceDiscovery,ServiceRegistry,
1590,Worker144,http://localhost:10600/api/Worker144,POST PUT GET DELETE ,false,1590,ServiceDiscovery,Worker,POST http://localhost:10599/api/ServiceRegistry15 PUT http://localhost:10599/api/ServiceRegistry15 DELETE http://localhost:10599/api/ServiceRegistry15 
1591,Worker145,http://localhost:10601/api/Worker145,POST PUT GET DELETE ,false,1591,ServiceDiscovery,Worker,POST http://localhost:10599/api/ServiceRegistry15 PUT http://localhost:10599/api/ServiceRegistry15 DELETE http://localhost:10599/api/ServiceRegistry15 
1592,Worker146,http://localhost:10602/api/Worker146,POST PUT GET DELETE ,false,1592,ServiceDiscovery,Worker,POST http://localhost:10599/api/ServiceRegistry15 PUT http://localhost:10599/api/ServiceRegistry15 DELETE http://localhost:10599/api/ServiceRegistry15 
1593,Worker147,http://localhost:10603/api/Worker147,POST PUT GET DELETE ,false,1593,ServiceDiscovery,Worker,POST http://localhost:10599/api/ServiceRegistry15 PUT http://localhost:10599/api/ServiceRegistry15 DELETE http://localhost:10599/api/ServiceRegistry15 
1594,Worker148,http://localhost:10604/api/Worker148,POST PUT GET DELETE ,false,1594,ServiceDiscovery,Worker,POST http://localhost:10599/api/ServiceRegistry15 PUT http://localhost:10599/api/ServiceRegistry15 DELETE http://localhost:10599/api/ServiceRegistry15 
1595,Client450,http://localhost:10605/api/Client450,,false,1595,ServiceDiscovery,Client,GET http://localhost:10599/api/ServiceRegistry15 GET http://localhost:10604/api/Worker148 PUT http://localhost:10604/api/Worker148 POST http://localhost:10604/api/Worker148 DELETE http://localhost:10604/api/Worker148 
1596,Client451,http://localhost:10606/api/Client451,,false,1596,ServiceDiscovery,Client,GET http://localhost:10599/api/ServiceRegistry15 GET http://localhost:10604/api/Worker148 PUT http://localhost:10604/api/Worker148 POST http://localhost:10604/api/Worker148 DELETE http://localhost:10604/api/Worker148 
1597,Client452,http://localhost:10607/api/Client452,,false,1597,ServiceDiscovery,Client,GET http://localhost:10599/api/ServiceRegistry15 GET http://localhost:10604/api/Worker148 PUT http://localhost:10604/api/Worker148 POST http://localhost:10604/api/Worker148 DELETE http://localhost:10604/api/Worker148 
1598,Client453,http://localhost:10608/api/Client453,,false,1598,ServiceDiscovery,Client,GET http://localhost:10599/api/ServiceRegistry15 GET http://localhost:10604/api/Worker148 PUT http://localhost:10604/api/Worker148 POST http://localhost:10604/api/Worker148 DELETE http://localhost:10604/api/Worker148 
1599,Client454,http://localhost:10609/api/Client454,,false,1599,ServiceDiscovery,Client,GET http://localhost:10599/api/ServiceRegistry15 GET http://localhost:10604/api/Worker148 PUT http://localhost:10604/api/Worker148 POST http://localhost:10604/api/Worker148 DELETE http://localhost:10604/api/Worker148 
1600,ServiceRegistry16,http://localhost:10610/api/ServiceRegistry16,POST PUT GET DELETE ,false,1600,ServiceDiscovery,ServiceRegistry,
1601,Worker149,http://localhost:10611/api/Worker149,POST PUT GET DELETE ,false,1601,ServiceDiscovery,Worker,POST http://localhost:10610/api/ServiceRegistry16 PUT http://localhost:10610/api/ServiceRegistry16 DELETE http://localhost:10610/api/ServiceRegistry16 
1602,Worker150,http://localhost:10612/api/Worker150,POST PUT GET DELETE ,false,1602,ServiceDiscovery,Worker,POST http://localhost:10610/api/ServiceRegistry16 PUT http://localhost:10610/api/ServiceRegistry16 DELETE http://localhost:10610/api/ServiceRegistry16 
1603,Worker151,http://localhost:10613/api/Worker151,POST PUT GET DELETE ,false,1603,ServiceDiscovery,Worker,POST http://localhost:10610/api/ServiceRegistry16 PUT http://localhost:10610/api/ServiceRegistry16 DELETE http://localhost:10610/api/ServiceRegistry16 
1604,Client455,http://localhost:10614/api/Client455,,false,1604,ServiceDiscovery,Client,GET http://localhost:10610/api/ServiceRegistry16 GET http://localhost:10613/api/Worker151 PUT http://localhost:10613/api/Worker151 POST http://localhost:10613/api/Worker151 DELETE http://localhost:10613/api/Worker151 
1605,Client456,http://localhost:10615/api/Client456,,false,1605,ServiceDiscovery,Client,GET http://localhost:10610/api/ServiceRegistry16 GET http://localhost:10613/api/Worker151 PUT http://localhost:10613/api/Worker151 POST http://localhost:10613/api/Worker151 DELETE http://localhost:10613/api/Worker151 
1606,Client457,http://localhost:10616/api/Client457,,false,1606,ServiceDiscovery,Client,GET http://localhost:10610/api/ServiceRegistry16 GET http://localhost:10613/api/Worker151 PUT http://localhost:10613/api/Worker151 POST http://localhost:10613/api/Worker151 DELETE http://localhost:10613/api/Worker151 
1607,Client458,http://localhost:10617/api/Client458,,false,1607,ServiceDiscovery,Client,GET http://localhost:10610/api/ServiceRegistry16 GET http://localhost:10613/api/Worker151 PUT http://localhost:10613/api/Worker151 POST http://localhost:10613/api/Worker151 DELETE http://localhost:10613/api/Worker151 
1608,Client459,http://localhost:10618/api/Client459,,false,1608,ServiceDiscovery,Client,GET http://localhost:10610/api/ServiceRegistry16 GET http://localhost:10613/api/Worker151 PUT http://localhost:10613/api/Worker151 POST http://localhost:10613/api/Worker151 DELETE http://localhost:10613/api/Worker151 
1609,Client460,http://localhost:10619/api/Client460,,false,1609,ServiceDiscovery,Client,GET http://localhost:10610/api/ServiceRegistry16 GET http://localhost:10613/api/Worker151 PUT http://localhost:10613/api/Worker151 POST http://localhost:10613/api/Worker151 DELETE http://localhost:10613/api/Worker151 
1610,ServiceRegistry17,http://localhost:10620/api/ServiceRegistry17,POST PUT GET DELETE ,false,1610,ServiceDiscovery,ServiceRegistry,
1611,Worker152,http://localhost:10621/api/Worker152,POST PUT GET DELETE ,false,1611,ServiceDiscovery,Worker,POST http://localhost:10620/api/ServiceRegistry17 PUT http://localhost:10620/api/ServiceRegistry17 DELETE http://localhost:10620/api/ServiceRegistry17 
1612,Worker153,http://localhost:10622/api/Worker153,POST PUT GET DELETE ,false,1612,ServiceDiscovery,Worker,POST http://localhost:10620/api/ServiceRegistry17 PUT http://localhost:10620/api/ServiceRegistry17 DELETE http://localhost:10620/api/ServiceRegistry17 
1613,Worker154,http://localhost:10623/api/Worker154,POST PUT GET DELETE ,false,1613,ServiceDiscovery,Worker,POST http://localhost:10620/api/ServiceRegistry17 PUT http://localhost:10620/api/ServiceRegistry17 DELETE http://localhost:10620/api/ServiceRegistry17 
1614,Client461,http://localhost:10624/api/Client461,,false,1614,ServiceDiscovery,Client,GET http://localhost:10620/api/ServiceRegistry17 GET http://localhost:10623/api/Worker154 PUT http://localhost:10623/api/Worker154 POST http://localhost:10623/api/Worker154 DELETE http://localhost:10623/api/Worker154 
1615,Client462,http://localhost:10625/api/Client462,,false,1615,ServiceDiscovery,Client,GET http://localhost:10620/api/ServiceRegistry17 GET http://localhost:10623/api/Worker154 PUT http://localhost:10623/api/Worker154 POST http://localhost:10623/api/Worker154 DELETE http://localhost:10623/api/Worker154 
1616,Client463,http://localhost:10626/api/Client463,,false,1616,ServiceDiscovery,Client,GET http://localhost:10620/api/ServiceRegistry17 GET http://localhost:10623/api/Worker154 PUT http://localhost:10623/api/Worker154 POST http://localhost:10623/api/Worker154 DELETE http://localhost:10623/api/Worker154 
1617,Client464,http://localhost:10627/api/Client464,,false,1617,ServiceDiscovery,Client,GET http://localhost:10620/api/ServiceRegistry17 GET http://localhost:10623/api/Worker154 PUT http://localhost:10623/api/Worker154 POST http://localhost:10623/api/Worker154 DELETE http://localhost:10623/api/Worker154 
1618,Client465,http://localhost:10628/api/Client465,,false,1618,ServiceDiscovery,Client,GET http://localhost:10620/api/ServiceRegistry17 GET http://localhost:10623/api/Worker154 PUT http://localhost:10623/api/Worker154 POST http://localhost:10623/api/Worker154 DELETE http://localhost:10623/api/Worker154 
1619,ServiceRegistry18,http://localhost:10629/api/ServiceRegistry18,POST PUT GET DELETE ,false,1619,ServiceDiscovery,ServiceRegistry,
1620,Worker155,http://localhost:10630/api/Worker155,POST PUT GET DELETE ,false,1620,ServiceDiscovery,Worker,POST http://localhost:10629/api/ServiceRegistry18 PUT http://localhost:10629/api/ServiceRegistry18 DELETE http://localhost:10629/api/ServiceRegistry18 
1621,Client466,http://localhost:10631/api/Client466,,false,1621,ServiceDiscovery,Client,GET http://localhost:10629/api/ServiceRegistry18 GET http://localhost:10630/api/Worker155 PUT http://localhost:10630/api/Worker155 POST http://localhost:10630/api/Worker155 DELETE http://localhost:10630/api/Worker155 
1622,Client467,http://localhost:10632/api/Client467,,false,1622,ServiceDiscovery,Client,GET http://localhost:10629/api/ServiceRegistry18 GET http://localhost:10630/api/Worker155 PUT http://localhost:10630/api/Worker155 POST http://localhost:10630/api/Worker155 DELETE http://localhost:10630/api/Worker155 
1623,Client468,http://localhost:10633/api/Client468,,false,1623,ServiceDiscovery,Client,GET http://localhost:10629/api/ServiceRegistry18 GET http://localhost:10630/api/Worker155 PUT http://localhost:10630/api/Worker155 POST http://localhost:10630/api/Worker155 DELETE http://localhost:10630/api/Worker155 
1624,ServiceRegistry19,http://localhost:10634/api/ServiceRegistry19,POST PUT GET DELETE ,false,1624,ServiceDiscovery,ServiceRegistry,
1625,Worker156,http://localhost:10635/api/Worker156,POST PUT GET DELETE ,false,1625,ServiceDiscovery,Worker,POST http://localhost:10634/api/ServiceRegistry19 PUT http://localhost:10634/api/ServiceRegistry19 DELETE http://localhost:10634/api/ServiceRegistry19 
1626,Worker157,http://localhost:10636/api/Worker157,POST PUT GET DELETE ,false,1626,ServiceDiscovery,Worker,POST http://localhost:10634/api/ServiceRegistry19 PUT http://localhost:10634/api/ServiceRegistry19 DELETE http://localhost:10634/api/ServiceRegistry19 
1627,Worker158,http://localhost:10637/api/Worker158,POST PUT GET DELETE ,false,1627,ServiceDiscovery,Worker,POST http://localhost:10634/api/ServiceRegistry19 PUT http://localhost:10634/api/ServiceRegistry19 DELETE http://localhost:10634/api/ServiceRegistry19 
1628,Client469,http://localhost:10638/api/Client469,,false,1628,ServiceDiscovery,Client,GET http://localhost:10634/api/ServiceRegistry19 GET http://localhost:10637/api/Worker158 PUT http://localhost:10637/api/Worker158 POST http://localhost:10637/api/Worker158 DELETE http://localhost:10637/api/Worker158 
1629,Client470,http://localhost:10639/api/Client470,,false,1629,ServiceDiscovery,Client,GET http://localhost:10634/api/ServiceRegistry19 GET http://localhost:10637/api/Worker158 PUT http://localhost:10637/api/Worker158 POST http://localhost:10637/api/Worker158 DELETE http://localhost:10637/api/Worker158 
1630,Client471,http://localhost:10640/api/Client471,,false,1630,ServiceDiscovery,Client,GET http://localhost:10634/api/ServiceRegistry19 GET http://localhost:10637/api/Worker158 PUT http://localhost:10637/api/Worker158 POST http://localhost:10637/api/Worker158 DELETE http://localhost:10637/api/Worker158 
1631,Client472,http://localhost:10641/api/Client472,,false,1631,ServiceDiscovery,Client,GET http://localhost:10634/api/ServiceRegistry19 GET http://localhost:10637/api/Worker158 PUT http://localhost:10637/api/Worker158 POST http://localhost:10637/api/Worker158 DELETE http://localhost:10637/api/Worker158 
1632,ServiceRegistry20,http://localhost:10642/api/ServiceRegistry20,POST PUT GET DELETE ,false,1632,ServiceDiscovery,ServiceRegistry,
1633,Worker159,http://localhost:10643/api/Worker159,POST PUT GET DELETE ,false,1633,ServiceDiscovery,Worker,POST http://localhost:10642/api/ServiceRegistry20 PUT http://localhost:10642/api/ServiceRegistry20 DELETE http://localhost:10642/api/ServiceRegistry20 
1634,Client473,http://localhost:10644/api/Client473,,false,1634,ServiceDiscovery,Client,GET http://localhost:10642/api/ServiceRegistry20 GET http://localhost:10643/api/Worker159 PUT http://localhost:10643/api/Worker159 POST http://localhost:10643/api/Worker159 DELETE http://localhost:10643/api/Worker159 
1635,Client474,http://localhost:10645/api/Client474,,false,1635,ServiceDiscovery,Client,GET http://localhost:10642/api/ServiceRegistry20 GET http://localhost:10643/api/Worker159 PUT http://localhost:10643/api/Worker159 POST http://localhost:10643/api/Worker159 DELETE http://localhost:10643/api/Worker159 
1636,Client475,http://localhost:10646/api/Client475,,false,1636,ServiceDiscovery,Client,GET http://localhost:10642/api/ServiceRegistry20 GET http://localhost:10643/api/Worker159 PUT http://localhost:10643/api/Worker159 POST http://localhost:10643/api/Worker159 DELETE http://localhost:10643/api/Worker159 
1637,Client476,http://localhost:10647/api/Client476,,false,1637,ServiceDiscovery,Client,GET http://localhost:10642/api/ServiceRegistry20 GET http://localhost:10643/api/Worker159 PUT http://localhost:10643/api/Worker159 POST http://localhost:10643/api/Worker159 DELETE http://localhost:10643/api/Worker159 
1638,Client477,http://localhost:10648/api/Client477,,false,1638,ServiceDiscovery,Client,GET http://localhost:10642/api/ServiceRegistry20 GET http://localhost:10643/api/Worker159 PUT http://localhost:10643/api/Worker159 POST http://localhost:10643/api/Worker159 DELETE http://localhost:10643/api/Worker159 
1639,Client478,http://localhost:10649/api/Client478,,false,1639,ServiceDiscovery,Client,GET http://localhost:10642/api/ServiceRegistry20 GET http://localhost:10643/api/Worker159 PUT http://localhost:10643/api/Worker159 POST http://localhost:10643/api/Worker159 DELETE http://localhost:10643/api/Worker159 
1640,Client479,http://localhost:10650/api/Client479,,false,1640,ServiceDiscovery,Client,GET http://localhost:10642/api/ServiceRegistry20 GET http://localhost:10643/api/Worker159 PUT http://localhost:10643/api/Worker159 POST http://localhost:10643/api/Worker159 DELETE http://localhost:10643/api/Worker159 
1641,Client480,http://localhost:10651/api/Client480,,false,1641,ServiceDiscovery,Client,GET http://localhost:10642/api/ServiceRegistry20 GET http://localhost:10643/api/Worker159 PUT http://localhost:10643/api/Worker159 POST http://localhost:10643/api/Worker159 DELETE http://localhost:10643/api/Worker159 
1642,ServiceRegistry21,http://localhost:10652/api/ServiceRegistry21,POST PUT GET DELETE ,false,1642,ServiceDiscovery,ServiceRegistry,
1643,Worker160,http://localhost:10653/api/Worker160,POST PUT GET DELETE ,false,1643,ServiceDiscovery,Worker,POST http://localhost:10652/api/ServiceRegistry21 PUT http://localhost:10652/api/ServiceRegistry21 DELETE http://localhost:10652/api/ServiceRegistry21 
1644,Worker161,http://localhost:10654/api/Worker161,POST PUT GET DELETE ,false,1644,ServiceDiscovery,Worker,POST http://localhost:10652/api/ServiceRegistry21 PUT http://localhost:10652/api/ServiceRegistry21 DELETE http://localhost:10652/api/ServiceRegistry21 
1645,Client481,http://localhost:10655/api/Client481,,false,1645,ServiceDiscovery,Client,GET http://localhost:10652/api/ServiceRegistry21 GET http://localhost:10654/api/Worker161 PUT http://localhost:10654/api/Worker161 POST http://localhost:10654/api/Worker161 DELETE http://localhost:10654/api/Worker161 
1646,Client482,http://localhost:10656/api/Client482,,false,1646,ServiceDiscovery,Client,GET http://localhost:10652/api/ServiceRegistry21 GET http://localhost:10654/api/Worker161 PUT http://localhost:10654/api/Worker161 POST http://localhost:10654/api/Worker161 DELETE http://localhost:10654/api/Worker161 
1647,Client483,http://localhost:10657/api/Client483,,false,1647,ServiceDiscovery,Client,GET http://localhost:10652/api/ServiceRegistry21 GET http://localhost:10654/api/Worker161 PUT http://localhost:10654/api/Worker161 POST http://localhost:10654/api/Worker161 DELETE http://localhost:10654/api/Worker161 
1648,Client484,http://localhost:10658/api/Client484,,false,1648,ServiceDiscovery,Client,GET http://localhost:10652/api/ServiceRegistry21 GET http://localhost:10654/api/Worker161 PUT http://localhost:10654/api/Worker161 POST http://localhost:10654/api/Worker161 DELETE http://localhost:10654/api/Worker161 
1649,Client485,http://localhost:10659/api/Client485,,false,1649,ServiceDiscovery,Client,GET http://localhost:10652/api/ServiceRegistry21 GET http://localhost:10654/api/Worker161 PUT http://localhost:10654/api/Worker161 POST http://localhost:10654/api/Worker161 DELETE http://localhost:10654/api/Worker161 
1650,Client486,http://localhost:10660/api/Client486,,false,1650,ServiceDiscovery,Client,GET http://localhost:10652/api/ServiceRegistry21 GET http://localhost:10654/api/Worker161 PUT http://localhost:10654/api/Worker161 POST http://localhost:10654/api/Worker161 DELETE http://localhost:10654/api/Worker161 
1651,Client487,http://localhost:10661/api/Client487,,false,1651,ServiceDiscovery,Client,GET http://localhost:10652/api/ServiceRegistry21 GET http://localhost:10654/api/Worker161 PUT http://localhost:10654/api/Worker161 POST http://localhost:10654/api/Worker161 DELETE http://localhost:10654/api/Worker161 
1652,Client488,http://localhost:10662/api/Client488,,false,1652,ServiceDiscovery,Client,GET http://localhost:10652/api/ServiceRegistry21 GET http://localhost:10654/api/Worker161 PUT http://localhost:10654/api/Worker161 POST http://localhost:10654/api/Worker161 DELETE http://localhost:10654/api/Worker161 
1653,ServiceRegistry22,http://localhost:10663/api/ServiceRegistry22,POST PUT GET DELETE ,false,1653,ServiceDiscovery,ServiceRegistry,
1654,Worker162,http://localhost:10664/api/Worker162,POST PUT GET DELETE ,false,1654,ServiceDiscovery,Worker,POST http://localhost:10663/api/ServiceRegistry22 PUT http://localhost:10663/api/ServiceRegistry22 DELETE http://localhost:10663/api/ServiceRegistry22 
1655,Worker163,http://localhost:10665/api/Worker163,POST PUT GET DELETE ,false,1655,ServiceDiscovery,Worker,POST http://localhost:10663/api/ServiceRegistry22 PUT http://localhost:10663/api/ServiceRegistry22 DELETE http://localhost:10663/api/ServiceRegistry22 
1656,Worker164,http://localhost:10666/api/Worker164,POST PUT GET DELETE ,false,1656,ServiceDiscovery,Worker,POST http://localhost:10663/api/ServiceRegistry22 PUT http://localhost:10663/api/ServiceRegistry22 DELETE http://localhost:10663/api/ServiceRegistry22 
1657,Worker165,http://localhost:10667/api/Worker165,POST PUT GET DELETE ,false,1657,ServiceDiscovery,Worker,POST http://localhost:10663/api/ServiceRegistry22 PUT http://localhost:10663/api/ServiceRegistry22 DELETE http://localhost:10663/api/ServiceRegistry22 
1658,Worker166,http://localhost:10668/api/Worker166,POST PUT GET DELETE ,false,1658,ServiceDiscovery,Worker,POST http://localhost:10663/api/ServiceRegistry22 PUT http://localhost:10663/api/ServiceRegistry22 DELETE http://localhost:10663/api/ServiceRegistry22 
1659,Client489,http://localhost:10669/api/Client489,,false,1659,ServiceDiscovery,Client,GET http://localhost:10663/api/ServiceRegistry22 GET http://localhost:10668/api/Worker166 PUT http://localhost:10668/api/Worker166 POST http://localhost:10668/api/Worker166 DELETE http://localhost:10668/api/Worker166 
1660,Client490,http://localhost:10670/api/Client490,,false,1660,ServiceDiscovery,Client,GET http://localhost:10663/api/ServiceRegistry22 GET http://localhost:10668/api/Worker166 PUT http://localhost:10668/api/Worker166 POST http://localhost:10668/api/Worker166 DELETE http://localhost:10668/api/Worker166 
1661,Client491,http://localhost:10671/api/Client491,,false,1661,ServiceDiscovery,Client,GET http://localhost:10663/api/ServiceRegistry22 GET http://localhost:10668/api/Worker166 PUT http://localhost:10668/api/Worker166 POST http://localhost:10668/api/Worker166 DELETE http://localhost:10668/api/Worker166 
1662,Client492,http://localhost:10672/api/Client492,,false,1662,ServiceDiscovery,Client,GET http://localhost:10663/api/ServiceRegistry22 GET http://localhost:10668/api/Worker166 PUT http://localhost:10668/api/Worker166 POST http://localhost:10668/api/Worker166 DELETE http://localhost:10668/api/Worker166 
1663,Client493,http://localhost:10673/api/Client493,,false,1663,ServiceDiscovery,Client,GET http://localhost:10663/api/ServiceRegistry22 GET http://localhost:10668/api/Worker166 PUT http://localhost:10668/api/Worker166 POST http://localhost:10668/api/Worker166 DELETE http://localhost:10668/api/Worker166 
1664,ServiceRegistry23,http://localhost:10674/api/ServiceRegistry23,POST PUT GET DELETE ,false,1664,ServiceDiscovery,ServiceRegistry,
1665,Worker167,http://localhost:10675/api/Worker167,POST PUT GET DELETE ,false,1665,ServiceDiscovery,Worker,POST http://localhost:10674/api/ServiceRegistry23 PUT http://localhost:10674/api/ServiceRegistry23 DELETE http://localhost:10674/api/ServiceRegistry23 
1666,Worker168,http://localhost:10676/api/Worker168,POST PUT GET DELETE ,false,1666,ServiceDiscovery,Worker,POST http://localhost:10674/api/ServiceRegistry23 PUT http://localhost:10674/api/ServiceRegistry23 DELETE http://localhost:10674/api/ServiceRegistry23 
1667,Worker169,http://localhost:10677/api/Worker169,POST PUT GET DELETE ,false,1667,ServiceDiscovery,Worker,POST http://localhost:10674/api/ServiceRegistry23 PUT http://localhost:10674/api/ServiceRegistry23 DELETE http://localhost:10674/api/ServiceRegistry23 
1668,Worker170,http://localhost:10678/api/Worker170,POST PUT GET DELETE ,false,1668,ServiceDiscovery,Worker,POST http://localhost:10674/api/ServiceRegistry23 PUT http://localhost:10674/api/ServiceRegistry23 DELETE http://localhost:10674/api/ServiceRegistry23 
1669,Client494,http://localhost:10679/api/Client494,,false,1669,ServiceDiscovery,Client,GET http://localhost:10674/api/ServiceRegistry23 GET http://localhost:10678/api/Worker170 PUT http://localhost:10678/api/Worker170 POST http://localhost:10678/api/Worker170 DELETE http://localhost:10678/api/Worker170 
1670,Client495,http://localhost:10680/api/Client495,,false,1670,ServiceDiscovery,Client,GET http://localhost:10674/api/ServiceRegistry23 GET http://localhost:10678/api/Worker170 PUT http://localhost:10678/api/Worker170 POST http://localhost:10678/api/Worker170 DELETE http://localhost:10678/api/Worker170 
1671,Client496,http://localhost:10681/api/Client496,,false,1671,ServiceDiscovery,Client,GET http://localhost:10674/api/ServiceRegistry23 GET http://localhost:10678/api/Worker170 PUT http://localhost:10678/api/Worker170 POST http://localhost:10678/api/Worker170 DELETE http://localhost:10678/api/Worker170 
1672,ServiceRegistry24,http://localhost:10682/api/ServiceRegistry24,POST PUT GET DELETE ,false,1672,ServiceDiscovery,ServiceRegistry,
1673,Worker171,http://localhost:10683/api/Worker171,POST PUT GET DELETE ,false,1673,ServiceDiscovery,Worker,POST http://localhost:10682/api/ServiceRegistry24 PUT http://localhost:10682/api/ServiceRegistry24 DELETE http://localhost:10682/api/ServiceRegistry24 
1674,Worker172,http://localhost:10684/api/Worker172,POST PUT GET DELETE ,false,1674,ServiceDiscovery,Worker,POST http://localhost:10682/api/ServiceRegistry24 PUT http://localhost:10682/api/ServiceRegistry24 DELETE http://localhost:10682/api/ServiceRegistry24 
1675,Client497,http://localhost:10685/api/Client497,,false,1675,ServiceDiscovery,Client,GET http://localhost:10682/api/ServiceRegistry24 GET http://localhost:10684/api/Worker172 PUT http://localhost:10684/api/Worker172 POST http://localhost:10684/api/Worker172 DELETE http://localhost:10684/api/Worker172 
1676,Client498,http://localhost:10686/api/Client498,,false,1676,ServiceDiscovery,Client,GET http://localhost:10682/api/ServiceRegistry24 GET http://localhost:10684/api/Worker172 PUT http://localhost:10684/api/Worker172 POST http://localhost:10684/api/Worker172 DELETE http://localhost:10684/api/Worker172 
1677,Client499,http://localhost:10687/api/Client499,,false,1677,ServiceDiscovery,Client,GET http://localhost:10682/api/ServiceRegistry24 GET http://localhost:10684/api/Worker172 PUT http://localhost:10684/api/Worker172 POST http://localhost:10684/api/Worker172 DELETE http://localhost:10684/api/Worker172 
1678,Client500,http://localhost:10688/api/Client500,,false,1678,ServiceDiscovery,Client,GET http://localhost:10682/api/ServiceRegistry24 GET http://localhost:10684/api/Worker172 PUT http://localhost:10684/api/Worker172 POST http://localhost:10684/api/Worker172 DELETE http://localhost:10684/api/Worker172 
1679,ServiceRegistry25,http://localhost:10689/api/ServiceRegistry25,POST PUT GET DELETE ,false,1679,ServiceDiscovery,ServiceRegistry,
1680,Worker173,http://localhost:10690/api/Worker173,POST PUT GET DELETE ,false,1680,ServiceDiscovery,Worker,POST http://localhost:10689/api/ServiceRegistry25 PUT http://localhost:10689/api/ServiceRegistry25 DELETE http://localhost:10689/api/ServiceRegistry25 
1681,Worker174,http://localhost:10691/api/Worker174,POST PUT GET DELETE ,false,1681,ServiceDiscovery,Worker,POST http://localhost:10689/api/ServiceRegistry25 PUT http://localhost:10689/api/ServiceRegistry25 DELETE http://localhost:10689/api/ServiceRegistry25 
1682,Worker175,http://localhost:10692/api/Worker175,POST PUT GET DELETE ,false,1682,ServiceDiscovery,Worker,POST http://localhost:10689/api/ServiceRegistry25 PUT http://localhost:10689/api/ServiceRegistry25 DELETE http://localhost:10689/api/ServiceRegistry25 
1683,Worker176,http://localhost:10693/api/Worker176,POST PUT GET DELETE ,false,1683,ServiceDiscovery,Worker,POST http://localhost:10689/api/ServiceRegistry25 PUT http://localhost:10689/api/ServiceRegistry25 DELETE http://localhost:10689/api/ServiceRegistry25 
1684,Worker177,http://localhost:10694/api/Worker177,POST PUT GET DELETE ,false,1684,ServiceDiscovery,Worker,POST http://localhost:10689/api/ServiceRegistry25 PUT http://localhost:10689/api/ServiceRegistry25 DELETE http://localhost:10689/api/ServiceRegistry25 
1685,Client501,http://localhost:10695/api/Client501,,false,1685,ServiceDiscovery,Client,GET http://localhost:10689/api/ServiceRegistry25 GET http://localhost:10694/api/Worker177 PUT http://localhost:10694/api/Worker177 POST http://localhost:10694/api/Worker177 DELETE http://localhost:10694/api/Worker177 
1686,Client502,http://localhost:10696/api/Client502,,false,1686,ServiceDiscovery,Client,GET http://localhost:10689/api/ServiceRegistry25 GET http://localhost:10694/api/Worker177 PUT http://localhost:10694/api/Worker177 POST http://localhost:10694/api/Worker177 DELETE http://localhost:10694/api/Worker177 
1687,Client503,http://localhost:10697/api/Client503,,false,1687,ServiceDiscovery,Client,GET http://localhost:10689/api/ServiceRegistry25 GET http://localhost:10694/api/Worker177 PUT http://localhost:10694/api/Worker177 POST http://localhost:10694/api/Worker177 DELETE http://localhost:10694/api/Worker177 
1688,Client504,http://localhost:10698/api/Client504,,false,1688,ServiceDiscovery,Client,GET http://localhost:10689/api/ServiceRegistry25 GET http://localhost:10694/api/Worker177 PUT http://localhost:10694/api/Worker177 POST http://localhost:10694/api/Worker177 DELETE http://localhost:10694/api/Worker177 
1689,ServiceRegistry26,http://localhost:10699/api/ServiceRegistry26,POST PUT GET DELETE ,false,1689,ServiceDiscovery,ServiceRegistry,
1690,Worker178,http://localhost:10700/api/Worker178,POST PUT GET DELETE ,false,1690,ServiceDiscovery,Worker,POST http://localhost:10699/api/ServiceRegistry26 PUT http://localhost:10699/api/ServiceRegistry26 DELETE http://localhost:10699/api/ServiceRegistry26 
1691,Worker179,http://localhost:10701/api/Worker179,POST PUT GET DELETE ,false,1691,ServiceDiscovery,Worker,POST http://localhost:10699/api/ServiceRegistry26 PUT http://localhost:10699/api/ServiceRegistry26 DELETE http://localhost:10699/api/ServiceRegistry26 
1692,Worker180,http://localhost:10702/api/Worker180,POST PUT GET DELETE ,false,1692,ServiceDiscovery,Worker,POST http://localhost:10699/api/ServiceRegistry26 PUT http://localhost:10699/api/ServiceRegistry26 DELETE http://localhost:10699/api/ServiceRegistry26 
1693,Worker181,http://localhost:10703/api/Worker181,POST PUT GET DELETE ,false,1693,ServiceDiscovery,Worker,POST http://localhost:10699/api/ServiceRegistry26 PUT http://localhost:10699/api/ServiceRegistry26 DELETE http://localhost:10699/api/ServiceRegistry26 
1694,Client505,http://localhost:10704/api/Client505,,false,1694,ServiceDiscovery,Client,GET http://localhost:10699/api/ServiceRegistry26 GET http://localhost:10703/api/Worker181 PUT http://localhost:10703/api/Worker181 POST http://localhost:10703/api/Worker181 DELETE http://localhost:10703/api/Worker181 
1695,Client506,http://localhost:10705/api/Client506,,false,1695,ServiceDiscovery,Client,GET http://localhost:10699/api/ServiceRegistry26 GET http://localhost:10703/api/Worker181 PUT http://localhost:10703/api/Worker181 POST http://localhost:10703/api/Worker181 DELETE http://localhost:10703/api/Worker181 
1696,Client507,http://localhost:10706/api/Client507,,false,1696,ServiceDiscovery,Client,GET http://localhost:10699/api/ServiceRegistry26 GET http://localhost:10703/api/Worker181 PUT http://localhost:10703/api/Worker181 POST http://localhost:10703/api/Worker181 DELETE http://localhost:10703/api/Worker181 
1697,ServiceRegistry27,http://localhost:10707/api/ServiceRegistry27,POST PUT GET DELETE ,false,1697,ServiceDiscovery,ServiceRegistry,
1698,Worker182,http://localhost:10708/api/Worker182,POST PUT GET DELETE ,false,1698,ServiceDiscovery,Worker,POST http://localhost:10707/api/ServiceRegistry27 PUT http://localhost:10707/api/ServiceRegistry27 DELETE http://localhost:10707/api/ServiceRegistry27 
1699,Worker183,http://localhost:10709/api/Worker183,POST PUT GET DELETE ,false,1699,ServiceDiscovery,Worker,POST http://localhost:10707/api/ServiceRegistry27 PUT http://localhost:10707/api/ServiceRegistry27 DELETE http://localhost:10707/api/ServiceRegistry27 
1700,Worker184,http://localhost:10710/api/Worker184,POST PUT GET DELETE ,false,1700,ServiceDiscovery,Worker,POST http://localhost:10707/api/ServiceRegistry27 PUT http://localhost:10707/api/ServiceRegistry27 DELETE http://localhost:10707/api/ServiceRegistry27 
1701,Worker185,http://localhost:10711/api/Worker185,POST PUT GET DELETE ,false,1701,ServiceDiscovery,Worker,POST http://localhost:10707/api/ServiceRegistry27 PUT http://localhost:10707/api/ServiceRegistry27 DELETE http://localhost:10707/api/ServiceRegistry27 
1702,Worker186,http://localhost:10712/api/Worker186,POST PUT GET DELETE ,false,1702,ServiceDiscovery,Worker,POST http://localhost:10707/api/ServiceRegistry27 PUT http://localhost:10707/api/ServiceRegistry27 DELETE http://localhost:10707/api/ServiceRegistry27 
1703,Client508,http://localhost:10713/api/Client508,,false,1703,ServiceDiscovery,Client,GET http://localhost:10707/api/ServiceRegistry27 GET http://localhost:10712/api/Worker186 PUT http://localhost:10712/api/Worker186 POST http://localhost:10712/api/Worker186 DELETE http://localhost:10712/api/Worker186 
1704,Client509,http://localhost:10714/api/Client509,,false,1704,ServiceDiscovery,Client,GET http://localhost:10707/api/ServiceRegistry27 GET http://localhost:10712/api/Worker186 PUT http://localhost:10712/api/Worker186 POST http://localhost:10712/api/Worker186 DELETE http://localhost:10712/api/Worker186 
1705,Client510,http://localhost:10715/api/Client510,,false,1705,ServiceDiscovery,Client,GET http://localhost:10707/api/ServiceRegistry27 GET http://localhost:10712/api/Worker186 PUT http://localhost:10712/api/Worker186 POST http://localhost:10712/api/Worker186 DELETE http://localhost:10712/api/Worker186 
1706,ServiceRegistry28,http://localhost:10716/api/ServiceRegistry28,POST PUT GET DELETE ,false,1706,ServiceDiscovery,ServiceRegistry,
1707,Worker187,http://localhost:10717/api/Worker187,POST PUT GET DELETE ,false,1707,ServiceDiscovery,Worker,POST http://localhost:10716/api/ServiceRegistry28 PUT http://localhost:10716/api/ServiceRegistry28 DELETE http://localhost:10716/api/ServiceRegistry28 
1708,Worker188,http://localhost:10718/api/Worker188,POST PUT GET DELETE ,false,1708,ServiceDiscovery,Worker,POST http://localhost:10716/api/ServiceRegistry28 PUT http://localhost:10716/api/ServiceRegistry28 DELETE http://localhost:10716/api/ServiceRegistry28 
1709,Worker189,http://localhost:10719/api/Worker189,POST PUT GET DELETE ,false,1709,ServiceDiscovery,Worker,POST http://localhost:10716/api/ServiceRegistry28 PUT http://localhost:10716/api/ServiceRegistry28 DELETE http://localhost:10716/api/ServiceRegistry28 
1710,Worker190,http://localhost:10720/api/Worker190,POST PUT GET DELETE ,false,1710,ServiceDiscovery,Worker,POST http://localhost:10716/api/ServiceRegistry28 PUT http://localhost:10716/api/ServiceRegistry28 DELETE http://localhost:10716/api/ServiceRegistry28 
1711,Client511,http://localhost:10721/api/Client511,,false,1711,ServiceDiscovery,Client,GET http://localhost:10716/api/ServiceRegistry28 GET http://localhost:10720/api/Worker190 PUT http://localhost:10720/api/Worker190 POST http://localhost:10720/api/Worker190 DELETE http://localhost:10720/api/Worker190 
1712,Client512,http://localhost:10722/api/Client512,,false,1712,ServiceDiscovery,Client,GET http://localhost:10716/api/ServiceRegistry28 GET http://localhost:10720/api/Worker190 PUT http://localhost:10720/api/Worker190 POST http://localhost:10720/api/Worker190 DELETE http://localhost:10720/api/Worker190 
1713,Client513,http://localhost:10723/api/Client513,,false,1713,ServiceDiscovery,Client,GET http://localhost:10716/api/ServiceRegistry28 GET http://localhost:10720/api/Worker190 PUT http://localhost:10720/api/Worker190 POST http://localhost:10720/api/Worker190 DELETE http://localhost:10720/api/Worker190 
1714,Client514,http://localhost:10724/api/Client514,,false,1714,ServiceDiscovery,Client,GET http://localhost:10716/api/ServiceRegistry28 GET http://localhost:10720/api/Worker190 PUT http://localhost:10720/api/Worker190 POST http://localhost:10720/api/Worker190 DELETE http://localhost:10720/api/Worker190 
1715,Client515,http://localhost:10725/api/Client515,,false,1715,ServiceDiscovery,Client,GET http://localhost:10716/api/ServiceRegistry28 GET http://localhost:10720/api/Worker190 PUT http://localhost:10720/api/Worker190 POST http://localhost:10720/api/Worker190 DELETE http://localhost:10720/api/Worker190 
1716,Client516,http://localhost:10726/api/Client516,,false,1716,ServiceDiscovery,Client,GET http://localhost:10716/api/ServiceRegistry28 GET http://localhost:10720/api/Worker190 PUT http://localhost:10720/api/Worker190 POST http://localhost:10720/api/Worker190 DELETE http://localhost:10720/api/Worker190 
1717,Client517,http://localhost:10727/api/Client517,,false,1717,ServiceDiscovery,Client,GET http://localhost:10716/api/ServiceRegistry28 GET http://localhost:10720/api/Worker190 PUT http://localhost:10720/api/Worker190 POST http://localhost:10720/api/Worker190 DELETE http://localhost:10720/api/Worker190 
1718,ServiceRegistry29,http://localhost:10728/api/ServiceRegistry29,POST PUT GET DELETE ,false,1718,ServiceDiscovery,ServiceRegistry,
1719,Worker191,http://localhost:10729/api/Worker191,POST PUT GET DELETE ,false,1719,ServiceDiscovery,Worker,POST http://localhost:10728/api/ServiceRegistry29 PUT http://localhost:10728/api/ServiceRegistry29 DELETE http://localhost:10728/api/ServiceRegistry29 
1720,Worker192,http://localhost:10730/api/Worker192,POST PUT GET DELETE ,false,1720,ServiceDiscovery,Worker,POST http://localhost:10728/api/ServiceRegistry29 PUT http://localhost:10728/api/ServiceRegistry29 DELETE http://localhost:10728/api/ServiceRegistry29 
1721,Worker193,http://localhost:10731/api/Worker193,POST PUT GET DELETE ,false,1721,ServiceDiscovery,Worker,POST http://localhost:10728/api/ServiceRegistry29 PUT http://localhost:10728/api/ServiceRegistry29 DELETE http://localhost:10728/api/ServiceRegistry29 
1722,Worker194,http://localhost:10732/api/Worker194,POST PUT GET DELETE ,false,1722,ServiceDiscovery,Worker,POST http://localhost:10728/api/ServiceRegistry29 PUT http://localhost:10728/api/ServiceRegistry29 DELETE http://localhost:10728/api/ServiceRegistry29 
1723,Worker195,http://localhost:10733/api/Worker195,POST PUT GET DELETE ,false,1723,ServiceDiscovery,Worker,POST http://localhost:10728/api/ServiceRegistry29 PUT http://localhost:10728/api/ServiceRegistry29 DELETE http://localhost:10728/api/ServiceRegistry29 
1724,Client518,http://localhost:10734/api/Client518,,false,1724,ServiceDiscovery,Client,GET http://localhost:10728/api/ServiceRegistry29 GET http://localhost:10733/api/Worker195 PUT http://localhost:10733/api/Worker195 POST http://localhost:10733/api/Worker195 DELETE http://localhost:10733/api/Worker195 
1725,Client519,http://localhost:10735/api/Client519,,false,1725,ServiceDiscovery,Client,GET http://localhost:10728/api/ServiceRegistry29 GET http://localhost:10733/api/Worker195 PUT http://localhost:10733/api/Worker195 POST http://localhost:10733/api/Worker195 DELETE http://localhost:10733/api/Worker195 
1726,Client520,http://localhost:10736/api/Client520,,false,1726,ServiceDiscovery,Client,GET http://localhost:10728/api/ServiceRegistry29 GET http://localhost:10733/api/Worker195 PUT http://localhost:10733/api/Worker195 POST http://localhost:10733/api/Worker195 DELETE http://localhost:10733/api/Worker195 
1727,Client521,http://localhost:10737/api/Client521,,false,1727,ServiceDiscovery,Client,GET http://localhost:10728/api/ServiceRegistry29 GET http://localhost:10733/api/Worker195 PUT http://localhost:10733/api/Worker195 POST http://localhost:10733/api/Worker195 DELETE http://localhost:10733/api/Worker195 
1728,Client522,http://localhost:10738/api/Client522,,false,1728,ServiceDiscovery,Client,GET http://localhost:10728/api/ServiceRegistry29 GET http://localhost:10733/api/Worker195 PUT http://localhost:10733/api/Worker195 POST http://localhost:10733/api/Worker195 DELETE http://localhost:10733/api/Worker195 
1729,ServiceRegistry30,http://localhost:10739/api/ServiceRegistry30,POST PUT GET DELETE ,false,1729,ServiceDiscovery,ServiceRegistry,
1730,Worker196,http://localhost:10740/api/Worker196,POST PUT GET DELETE ,false,1730,ServiceDiscovery,Worker,POST http://localhost:10739/api/ServiceRegistry30 PUT http://localhost:10739/api/ServiceRegistry30 DELETE http://localhost:10739/api/ServiceRegistry30 
1731,Worker197,http://localhost:10741/api/Worker197,POST PUT GET DELETE ,false,1731,ServiceDiscovery,Worker,POST http://localhost:10739/api/ServiceRegistry30 PUT http://localhost:10739/api/ServiceRegistry30 DELETE http://localhost:10739/api/ServiceRegistry30 
1732,Client523,http://localhost:10742/api/Client523,,false,1732,ServiceDiscovery,Client,GET http://localhost:10739/api/ServiceRegistry30 GET http://localhost:10741/api/Worker197 PUT http://localhost:10741/api/Worker197 POST http://localhost:10741/api/Worker197 DELETE http://localhost:10741/api/Worker197 
1733,Client524,http://localhost:10743/api/Client524,,false,1733,ServiceDiscovery,Client,GET http://localhost:10739/api/ServiceRegistry30 GET http://localhost:10741/api/Worker197 PUT http://localhost:10741/api/Worker197 POST http://localhost:10741/api/Worker197 DELETE http://localhost:10741/api/Worker197 
1734,Client525,http://localhost:10744/api/Client525,,false,1734,ServiceDiscovery,Client,GET http://localhost:10739/api/ServiceRegistry30 GET http://localhost:10741/api/Worker197 PUT http://localhost:10741/api/Worker197 POST http://localhost:10741/api/Worker197 DELETE http://localhost:10741/api/Worker197 
1735,Client526,http://localhost:10745/api/Client526,,false,1735,ServiceDiscovery,Client,GET http://localhost:10739/api/ServiceRegistry30 GET http://localhost:10741/api/Worker197 PUT http://localhost:10741/api/Worker197 POST http://localhost:10741/api/Worker197 DELETE http://localhost:10741/api/Worker197 
1736,ServiceRegistry31,http://localhost:10746/api/ServiceRegistry31,POST PUT GET DELETE ,false,1736,ServiceDiscovery,ServiceRegistry,
1737,Worker198,http://localhost:10747/api/Worker198,POST PUT GET DELETE ,false,1737,ServiceDiscovery,Worker,POST http://localhost:10746/api/ServiceRegistry31 PUT http://localhost:10746/api/ServiceRegistry31 DELETE http://localhost:10746/api/ServiceRegistry31 
1738,Client527,http://localhost:10748/api/Client527,,false,1738,ServiceDiscovery,Client,GET http://localhost:10746/api/ServiceRegistry31 GET http://localhost:10747/api/Worker198 PUT http://localhost:10747/api/Worker198 POST http://localhost:10747/api/Worker198 DELETE http://localhost:10747/api/Worker198 
1739,Client528,http://localhost:10749/api/Client528,,false,1739,ServiceDiscovery,Client,GET http://localhost:10746/api/ServiceRegistry31 GET http://localhost:10747/api/Worker198 PUT http://localhost:10747/api/Worker198 POST http://localhost:10747/api/Worker198 DELETE http://localhost:10747/api/Worker198 
1740,Client529,http://localhost:10750/api/Client529,,false,1740,ServiceDiscovery,Client,GET http://localhost:10746/api/ServiceRegistry31 GET http://localhost:10747/api/Worker198 PUT http://localhost:10747/api/Worker198 POST http://localhost:10747/api/Worker198 DELETE http://localhost:10747/api/Worker198 
1741,Client530,http://localhost:10751/api/Client530,,false,1741,ServiceDiscovery,Client,GET http://localhost:10746/api/ServiceRegistry31 GET http://localhost:10747/api/Worker198 PUT http://localhost:10747/api/Worker198 POST http://localhost:10747/api/Worker198 DELETE http://localhost:10747/api/Worker198 
1742,Client531,http://localhost:10752/api/Client531,,false,1742,ServiceDiscovery,Client,GET http://localhost:10746/api/ServiceRegistry31 GET http://localhost:10747/api/Worker198 PUT http://localhost:10747/api/Worker198 POST http://localhost:10747/api/Worker198 DELETE http://localhost:10747/api/Worker198 
1743,Client532,http://localhost:10753/api/Client532,,false,1743,ServiceDiscovery,Client,GET http://localhost:10746/api/ServiceRegistry31 GET http://localhost:10747/api/Worker198 PUT http://localhost:10747/api/Worker198 POST http://localhost:10747/api/Worker198 DELETE http://localhost:10747/api/Worker198 
1744,ServiceRegistry32,http://localhost:10754/api/ServiceRegistry32,POST PUT GET DELETE ,false,1744,ServiceDiscovery,ServiceRegistry,
1745,Worker199,http://localhost:10755/api/Worker199,POST PUT GET DELETE ,false,1745,ServiceDiscovery,Worker,POST http://localhost:10754/api/ServiceRegistry32 PUT http://localhost:10754/api/ServiceRegistry32 DELETE http://localhost:10754/api/ServiceRegistry32 
1746,Worker200,http://localhost:10756/api/Worker200,POST PUT GET DELETE ,false,1746,ServiceDiscovery,Worker,POST http://localhost:10754/api/ServiceRegistry32 PUT http://localhost:10754/api/ServiceRegistry32 DELETE http://localhost:10754/api/ServiceRegistry32 
1747,Worker201,http://localhost:10757/api/Worker201,POST PUT GET DELETE ,false,1747,ServiceDiscovery,Worker,POST http://localhost:10754/api/ServiceRegistry32 PUT http://localhost:10754/api/ServiceRegistry32 DELETE http://localhost:10754/api/ServiceRegistry32 
1748,Client533,http://localhost:10758/api/Client533,,false,1748,ServiceDiscovery,Client,GET http://localhost:10754/api/ServiceRegistry32 GET http://localhost:10757/api/Worker201 PUT http://localhost:10757/api/Worker201 POST http://localhost:10757/api/Worker201 DELETE http://localhost:10757/api/Worker201 
1749,Client534,http://localhost:10759/api/Client534,,false,1749,ServiceDiscovery,Client,GET http://localhost:10754/api/ServiceRegistry32 GET http://localhost:10757/api/Worker201 PUT http://localhost:10757/api/Worker201 POST http://localhost:10757/api/Worker201 DELETE http://localhost:10757/api/Worker201 
1750,Client535,http://localhost:10760/api/Client535,,false,1750,ServiceDiscovery,Client,GET http://localhost:10754/api/ServiceRegistry32 GET http://localhost:10757/api/Worker201 PUT http://localhost:10757/api/Worker201 POST http://localhost:10757/api/Worker201 DELETE http://localhost:10757/api/Worker201 
1751,ServiceRegistry33,http://localhost:10761/api/ServiceRegistry33,POST PUT GET DELETE ,false,1751,ServiceDiscovery,ServiceRegistry,
1752,Worker202,http://localhost:10762/api/Worker202,POST PUT GET DELETE ,false,1752,ServiceDiscovery,Worker,POST http://localhost:10761/api/ServiceRegistry33 PUT http://localhost:10761/api/ServiceRegistry33 DELETE http://localhost:10761/api/ServiceRegistry33 
1753,Worker203,http://localhost:10763/api/Worker203,POST PUT GET DELETE ,false,1753,ServiceDiscovery,Worker,POST http://localhost:10761/api/ServiceRegistry33 PUT http://localhost:10761/api/ServiceRegistry33 DELETE http://localhost:10761/api/ServiceRegistry33 
1754,Worker204,http://localhost:10764/api/Worker204,POST PUT GET DELETE ,false,1754,ServiceDiscovery,Worker,POST http://localhost:10761/api/ServiceRegistry33 PUT http://localhost:10761/api/ServiceRegistry33 DELETE http://localhost:10761/api/ServiceRegistry33 
1755,Worker205,http://localhost:10765/api/Worker205,POST PUT GET DELETE ,false,1755,ServiceDiscovery,Worker,POST http://localhost:10761/api/ServiceRegistry33 PUT http://localhost:10761/api/ServiceRegistry33 DELETE http://localhost:10761/api/ServiceRegistry33 
1756,Worker206,http://localhost:10766/api/Worker206,POST PUT GET DELETE ,false,1756,ServiceDiscovery,Worker,POST http://localhost:10761/api/ServiceRegistry33 PUT http://localhost:10761/api/ServiceRegistry33 DELETE http://localhost:10761/api/ServiceRegistry33 
1757,Client536,http://localhost:10767/api/Client536,,false,1757,ServiceDiscovery,Client,GET http://localhost:10761/api/ServiceRegistry33 GET http://localhost:10766/api/Worker206 PUT http://localhost:10766/api/Worker206 POST http://localhost:10766/api/Worker206 DELETE http://localhost:10766/api/Worker206 
1758,Client537,http://localhost:10768/api/Client537,,false,1758,ServiceDiscovery,Client,GET http://localhost:10761/api/ServiceRegistry33 GET http://localhost:10766/api/Worker206 PUT http://localhost:10766/api/Worker206 POST http://localhost:10766/api/Worker206 DELETE http://localhost:10766/api/Worker206 
1759,Client538,http://localhost:10769/api/Client538,,false,1759,ServiceDiscovery,Client,GET http://localhost:10761/api/ServiceRegistry33 GET http://localhost:10766/api/Worker206 PUT http://localhost:10766/api/Worker206 POST http://localhost:10766/api/Worker206 DELETE http://localhost:10766/api/Worker206 
1760,Client539,http://localhost:10770/api/Client539,,false,1760,ServiceDiscovery,Client,GET http://localhost:10761/api/ServiceRegistry33 GET http://localhost:10766/api/Worker206 PUT http://localhost:10766/api/Worker206 POST http://localhost:10766/api/Worker206 DELETE http://localhost:10766/api/Worker206 
1761,Client540,http://localhost:10771/api/Client540,,false,1761,ServiceDiscovery,Client,GET http://localhost:10761/api/ServiceRegistry33 GET http://localhost:10766/api/Worker206 PUT http://localhost:10766/api/Worker206 POST http://localhost:10766/api/Worker206 DELETE http://localhost:10766/api/Worker206 
1762,Client541,http://localhost:10772/api/Client541,,false,1762,ServiceDiscovery,Client,GET http://localhost:10761/api/ServiceRegistry33 GET http://localhost:10766/api/Worker206 PUT http://localhost:10766/api/Worker206 POST http://localhost:10766/api/Worker206 DELETE http://localhost:10766/api/Worker206 
1763,ServiceRegistry34,http://localhost:10773/api/ServiceRegistry34,POST PUT GET DELETE ,false,1763,ServiceDiscovery,ServiceRegistry,
1764,Worker207,http://localhost:10774/api/Worker207,POST PUT GET DELETE ,false,1764,ServiceDiscovery,Worker,POST http://localhost:10773/api/ServiceRegistry34 PUT http://localhost:10773/api/ServiceRegistry34 DELETE http://localhost:10773/api/ServiceRegistry34 
1765,Client542,http://localhost:10775/api/Client542,,false,1765,ServiceDiscovery,Client,GET http://localhost:10773/api/ServiceRegistry34 GET http://localhost:10774/api/Worker207 PUT http://localhost:10774/api/Worker207 POST http://localhost:10774/api/Worker207 DELETE http://localhost:10774/api/Worker207 
1766,Client543,http://localhost:10776/api/Client543,,false,1766,ServiceDiscovery,Client,GET http://localhost:10773/api/ServiceRegistry34 GET http://localhost:10774/api/Worker207 PUT http://localhost:10774/api/Worker207 POST http://localhost:10774/api/Worker207 DELETE http://localhost:10774/api/Worker207 
1767,Client544,http://localhost:10777/api/Client544,,false,1767,ServiceDiscovery,Client,GET http://localhost:10773/api/ServiceRegistry34 GET http://localhost:10774/api/Worker207 PUT http://localhost:10774/api/Worker207 POST http://localhost:10774/api/Worker207 DELETE http://localhost:10774/api/Worker207 
1768,Client545,http://localhost:10778/api/Client545,,false,1768,ServiceDiscovery,Client,GET http://localhost:10773/api/ServiceRegistry34 GET http://localhost:10774/api/Worker207 PUT http://localhost:10774/api/Worker207 POST http://localhost:10774/api/Worker207 DELETE http://localhost:10774/api/Worker207 
1769,Client546,http://localhost:10779/api/Client546,,false,1769,ServiceDiscovery,Client,GET http://localhost:10773/api/ServiceRegistry34 GET http://localhost:10774/api/Worker207 PUT http://localhost:10774/api/Worker207 POST http://localhost:10774/api/Worker207 DELETE http://localhost:10774/api/Worker207 
1770,ServiceRegistry35,http://localhost:10780/api/ServiceRegistry35,POST PUT GET DELETE ,false,1770,ServiceDiscovery,ServiceRegistry,
1771,Worker208,http://localhost:10781/api/Worker208,POST PUT GET DELETE ,false,1771,ServiceDiscovery,Worker,POST http://localhost:10780/api/ServiceRegistry35 PUT http://localhost:10780/api/ServiceRegistry35 DELETE http://localhost:10780/api/ServiceRegistry35 
1772,Worker209,http://localhost:10782/api/Worker209,POST PUT GET DELETE ,false,1772,ServiceDiscovery,Worker,POST http://localhost:10780/api/ServiceRegistry35 PUT http://localhost:10780/api/ServiceRegistry35 DELETE http://localhost:10780/api/ServiceRegistry35 
1773,Client547,http://localhost:10783/api/Client547,,false,1773,ServiceDiscovery,Client,GET http://localhost:10780/api/ServiceRegistry35 GET http://localhost:10782/api/Worker209 PUT http://localhost:10782/api/Worker209 POST http://localhost:10782/api/Worker209 DELETE http://localhost:10782/api/Worker209 
1774,Client548,http://localhost:10784/api/Client548,,false,1774,ServiceDiscovery,Client,GET http://localhost:10780/api/ServiceRegistry35 GET http://localhost:10782/api/Worker209 PUT http://localhost:10782/api/Worker209 POST http://localhost:10782/api/Worker209 DELETE http://localhost:10782/api/Worker209 
1775,Client549,http://localhost:10785/api/Client549,,false,1775,ServiceDiscovery,Client,GET http://localhost:10780/api/ServiceRegistry35 GET http://localhost:10782/api/Worker209 PUT http://localhost:10782/api/Worker209 POST http://localhost:10782/api/Worker209 DELETE http://localhost:10782/api/Worker209 
1776,Client550,http://localhost:10786/api/Client550,,false,1776,ServiceDiscovery,Client,GET http://localhost:10780/api/ServiceRegistry35 GET http://localhost:10782/api/Worker209 PUT http://localhost:10782/api/Worker209 POST http://localhost:10782/api/Worker209 DELETE http://localhost:10782/api/Worker209 
1777,ServiceRegistry36,http://localhost:10787/api/ServiceRegistry36,POST PUT GET DELETE ,false,1777,ServiceDiscovery,ServiceRegistry,
1778,Worker210,http://localhost:10788/api/Worker210,POST PUT GET DELETE ,false,1778,ServiceDiscovery,Worker,POST http://localhost:10787/api/ServiceRegistry36 PUT http://localhost:10787/api/ServiceRegistry36 DELETE http://localhost:10787/api/ServiceRegistry36 
1779,Worker211,http://localhost:10789/api/Worker211,POST PUT GET DELETE ,false,1779,ServiceDiscovery,Worker,POST http://localhost:10787/api/ServiceRegistry36 PUT http://localhost:10787/api/ServiceRegistry36 DELETE http://localhost:10787/api/ServiceRegistry36 
1780,Worker212,http://localhost:10790/api/Worker212,POST PUT GET DELETE ,false,1780,ServiceDiscovery,Worker,POST http://localhost:10787/api/ServiceRegistry36 PUT http://localhost:10787/api/ServiceRegistry36 DELETE http://localhost:10787/api/ServiceRegistry36 
1781,Worker213,http://localhost:10791/api/Worker213,POST PUT GET DELETE ,false,1781,ServiceDiscovery,Worker,POST http://localhost:10787/api/ServiceRegistry36 PUT http://localhost:10787/api/ServiceRegistry36 DELETE http://localhost:10787/api/ServiceRegistry36 
1782,Worker214,http://localhost:10792/api/Worker214,POST PUT GET DELETE ,false,1782,ServiceDiscovery,Worker,POST http://localhost:10787/api/ServiceRegistry36 PUT http://localhost:10787/api/ServiceRegistry36 DELETE http://localhost:10787/api/ServiceRegistry36 
1783,Client551,http://localhost:10793/api/Client551,,false,1783,ServiceDiscovery,Client,GET http://localhost:10787/api/ServiceRegistry36 GET http://localhost:10792/api/Worker214 PUT http://localhost:10792/api/Worker214 POST http://localhost:10792/api/Worker214 DELETE http://localhost:10792/api/Worker214 
1784,Client552,http://localhost:10794/api/Client552,,false,1784,ServiceDiscovery,Client,GET http://localhost:10787/api/ServiceRegistry36 GET http://localhost:10792/api/Worker214 PUT http://localhost:10792/api/Worker214 POST http://localhost:10792/api/Worker214 DELETE http://localhost:10792/api/Worker214 
1785,Client553,http://localhost:10795/api/Client553,,false,1785,ServiceDiscovery,Client,GET http://localhost:10787/api/ServiceRegistry36 GET http://localhost:10792/api/Worker214 PUT http://localhost:10792/api/Worker214 POST http://localhost:10792/api/Worker214 DELETE http://localhost:10792/api/Worker214 
1786,Client554,http://localhost:10796/api/Client554,,false,1786,ServiceDiscovery,Client,GET http://localhost:10787/api/ServiceRegistry36 GET http://localhost:10792/api/Worker214 PUT http://localhost:10792/api/Worker214 POST http://localhost:10792/api/Worker214 DELETE http://localhost:10792/api/Worker214 
1787,Client555,http://localhost:10797/api/Client555,,false,1787,ServiceDiscovery,Client,GET http://localhost:10787/api/ServiceRegistry36 GET http://localhost:10792/api/Worker214 PUT http://localhost:10792/api/Worker214 POST http://localhost:10792/api/Worker214 DELETE http://localhost:10792/api/Worker214 
1788,Client556,http://localhost:10798/api/Client556,,false,1788,ServiceDiscovery,Client,GET http://localhost:10787/api/ServiceRegistry36 GET http://localhost:10792/api/Worker214 PUT http://localhost:10792/api/Worker214 POST http://localhost:10792/api/Worker214 DELETE http://localhost:10792/api/Worker214 
1789,Client557,http://localhost:10799/api/Client557,,false,1789,ServiceDiscovery,Client,GET http://localhost:10787/api/ServiceRegistry36 GET http://localhost:10792/api/Worker214 PUT http://localhost:10792/api/Worker214 POST http://localhost:10792/api/Worker214 DELETE http://localhost:10792/api/Worker214 
1790,Client558,http://localhost:10800/api/Client558,,false,1790,ServiceDiscovery,Client,GET http://localhost:10787/api/ServiceRegistry36 GET http://localhost:10792/api/Worker214 PUT http://localhost:10792/api/Worker214 POST http://localhost:10792/api/Worker214 DELETE http://localhost:10792/api/Worker214 
1791,ServiceRegistry37,http://localhost:10801/api/ServiceRegistry37,POST PUT GET DELETE ,false,1791,ServiceDiscovery,ServiceRegistry,
1792,Worker215,http://localhost:10802/api/Worker215,POST PUT GET DELETE ,false,1792,ServiceDiscovery,Worker,POST http://localhost:10801/api/ServiceRegistry37 PUT http://localhost:10801/api/ServiceRegistry37 DELETE http://localhost:10801/api/ServiceRegistry37 
1793,Worker216,http://localhost:10803/api/Worker216,POST PUT GET DELETE ,false,1793,ServiceDiscovery,Worker,POST http://localhost:10801/api/ServiceRegistry37 PUT http://localhost:10801/api/ServiceRegistry37 DELETE http://localhost:10801/api/ServiceRegistry37 
1794,Worker217,http://localhost:10804/api/Worker217,POST PUT GET DELETE ,false,1794,ServiceDiscovery,Worker,POST http://localhost:10801/api/ServiceRegistry37 PUT http://localhost:10801/api/ServiceRegistry37 DELETE http://localhost:10801/api/ServiceRegistry37 
1795,Worker218,http://localhost:10805/api/Worker218,POST PUT GET DELETE ,false,1795,ServiceDiscovery,Worker,POST http://localhost:10801/api/ServiceRegistry37 PUT http://localhost:10801/api/ServiceRegistry37 DELETE http://localhost:10801/api/ServiceRegistry37 
1796,Client559,http://localhost:10806/api/Client559,,false,1796,ServiceDiscovery,Client,GET http://localhost:10801/api/ServiceRegistry37 GET http://localhost:10805/api/Worker218 PUT http://localhost:10805/api/Worker218 POST http://localhost:10805/api/Worker218 DELETE http://localhost:10805/api/Worker218 
1797,Client560,http://localhost:10807/api/Client560,,false,1797,ServiceDiscovery,Client,GET http://localhost:10801/api/ServiceRegistry37 GET http://localhost:10805/api/Worker218 PUT http://localhost:10805/api/Worker218 POST http://localhost:10805/api/Worker218 DELETE http://localhost:10805/api/Worker218 
1798,Client561,http://localhost:10808/api/Client561,,false,1798,ServiceDiscovery,Client,GET http://localhost:10801/api/ServiceRegistry37 GET http://localhost:10805/api/Worker218 PUT http://localhost:10805/api/Worker218 POST http://localhost:10805/api/Worker218 DELETE http://localhost:10805/api/Worker218 
1799,Client562,http://localhost:10809/api/Client562,,false,1799,ServiceDiscovery,Client,GET http://localhost:10801/api/ServiceRegistry37 GET http://localhost:10805/api/Worker218 PUT http://localhost:10805/api/Worker218 POST http://localhost:10805/api/Worker218 DELETE http://localhost:10805/api/Worker218 
1800,Client563,http://localhost:10810/api/Client563,,false,1800,ServiceDiscovery,Client,GET http://localhost:10801/api/ServiceRegistry37 GET http://localhost:10805/api/Worker218 PUT http://localhost:10805/api/Worker218 POST http://localhost:10805/api/Worker218 DELETE http://localhost:10805/api/Worker218 
1801,Client564,http://localhost:10811/api/Client564,,false,1801,ServiceDiscovery,Client,GET http://localhost:10801/api/ServiceRegistry37 GET http://localhost:10805/api/Worker218 PUT http://localhost:10805/api/Worker218 POST http://localhost:10805/api/Worker218 DELETE http://localhost:10805/api/Worker218 
1802,ServiceRegistry38,http://localhost:10812/api/ServiceRegistry38,POST PUT GET DELETE ,false,1802,ServiceDiscovery,ServiceRegistry,
1803,Worker219,http://localhost:10813/api/Worker219,POST PUT GET DELETE ,false,1803,ServiceDiscovery,Worker,POST http://localhost:10812/api/ServiceRegistry38 PUT http://localhost:10812/api/ServiceRegistry38 DELETE http://localhost:10812/api/ServiceRegistry38 
1804,Worker220,http://localhost:10814/api/Worker220,POST PUT GET DELETE ,false,1804,ServiceDiscovery,Worker,POST http://localhost:10812/api/ServiceRegistry38 PUT http://localhost:10812/api/ServiceRegistry38 DELETE http://localhost:10812/api/ServiceRegistry38 
1805,Worker221,http://localhost:10815/api/Worker221,POST PUT GET DELETE ,false,1805,ServiceDiscovery,Worker,POST http://localhost:10812/api/ServiceRegistry38 PUT http://localhost:10812/api/ServiceRegistry38 DELETE http://localhost:10812/api/ServiceRegistry38 
1806,Worker222,http://localhost:10816/api/Worker222,POST PUT GET DELETE ,false,1806,ServiceDiscovery,Worker,POST http://localhost:10812/api/ServiceRegistry38 PUT http://localhost:10812/api/ServiceRegistry38 DELETE http://localhost:10812/api/ServiceRegistry38 
1807,Worker223,http://localhost:10817/api/Worker223,POST PUT GET DELETE ,false,1807,ServiceDiscovery,Worker,POST http://localhost:10812/api/ServiceRegistry38 PUT http://localhost:10812/api/ServiceRegistry38 DELETE http://localhost:10812/api/ServiceRegistry38 
1808,Client565,http://localhost:10818/api/Client565,,false,1808,ServiceDiscovery,Client,GET http://localhost:10812/api/ServiceRegistry38 GET http://localhost:10817/api/Worker223 PUT http://localhost:10817/api/Worker223 POST http://localhost:10817/api/Worker223 DELETE http://localhost:10817/api/Worker223 
1809,Client566,http://localhost:10819/api/Client566,,false,1809,ServiceDiscovery,Client,GET http://localhost:10812/api/ServiceRegistry38 GET http://localhost:10817/api/Worker223 PUT http://localhost:10817/api/Worker223 POST http://localhost:10817/api/Worker223 DELETE http://localhost:10817/api/Worker223 
1810,Client567,http://localhost:10820/api/Client567,,false,1810,ServiceDiscovery,Client,GET http://localhost:10812/api/ServiceRegistry38 GET http://localhost:10817/api/Worker223 PUT http://localhost:10817/api/Worker223 POST http://localhost:10817/api/Worker223 DELETE http://localhost:10817/api/Worker223 
1811,ServiceRegistry39,http://localhost:10821/api/ServiceRegistry39,POST PUT GET DELETE ,false,1811,ServiceDiscovery,ServiceRegistry,
1812,Worker224,http://localhost:10822/api/Worker224,POST PUT GET DELETE ,false,1812,ServiceDiscovery,Worker,POST http://localhost:10821/api/ServiceRegistry39 PUT http://localhost:10821/api/ServiceRegistry39 DELETE http://localhost:10821/api/ServiceRegistry39 
1813,Worker225,http://localhost:10823/api/Worker225,POST PUT GET DELETE ,false,1813,ServiceDiscovery,Worker,POST http://localhost:10821/api/ServiceRegistry39 PUT http://localhost:10821/api/ServiceRegistry39 DELETE http://localhost:10821/api/ServiceRegistry39 
1814,Worker226,http://localhost:10824/api/Worker226,POST PUT GET DELETE ,false,1814,ServiceDiscovery,Worker,POST http://localhost:10821/api/ServiceRegistry39 PUT http://localhost:10821/api/ServiceRegistry39 DELETE http://localhost:10821/api/ServiceRegistry39 
1815,Worker227,http://localhost:10825/api/Worker227,POST PUT GET DELETE ,false,1815,ServiceDiscovery,Worker,POST http://localhost:10821/api/ServiceRegistry39 PUT http://localhost:10821/api/ServiceRegistry39 DELETE http://localhost:10821/api/ServiceRegistry39 
1816,Worker228,http://localhost:10826/api/Worker228,POST PUT GET DELETE ,false,1816,ServiceDiscovery,Worker,POST http://localhost:10821/api/ServiceRegistry39 PUT http://localhost:10821/api/ServiceRegistry39 DELETE http://localhost:10821/api/ServiceRegistry39 
1817,Client568,http://localhost:10827/api/Client568,,false,1817,ServiceDiscovery,Client,GET http://localhost:10821/api/ServiceRegistry39 GET http://localhost:10826/api/Worker228 PUT http://localhost:10826/api/Worker228 POST http://localhost:10826/api/Worker228 DELETE http://localhost:10826/api/Worker228 
1818,Client569,http://localhost:10828/api/Client569,,false,1818,ServiceDiscovery,Client,GET http://localhost:10821/api/ServiceRegistry39 GET http://localhost:10826/api/Worker228 PUT http://localhost:10826/api/Worker228 POST http://localhost:10826/api/Worker228 DELETE http://localhost:10826/api/Worker228 
1819,Client570,http://localhost:10829/api/Client570,,false,1819,ServiceDiscovery,Client,GET http://localhost:10821/api/ServiceRegistry39 GET http://localhost:10826/api/Worker228 PUT http://localhost:10826/api/Worker228 POST http://localhost:10826/api/Worker228 DELETE http://localhost:10826/api/Worker228 
1820,Client571,http://localhost:10830/api/Client571,,false,1820,ServiceDiscovery,Client,GET http://localhost:10821/api/ServiceRegistry39 GET http://localhost:10826/api/Worker228 PUT http://localhost:10826/api/Worker228 POST http://localhost:10826/api/Worker228 DELETE http://localhost:10826/api/Worker228 
1821,Client572,http://localhost:10831/api/Client572,,false,1821,ServiceDiscovery,Client,GET http://localhost:10821/api/ServiceRegistry39 GET http://localhost:10826/api/Worker228 PUT http://localhost:10826/api/Worker228 POST http://localhost:10826/api/Worker228 DELETE http://localhost:10826/api/Worker228 
1822,Client573,http://localhost:10832/api/Client573,,false,1822,ServiceDiscovery,Client,GET http://localhost:10821/api/ServiceRegistry39 GET http://localhost:10826/api/Worker228 PUT http://localhost:10826/api/Worker228 POST http://localhost:10826/api/Worker228 DELETE http://localhost:10826/api/Worker228 
1823,ServiceRegistry40,http://localhost:10833/api/ServiceRegistry40,POST PUT GET DELETE ,false,1823,ServiceDiscovery,ServiceRegistry,
1824,Worker229,http://localhost:10834/api/Worker229,POST PUT GET DELETE ,false,1824,ServiceDiscovery,Worker,POST http://localhost:10833/api/ServiceRegistry40 PUT http://localhost:10833/api/ServiceRegistry40 DELETE http://localhost:10833/api/ServiceRegistry40 
1825,Worker230,http://localhost:10835/api/Worker230,POST PUT GET DELETE ,false,1825,ServiceDiscovery,Worker,POST http://localhost:10833/api/ServiceRegistry40 PUT http://localhost:10833/api/ServiceRegistry40 DELETE http://localhost:10833/api/ServiceRegistry40 
1826,Worker231,http://localhost:10836/api/Worker231,POST PUT GET DELETE ,false,1826,ServiceDiscovery,Worker,POST http://localhost:10833/api/ServiceRegistry40 PUT http://localhost:10833/api/ServiceRegistry40 DELETE http://localhost:10833/api/ServiceRegistry40 
1827,Worker232,http://localhost:10837/api/Worker232,POST PUT GET DELETE ,false,1827,ServiceDiscovery,Worker,POST http://localhost:10833/api/ServiceRegistry40 PUT http://localhost:10833/api/ServiceRegistry40 DELETE http://localhost:10833/api/ServiceRegistry40 
1828,Client574,http://localhost:10838/api/Client574,,false,1828,ServiceDiscovery,Client,GET http://localhost:10833/api/ServiceRegistry40 GET http://localhost:10837/api/Worker232 PUT http://localhost:10837/api/Worker232 POST http://localhost:10837/api/Worker232 DELETE http://localhost:10837/api/Worker232 
1829,Client575,http://localhost:10839/api/Client575,,false,1829,ServiceDiscovery,Client,GET http://localhost:10833/api/ServiceRegistry40 GET http://localhost:10837/api/Worker232 PUT http://localhost:10837/api/Worker232 POST http://localhost:10837/api/Worker232 DELETE http://localhost:10837/api/Worker232 
1830,Client576,http://localhost:10840/api/Client576,,false,1830,ServiceDiscovery,Client,GET http://localhost:10833/api/ServiceRegistry40 GET http://localhost:10837/api/Worker232 PUT http://localhost:10837/api/Worker232 POST http://localhost:10837/api/Worker232 DELETE http://localhost:10837/api/Worker232 
1831,Client577,http://localhost:10841/api/Client577,,false,1831,ServiceDiscovery,Client,GET http://localhost:10833/api/ServiceRegistry40 GET http://localhost:10837/api/Worker232 PUT http://localhost:10837/api/Worker232 POST http://localhost:10837/api/Worker232 DELETE http://localhost:10837/api/Worker232 
1832,Client578,http://localhost:10842/api/Client578,,false,1832,ServiceDiscovery,Client,GET http://localhost:10833/api/ServiceRegistry40 GET http://localhost:10837/api/Worker232 PUT http://localhost:10837/api/Worker232 POST http://localhost:10837/api/Worker232 DELETE http://localhost:10837/api/Worker232 
1833,ServiceRegistry41,http://localhost:10843/api/ServiceRegistry41,POST PUT GET DELETE ,false,1833,ServiceDiscovery,ServiceRegistry,
1834,Worker233,http://localhost:10844/api/Worker233,POST PUT GET DELETE ,false,1834,ServiceDiscovery,Worker,POST http://localhost:10843/api/ServiceRegistry41 PUT http://localhost:10843/api/ServiceRegistry41 DELETE http://localhost:10843/api/ServiceRegistry41 
1835,Worker234,http://localhost:10845/api/Worker234,POST PUT GET DELETE ,false,1835,ServiceDiscovery,Worker,POST http://localhost:10843/api/ServiceRegistry41 PUT http://localhost:10843/api/ServiceRegistry41 DELETE http://localhost:10843/api/ServiceRegistry41 
1836,Client579,http://localhost:10846/api/Client579,,false,1836,ServiceDiscovery,Client,GET http://localhost:10843/api/ServiceRegistry41 GET http://localhost:10845/api/Worker234 PUT http://localhost:10845/api/Worker234 POST http://localhost:10845/api/Worker234 DELETE http://localhost:10845/api/Worker234 
1837,Client580,http://localhost:10847/api/Client580,,false,1837,ServiceDiscovery,Client,GET http://localhost:10843/api/ServiceRegistry41 GET http://localhost:10845/api/Worker234 PUT http://localhost:10845/api/Worker234 POST http://localhost:10845/api/Worker234 DELETE http://localhost:10845/api/Worker234 
1838,Client581,http://localhost:10848/api/Client581,,false,1838,ServiceDiscovery,Client,GET http://localhost:10843/api/ServiceRegistry41 GET http://localhost:10845/api/Worker234 PUT http://localhost:10845/api/Worker234 POST http://localhost:10845/api/Worker234 DELETE http://localhost:10845/api/Worker234 
1839,Client582,http://localhost:10849/api/Client582,,false,1839,ServiceDiscovery,Client,GET http://localhost:10843/api/ServiceRegistry41 GET http://localhost:10845/api/Worker234 PUT http://localhost:10845/api/Worker234 POST http://localhost:10845/api/Worker234 DELETE http://localhost:10845/api/Worker234 
1840,Client583,http://localhost:10850/api/Client583,,false,1840,ServiceDiscovery,Client,GET http://localhost:10843/api/ServiceRegistry41 GET http://localhost:10845/api/Worker234 PUT http://localhost:10845/api/Worker234 POST http://localhost:10845/api/Worker234 DELETE http://localhost:10845/api/Worker234 
1841,Client584,http://localhost:10851/api/Client584,,false,1841,ServiceDiscovery,Client,GET http://localhost:10843/api/ServiceRegistry41 GET http://localhost:10845/api/Worker234 PUT http://localhost:10845/api/Worker234 POST http://localhost:10845/api/Worker234 DELETE http://localhost:10845/api/Worker234 
1842,ServiceRegistry42,http://localhost:10852/api/ServiceRegistry42,POST PUT GET DELETE ,false,1842,ServiceDiscovery,ServiceRegistry,
1843,Worker235,http://localhost:10853/api/Worker235,POST PUT GET DELETE ,false,1843,ServiceDiscovery,Worker,POST http://localhost:10852/api/ServiceRegistry42 PUT http://localhost:10852/api/ServiceRegistry42 DELETE http://localhost:10852/api/ServiceRegistry42 
1844,Client585,http://localhost:10854/api/Client585,,false,1844,ServiceDiscovery,Client,GET http://localhost:10852/api/ServiceRegistry42 GET http://localhost:10853/api/Worker235 PUT http://localhost:10853/api/Worker235 POST http://localhost:10853/api/Worker235 DELETE http://localhost:10853/api/Worker235 
1845,Client586,http://localhost:10855/api/Client586,,false,1845,ServiceDiscovery,Client,GET http://localhost:10852/api/ServiceRegistry42 GET http://localhost:10853/api/Worker235 PUT http://localhost:10853/api/Worker235 POST http://localhost:10853/api/Worker235 DELETE http://localhost:10853/api/Worker235 
1846,Client587,http://localhost:10856/api/Client587,,false,1846,ServiceDiscovery,Client,GET http://localhost:10852/api/ServiceRegistry42 GET http://localhost:10853/api/Worker235 PUT http://localhost:10853/api/Worker235 POST http://localhost:10853/api/Worker235 DELETE http://localhost:10853/api/Worker235 
1847,Client588,http://localhost:10857/api/Client588,,false,1847,ServiceDiscovery,Client,GET http://localhost:10852/api/ServiceRegistry42 GET http://localhost:10853/api/Worker235 PUT http://localhost:10853/api/Worker235 POST http://localhost:10853/api/Worker235 DELETE http://localhost:10853/api/Worker235 
1848,Client589,http://localhost:10858/api/Client589,,false,1848,ServiceDiscovery,Client,GET http://localhost:10852/api/ServiceRegistry42 GET http://localhost:10853/api/Worker235 PUT http://localhost:10853/api/Worker235 POST http://localhost:10853/api/Worker235 DELETE http://localhost:10853/api/Worker235 
1849,Client590,http://localhost:10859/api/Client590,,false,1849,ServiceDiscovery,Client,GET http://localhost:10852/api/ServiceRegistry42 GET http://localhost:10853/api/Worker235 PUT http://localhost:10853/api/Worker235 POST http://localhost:10853/api/Worker235 DELETE http://localhost:10853/api/Worker235 
1850,Client591,http://localhost:10860/api/Client591,,false,1850,ServiceDiscovery,Client,GET http://localhost:10852/api/ServiceRegistry42 GET http://localhost:10853/api/Worker235 PUT http://localhost:10853/api/Worker235 POST http://localhost:10853/api/Worker235 DELETE http://localhost:10853/api/Worker235 
1851,ServiceRegistry43,http://localhost:10861/api/ServiceRegistry43,POST PUT GET DELETE ,false,1851,ServiceDiscovery,ServiceRegistry,
1852,Worker236,http://localhost:10862/api/Worker236,POST PUT GET DELETE ,false,1852,ServiceDiscovery,Worker,POST http://localhost:10861/api/ServiceRegistry43 PUT http://localhost:10861/api/ServiceRegistry43 DELETE http://localhost:10861/api/ServiceRegistry43 
1853,Worker237,http://localhost:10863/api/Worker237,POST PUT GET DELETE ,false,1853,ServiceDiscovery,Worker,POST http://localhost:10861/api/ServiceRegistry43 PUT http://localhost:10861/api/ServiceRegistry43 DELETE http://localhost:10861/api/ServiceRegistry43 
1854,Worker238,http://localhost:10864/api/Worker238,POST PUT GET DELETE ,false,1854,ServiceDiscovery,Worker,POST http://localhost:10861/api/ServiceRegistry43 PUT http://localhost:10861/api/ServiceRegistry43 DELETE http://localhost:10861/api/ServiceRegistry43 
1855,Worker239,http://localhost:10865/api/Worker239,POST PUT GET DELETE ,false,1855,ServiceDiscovery,Worker,POST http://localhost:10861/api/ServiceRegistry43 PUT http://localhost:10861/api/ServiceRegistry43 DELETE http://localhost:10861/api/ServiceRegistry43 
1856,Client592,http://localhost:10866/api/Client592,,false,1856,ServiceDiscovery,Client,GET http://localhost:10861/api/ServiceRegistry43 GET http://localhost:10865/api/Worker239 PUT http://localhost:10865/api/Worker239 POST http://localhost:10865/api/Worker239 DELETE http://localhost:10865/api/Worker239 
1857,Client593,http://localhost:10867/api/Client593,,false,1857,ServiceDiscovery,Client,GET http://localhost:10861/api/ServiceRegistry43 GET http://localhost:10865/api/Worker239 PUT http://localhost:10865/api/Worker239 POST http://localhost:10865/api/Worker239 DELETE http://localhost:10865/api/Worker239 
1858,Client594,http://localhost:10868/api/Client594,,false,1858,ServiceDiscovery,Client,GET http://localhost:10861/api/ServiceRegistry43 GET http://localhost:10865/api/Worker239 PUT http://localhost:10865/api/Worker239 POST http://localhost:10865/api/Worker239 DELETE http://localhost:10865/api/Worker239 
1859,Client595,http://localhost:10869/api/Client595,,false,1859,ServiceDiscovery,Client,GET http://localhost:10861/api/ServiceRegistry43 GET http://localhost:10865/api/Worker239 PUT http://localhost:10865/api/Worker239 POST http://localhost:10865/api/Worker239 DELETE http://localhost:10865/api/Worker239 
1860,Client596,http://localhost:10870/api/Client596,,false,1860,ServiceDiscovery,Client,GET http://localhost:10861/api/ServiceRegistry43 GET http://localhost:10865/api/Worker239 PUT http://localhost:10865/api/Worker239 POST http://localhost:10865/api/Worker239 DELETE http://localhost:10865/api/Worker239 
1861,Client597,http://localhost:10871/api/Client597,,false,1861,ServiceDiscovery,Client,GET http://localhost:10861/api/ServiceRegistry43 GET http://localhost:10865/api/Worker239 PUT http://localhost:10865/api/Worker239 POST http://localhost:10865/api/Worker239 DELETE http://localhost:10865/api/Worker239 
1862,Client598,http://localhost:10872/api/Client598,,false,1862,ServiceDiscovery,Client,GET http://localhost:10861/api/ServiceRegistry43 GET http://localhost:10865/api/Worker239 PUT http://localhost:10865/api/Worker239 POST http://localhost:10865/api/Worker239 DELETE http://localhost:10865/api/Worker239 
1863,ServiceRegistry44,http://localhost:10873/api/ServiceRegistry44,POST PUT GET DELETE ,false,1863,ServiceDiscovery,ServiceRegistry,
1864,Worker240,http://localhost:10874/api/Worker240,POST PUT GET DELETE ,false,1864,ServiceDiscovery,Worker,POST http://localhost:10873/api/ServiceRegistry44 PUT http://localhost:10873/api/ServiceRegistry44 DELETE http://localhost:10873/api/ServiceRegistry44 
1865,Worker241,http://localhost:10875/api/Worker241,POST PUT GET DELETE ,false,1865,ServiceDiscovery,Worker,POST http://localhost:10873/api/ServiceRegistry44 PUT http://localhost:10873/api/ServiceRegistry44 DELETE http://localhost:10873/api/ServiceRegistry44 
1866,Client599,http://localhost:10876/api/Client599,,false,1866,ServiceDiscovery,Client,GET http://localhost:10873/api/ServiceRegistry44 GET http://localhost:10875/api/Worker241 PUT http://localhost:10875/api/Worker241 POST http://localhost:10875/api/Worker241 DELETE http://localhost:10875/api/Worker241 
1867,Client600,http://localhost:10877/api/Client600,,false,1867,ServiceDiscovery,Client,GET http://localhost:10873/api/ServiceRegistry44 GET http://localhost:10875/api/Worker241 PUT http://localhost:10875/api/Worker241 POST http://localhost:10875/api/Worker241 DELETE http://localhost:10875/api/Worker241 
1868,Client601,http://localhost:10878/api/Client601,,false,1868,ServiceDiscovery,Client,GET http://localhost:10873/api/ServiceRegistry44 GET http://localhost:10875/api/Worker241 PUT http://localhost:10875/api/Worker241 POST http://localhost:10875/api/Worker241 DELETE http://localhost:10875/api/Worker241 
1869,Client602,http://localhost:10879/api/Client602,,false,1869,ServiceDiscovery,Client,GET http://localhost:10873/api/ServiceRegistry44 GET http://localhost:10875/api/Worker241 PUT http://localhost:10875/api/Worker241 POST http://localhost:10875/api/Worker241 DELETE http://localhost:10875/api/Worker241 
1870,Client603,http://localhost:10880/api/Client603,,false,1870,ServiceDiscovery,Client,GET http://localhost:10873/api/ServiceRegistry44 GET http://localhost:10875/api/Worker241 PUT http://localhost:10875/api/Worker241 POST http://localhost:10875/api/Worker241 DELETE http://localhost:10875/api/Worker241 
1871,Client604,http://localhost:10881/api/Client604,,false,1871,ServiceDiscovery,Client,GET http://localhost:10873/api/ServiceRegistry44 GET http://localhost:10875/api/Worker241 PUT http://localhost:10875/api/Worker241 POST http://localhost:10875/api/Worker241 DELETE http://localhost:10875/api/Worker241 
1872,Client605,http://localhost:10882/api/Client605,,false,1872,ServiceDiscovery,Client,GET http://localhost:10873/api/ServiceRegistry44 GET http://localhost:10875/api/Worker241 PUT http://localhost:10875/api/Worker241 POST http://localhost:10875/api/Worker241 DELETE http://localhost:10875/api/Worker241 
1873,ServiceRegistry45,http://localhost:10883/api/ServiceRegistry45,POST PUT GET DELETE ,false,1873,ServiceDiscovery,ServiceRegistry,
1874,Worker242,http://localhost:10884/api/Worker242,POST PUT GET DELETE ,false,1874,ServiceDiscovery,Worker,POST http://localhost:10883/api/ServiceRegistry45 PUT http://localhost:10883/api/ServiceRegistry45 DELETE http://localhost:10883/api/ServiceRegistry45 
1875,Worker243,http://localhost:10885/api/Worker243,POST PUT GET DELETE ,false,1875,ServiceDiscovery,Worker,POST http://localhost:10883/api/ServiceRegistry45 PUT http://localhost:10883/api/ServiceRegistry45 DELETE http://localhost:10883/api/ServiceRegistry45 
1876,Client606,http://localhost:10886/api/Client606,,false,1876,ServiceDiscovery,Client,GET http://localhost:10883/api/ServiceRegistry45 GET http://localhost:10885/api/Worker243 PUT http://localhost:10885/api/Worker243 POST http://localhost:10885/api/Worker243 DELETE http://localhost:10885/api/Worker243 
1877,Client607,http://localhost:10887/api/Client607,,false,1877,ServiceDiscovery,Client,GET http://localhost:10883/api/ServiceRegistry45 GET http://localhost:10885/api/Worker243 PUT http://localhost:10885/api/Worker243 POST http://localhost:10885/api/Worker243 DELETE http://localhost:10885/api/Worker243 
1878,Client608,http://localhost:10888/api/Client608,,false,1878,ServiceDiscovery,Client,GET http://localhost:10883/api/ServiceRegistry45 GET http://localhost:10885/api/Worker243 PUT http://localhost:10885/api/Worker243 POST http://localhost:10885/api/Worker243 DELETE http://localhost:10885/api/Worker243 
1879,Client609,http://localhost:10889/api/Client609,,false,1879,ServiceDiscovery,Client,GET http://localhost:10883/api/ServiceRegistry45 GET http://localhost:10885/api/Worker243 PUT http://localhost:10885/api/Worker243 POST http://localhost:10885/api/Worker243 DELETE http://localhost:10885/api/Worker243 
1880,Client610,http://localhost:10890/api/Client610,,false,1880,ServiceDiscovery,Client,GET http://localhost:10883/api/ServiceRegistry45 GET http://localhost:10885/api/Worker243 PUT http://localhost:10885/api/Worker243 POST http://localhost:10885/api/Worker243 DELETE http://localhost:10885/api/Worker243 
1881,Client611,http://localhost:10891/api/Client611,,false,1881,ServiceDiscovery,Client,GET http://localhost:10883/api/ServiceRegistry45 GET http://localhost:10885/api/Worker243 PUT http://localhost:10885/api/Worker243 POST http://localhost:10885/api/Worker243 DELETE http://localhost:10885/api/Worker243 
1882,Client612,http://localhost:10892/api/Client612,,false,1882,ServiceDiscovery,Client,GET http://localhost:10883/api/ServiceRegistry45 GET http://localhost:10885/api/Worker243 PUT http://localhost:10885/api/Worker243 POST http://localhost:10885/api/Worker243 DELETE http://localhost:10885/api/Worker243 
1883,ServiceRegistry46,http://localhost:10893/api/ServiceRegistry46,POST PUT GET DELETE ,false,1883,ServiceDiscovery,ServiceRegistry,
1884,Worker244,http://localhost:10894/api/Worker244,POST PUT GET DELETE ,false,1884,ServiceDiscovery,Worker,POST http://localhost:10893/api/ServiceRegistry46 PUT http://localhost:10893/api/ServiceRegistry46 DELETE http://localhost:10893/api/ServiceRegistry46 
1885,Worker245,http://localhost:10895/api/Worker245,POST PUT GET DELETE ,false,1885,ServiceDiscovery,Worker,POST http://localhost:10893/api/ServiceRegistry46 PUT http://localhost:10893/api/ServiceRegistry46 DELETE http://localhost:10893/api/ServiceRegistry46 
1886,Client613,http://localhost:10896/api/Client613,,false,1886,ServiceDiscovery,Client,GET http://localhost:10893/api/ServiceRegistry46 GET http://localhost:10895/api/Worker245 PUT http://localhost:10895/api/Worker245 POST http://localhost:10895/api/Worker245 DELETE http://localhost:10895/api/Worker245 
1887,Client614,http://localhost:10897/api/Client614,,false,1887,ServiceDiscovery,Client,GET http://localhost:10893/api/ServiceRegistry46 GET http://localhost:10895/api/Worker245 PUT http://localhost:10895/api/Worker245 POST http://localhost:10895/api/Worker245 DELETE http://localhost:10895/api/Worker245 
1888,Client615,http://localhost:10898/api/Client615,,false,1888,ServiceDiscovery,Client,GET http://localhost:10893/api/ServiceRegistry46 GET http://localhost:10895/api/Worker245 PUT http://localhost:10895/api/Worker245 POST http://localhost:10895/api/Worker245 DELETE http://localhost:10895/api/Worker245 
1889,Client616,http://localhost:10899/api/Client616,,false,1889,ServiceDiscovery,Client,GET http://localhost:10893/api/ServiceRegistry46 GET http://localhost:10895/api/Worker245 PUT http://localhost:10895/api/Worker245 POST http://localhost:10895/api/Worker245 DELETE http://localhost:10895/api/Worker245 
1890,Client617,http://localhost:10900/api/Client617,,false,1890,ServiceDiscovery,Client,GET http://localhost:10893/api/ServiceRegistry46 GET http://localhost:10895/api/Worker245 PUT http://localhost:10895/api/Worker245 POST http://localhost:10895/api/Worker245 DELETE http://localhost:10895/api/Worker245 
1891,Client618,http://localhost:10901/api/Client618,,false,1891,ServiceDiscovery,Client,GET http://localhost:10893/api/ServiceRegistry46 GET http://localhost:10895/api/Worker245 PUT http://localhost:10895/api/Worker245 POST http://localhost:10895/api/Worker245 DELETE http://localhost:10895/api/Worker245 
1892,ServiceRegistry47,http://localhost:10902/api/ServiceRegistry47,POST PUT GET DELETE ,false,1892,ServiceDiscovery,ServiceRegistry,
1893,Worker246,http://localhost:10903/api/Worker246,POST PUT GET DELETE ,false,1893,ServiceDiscovery,Worker,POST http://localhost:10902/api/ServiceRegistry47 PUT http://localhost:10902/api/ServiceRegistry47 DELETE http://localhost:10902/api/ServiceRegistry47 
1894,Worker247,http://localhost:10904/api/Worker247,POST PUT GET DELETE ,false,1894,ServiceDiscovery,Worker,POST http://localhost:10902/api/ServiceRegistry47 PUT http://localhost:10902/api/ServiceRegistry47 DELETE http://localhost:10902/api/ServiceRegistry47 
1895,Worker248,http://localhost:10905/api/Worker248,POST PUT GET DELETE ,false,1895,ServiceDiscovery,Worker,POST http://localhost:10902/api/ServiceRegistry47 PUT http://localhost:10902/api/ServiceRegistry47 DELETE http://localhost:10902/api/ServiceRegistry47 
1896,Worker249,http://localhost:10906/api/Worker249,POST PUT GET DELETE ,false,1896,ServiceDiscovery,Worker,POST http://localhost:10902/api/ServiceRegistry47 PUT http://localhost:10902/api/ServiceRegistry47 DELETE http://localhost:10902/api/ServiceRegistry47 
1897,Worker250,http://localhost:10907/api/Worker250,POST PUT GET DELETE ,false,1897,ServiceDiscovery,Worker,POST http://localhost:10902/api/ServiceRegistry47 PUT http://localhost:10902/api/ServiceRegistry47 DELETE http://localhost:10902/api/ServiceRegistry47 
1898,Client619,http://localhost:10908/api/Client619,,false,1898,ServiceDiscovery,Client,GET http://localhost:10902/api/ServiceRegistry47 GET http://localhost:10907/api/Worker250 PUT http://localhost:10907/api/Worker250 POST http://localhost:10907/api/Worker250 DELETE http://localhost:10907/api/Worker250 
1899,Client620,http://localhost:10909/api/Client620,,false,1899,ServiceDiscovery,Client,GET http://localhost:10902/api/ServiceRegistry47 GET http://localhost:10907/api/Worker250 PUT http://localhost:10907/api/Worker250 POST http://localhost:10907/api/Worker250 DELETE http://localhost:10907/api/Worker250 
1900,Client621,http://localhost:10910/api/Client621,,false,1900,ServiceDiscovery,Client,GET http://localhost:10902/api/ServiceRegistry47 GET http://localhost:10907/api/Worker250 PUT http://localhost:10907/api/Worker250 POST http://localhost:10907/api/Worker250 DELETE http://localhost:10907/api/Worker250 
1901,Client622,http://localhost:10911/api/Client622,,false,1901,ServiceDiscovery,Client,GET http://localhost:10902/api/ServiceRegistry47 GET http://localhost:10907/api/Worker250 PUT http://localhost:10907/api/Worker250 POST http://localhost:10907/api/Worker250 DELETE http://localhost:10907/api/Worker250 
1902,Client623,http://localhost:10912/api/Client623,,false,1902,ServiceDiscovery,Client,GET http://localhost:10902/api/ServiceRegistry47 GET http://localhost:10907/api/Worker250 PUT http://localhost:10907/api/Worker250 POST http://localhost:10907/api/Worker250 DELETE http://localhost:10907/api/Worker250 
1903,Client624,http://localhost:10913/api/Client624,,false,1903,ServiceDiscovery,Client,GET http://localhost:10902/api/ServiceRegistry47 GET http://localhost:10907/api/Worker250 PUT http://localhost:10907/api/Worker250 POST http://localhost:10907/api/Worker250 DELETE http://localhost:10907/api/Worker250 
1904,ServiceRegistry48,http://localhost:10914/api/ServiceRegistry48,POST PUT GET DELETE ,false,1904,ServiceDiscovery,ServiceRegistry,
1905,Worker251,http://localhost:10915/api/Worker251,POST PUT GET DELETE ,false,1905,ServiceDiscovery,Worker,POST http://localhost:10914/api/ServiceRegistry48 PUT http://localhost:10914/api/ServiceRegistry48 DELETE http://localhost:10914/api/ServiceRegistry48 
1906,Worker252,http://localhost:10916/api/Worker252,POST PUT GET DELETE ,false,1906,ServiceDiscovery,Worker,POST http://localhost:10914/api/ServiceRegistry48 PUT http://localhost:10914/api/ServiceRegistry48 DELETE http://localhost:10914/api/ServiceRegistry48 
1907,Client625,http://localhost:10917/api/Client625,,false,1907,ServiceDiscovery,Client,GET http://localhost:10914/api/ServiceRegistry48 GET http://localhost:10916/api/Worker252 PUT http://localhost:10916/api/Worker252 POST http://localhost:10916/api/Worker252 DELETE http://localhost:10916/api/Worker252 
1908,Client626,http://localhost:10918/api/Client626,,false,1908,ServiceDiscovery,Client,GET http://localhost:10914/api/ServiceRegistry48 GET http://localhost:10916/api/Worker252 PUT http://localhost:10916/api/Worker252 POST http://localhost:10916/api/Worker252 DELETE http://localhost:10916/api/Worker252 
1909,Client627,http://localhost:10919/api/Client627,,false,1909,ServiceDiscovery,Client,GET http://localhost:10914/api/ServiceRegistry48 GET http://localhost:10916/api/Worker252 PUT http://localhost:10916/api/Worker252 POST http://localhost:10916/api/Worker252 DELETE http://localhost:10916/api/Worker252 
1910,Client628,http://localhost:10920/api/Client628,,false,1910,ServiceDiscovery,Client,GET http://localhost:10914/api/ServiceRegistry48 GET http://localhost:10916/api/Worker252 PUT http://localhost:10916/api/Worker252 POST http://localhost:10916/api/Worker252 DELETE http://localhost:10916/api/Worker252 
1911,ServiceRegistry49,http://localhost:10921/api/ServiceRegistry49,POST PUT GET DELETE ,false,1911,ServiceDiscovery,ServiceRegistry,
1912,Worker253,http://localhost:10922/api/Worker253,POST PUT GET DELETE ,false,1912,ServiceDiscovery,Worker,POST http://localhost:10921/api/ServiceRegistry49 PUT http://localhost:10921/api/ServiceRegistry49 DELETE http://localhost:10921/api/ServiceRegistry49 
1913,Worker254,http://localhost:10923/api/Worker254,POST PUT GET DELETE ,false,1913,ServiceDiscovery,Worker,POST http://localhost:10921/api/ServiceRegistry49 PUT http://localhost:10921/api/ServiceRegistry49 DELETE http://localhost:10921/api/ServiceRegistry49 
1914,Client629,http://localhost:10924/api/Client629,,false,1914,ServiceDiscovery,Client,GET http://localhost:10921/api/ServiceRegistry49 GET http://localhost:10923/api/Worker254 PUT http://localhost:10923/api/Worker254 POST http://localhost:10923/api/Worker254 DELETE http://localhost:10923/api/Worker254 
1915,Client630,http://localhost:10925/api/Client630,,false,1915,ServiceDiscovery,Client,GET http://localhost:10921/api/ServiceRegistry49 GET http://localhost:10923/api/Worker254 PUT http://localhost:10923/api/Worker254 POST http://localhost:10923/api/Worker254 DELETE http://localhost:10923/api/Worker254 
1916,Client631,http://localhost:10926/api/Client631,,false,1916,ServiceDiscovery,Client,GET http://localhost:10921/api/ServiceRegistry49 GET http://localhost:10923/api/Worker254 PUT http://localhost:10923/api/Worker254 POST http://localhost:10923/api/Worker254 DELETE http://localhost:10923/api/Worker254 
1917,Client632,http://localhost:10927/api/Client632,,false,1917,ServiceDiscovery,Client,GET http://localhost:10921/api/ServiceRegistry49 GET http://localhost:10923/api/Worker254 PUT http://localhost:10923/api/Worker254 POST http://localhost:10923/api/Worker254 DELETE http://localhost:10923/api/Worker254 
1918,Client633,http://localhost:10928/api/Client633,,false,1918,ServiceDiscovery,Client,GET http://localhost:10921/api/ServiceRegistry49 GET http://localhost:10923/api/Worker254 PUT http://localhost:10923/api/Worker254 POST http://localhost:10923/api/Worker254 DELETE http://localhost:10923/api/Worker254 
