id,microserviceName,URI,connectionTypes,duplicate,creationTime,pattern,role,connections
0,LoadBalancingService0,http://localhost:9010/api/LoadBalancingService0,GET ,false,0,LoadBalanceing,LoadBalancingService,POST http://localhost:9011/api/ProviderService0 PUT http://localhost:9011/api/ProviderService0 GET http://localhost:9011/api/ProviderService0 POST http://localhost:9012/api/ProviderService1 PUT http://localhost:9012/api/ProviderService1 GET http://localhost:9012/api/ProviderService1 POST http://localhost:9013/api/ProviderService2 PUT http://localhost:9013/api/ProviderService2 GET http://localhost:9013/api/ProviderService2 POST http://localhost:9014/api/ProviderService3 PUT http://localhost:9014/api/ProviderService3 GET http://localhost:9014/api/ProviderService3 POST http://localhost:9015/api/ProviderService4 PUT http://localhost:9015/api/ProviderService4 GET http://localhost:9015/api/ProviderService4 POST http://localhost:9016/api/ProviderService5 PUT http://localhost:9016/api/ProviderService5 GET http://localhost:9016/api/ProviderService5 
1,ProviderService0,http://localhost:9011/api/ProviderService0,POST PUT GET ,false,1,LoadBalanceing,ProviderService,
2,ProviderService1,http://localhost:9012/api/ProviderService1,POST PUT GET ,false,2,LoadBalanceing,ProviderService,
3,ProviderService2,http://localhost:9013/api/ProviderService2,POST PUT GET ,false,3,LoadBalanceing,ProviderService,
4,ProviderService3,http://localhost:9014/api/ProviderService3,POST PUT GET ,false,4,LoadBalanceing,ProviderService,
5,ProviderService4,http://localhost:9015/api/ProviderService4,POST PUT GET ,false,5,LoadBalanceing,ProviderService,
6,ProviderService5,http://localhost:9016/api/ProviderService5,POST PUT GET ,false,6,LoadBalanceing,ProviderService,
7,LoadBalancingService1,http://localhost:9017/api/LoadBalancingService1,GET ,false,7,LoadBalanceing,LoadBalancingService,POST http://localhost:9018/api/ProviderService6 PUT http://localhost:9018/api/ProviderService6 GET http://localhost:9018/api/ProviderService6 POST http://localhost:9019/api/ProviderService7 PUT http://localhost:9019/api/ProviderService7 GET http://localhost:9019/api/ProviderService7 POST http://localhost:9020/api/ProviderService8 PUT http://localhost:9020/api/ProviderService8 GET http://localhost:9020/api/ProviderService8 POST http://localhost:9021/api/ProviderService9 PUT http://localhost:9021/api/ProviderService9 GET http://localhost:9021/api/ProviderService9 
8,ProviderService6,http://localhost:9018/api/ProviderService6,POST PUT GET ,false,8,LoadBalanceing,ProviderService,
9,ProviderService7,http://localhost:9019/api/ProviderService7,POST PUT GET ,false,9,LoadBalanceing,ProviderService,
10,ProviderService8,http://localhost:9020/api/ProviderService8,POST PUT GET ,false,10,LoadBalanceing,ProviderService,
11,ProviderService9,http://localhost:9021/api/ProviderService9,POST PUT GET ,false,11,LoadBalanceing,ProviderService,
12,LoadBalancingService2,http://localhost:9022/api/LoadBalancingService2,GET ,false,12,LoadBalanceing,LoadBalancingService,POST http://localhost:9023/api/ProviderService10 PUT http://localhost:9023/api/ProviderService10 GET http://localhost:9023/api/ProviderService10 POST http://localhost:9024/api/ProviderService11 PUT http://localhost:9024/api/ProviderService11 GET http://localhost:9024/api/ProviderService11 
13,ProviderService10,http://localhost:9023/api/ProviderService10,POST PUT GET ,false,13,LoadBalanceing,ProviderService,
14,ProviderService11,http://localhost:9024/api/ProviderService11,POST PUT GET ,false,14,LoadBalanceing,ProviderService,
15,LoadBalancingService3,http://localhost:9025/api/LoadBalancingService3,GET ,false,15,LoadBalanceing,LoadBalancingService,POST http://localhost:9026/api/ProviderService12 PUT http://localhost:9026/api/ProviderService12 GET http://localhost:9026/api/ProviderService12 POST http://localhost:9027/api/ProviderService13 PUT http://localhost:9027/api/ProviderService13 GET http://localhost:9027/api/ProviderService13 POST http://localhost:9028/api/ProviderService14 PUT http://localhost:9028/api/ProviderService14 GET http://localhost:9028/api/ProviderService14 POST http://localhost:9029/api/ProviderService15 PUT http://localhost:9029/api/ProviderService15 GET http://localhost:9029/api/ProviderService15 POST http://localhost:9030/api/ProviderService16 PUT http://localhost:9030/api/ProviderService16 GET http://localhost:9030/api/ProviderService16 POST http://localhost:9031/api/ProviderService17 PUT http://localhost:9031/api/ProviderService17 GET http://localhost:9031/api/ProviderService17 
16,ProviderService12,http://localhost:9026/api/ProviderService12,POST PUT GET ,false,16,LoadBalanceing,ProviderService,
17,ProviderService13,http://localhost:9027/api/ProviderService13,POST PUT GET ,false,17,LoadBalanceing,ProviderService,
18,ProviderService14,http://localhost:9028/api/ProviderService14,POST PUT GET ,false,18,LoadBalanceing,ProviderService,
19,ProviderService15,http://localhost:9029/api/ProviderService15,POST PUT GET ,false,19,LoadBalanceing,ProviderService,
20,ProviderService16,http://localhost:9030/api/ProviderService16,POST PUT GET ,false,20,LoadBalanceing,ProviderService,
21,ProviderService17,http://localhost:9031/api/ProviderService17,POST PUT GET ,false,21,LoadBalanceing,ProviderService,
22,LoadBalancingService4,http://localhost:9032/api/LoadBalancingService4,GET ,false,22,LoadBalanceing,LoadBalancingService,POST http://localhost:9033/api/ProviderService18 PUT http://localhost:9033/api/ProviderService18 GET http://localhost:9033/api/ProviderService18 POST http://localhost:9034/api/ProviderService19 PUT http://localhost:9034/api/ProviderService19 GET http://localhost:9034/api/ProviderService19 POST http://localhost:9035/api/ProviderService20 PUT http://localhost:9035/api/ProviderService20 GET http://localhost:9035/api/ProviderService20 
23,ProviderService18,http://localhost:9033/api/ProviderService18,POST PUT GET ,false,23,LoadBalanceing,ProviderService,
24,ProviderService19,http://localhost:9034/api/ProviderService19,POST PUT GET ,false,24,LoadBalanceing,ProviderService,
25,ProviderService20,http://localhost:9035/api/ProviderService20,POST PUT GET ,false,25,LoadBalanceing,ProviderService,
26,LoadBalancingService5,http://localhost:9036/api/LoadBalancingService5,GET ,false,26,LoadBalanceing,LoadBalancingService,POST http://localhost:9037/api/ProviderService21 PUT http://localhost:9037/api/ProviderService21 GET http://localhost:9037/api/ProviderService21 POST http://localhost:9038/api/ProviderService22 PUT http://localhost:9038/api/ProviderService22 GET http://localhost:9038/api/ProviderService22 POST http://localhost:9039/api/ProviderService23 PUT http://localhost:9039/api/ProviderService23 GET http://localhost:9039/api/ProviderService23 POST http://localhost:9040/api/ProviderService24 PUT http://localhost:9040/api/ProviderService24 GET http://localhost:9040/api/ProviderService24 POST http://localhost:9041/api/ProviderService25 PUT http://localhost:9041/api/ProviderService25 GET http://localhost:9041/api/ProviderService25 
27,ProviderService21,http://localhost:9037/api/ProviderService21,POST PUT GET ,false,27,LoadBalanceing,ProviderService,
28,ProviderService22,http://localhost:9038/api/ProviderService22,POST PUT GET ,false,28,LoadBalanceing,ProviderService,
29,ProviderService23,http://localhost:9039/api/ProviderService23,POST PUT GET ,false,29,LoadBalanceing,ProviderService,
30,ProviderService24,http://localhost:9040/api/ProviderService24,POST PUT GET ,false,30,LoadBalanceing,ProviderService,
31,ProviderService25,http://localhost:9041/api/ProviderService25,POST PUT GET ,false,31,LoadBalanceing,ProviderService,
32,LoadBalancingService6,http://localhost:9042/api/LoadBalancingService6,GET ,false,32,LoadBalanceing,LoadBalancingService,POST http://localhost:9043/api/ProviderService26 PUT http://localhost:9043/api/ProviderService26 GET http://localhost:9043/api/ProviderService26 POST http://localhost:9044/api/ProviderService27 PUT http://localhost:9044/api/ProviderService27 GET http://localhost:9044/api/ProviderService27 POST http://localhost:9045/api/ProviderService28 PUT http://localhost:9045/api/ProviderService28 GET http://localhost:9045/api/ProviderService28 POST http://localhost:9046/api/ProviderService29 PUT http://localhost:9046/api/ProviderService29 GET http://localhost:9046/api/ProviderService29 
33,ProviderService26,http://localhost:9043/api/ProviderService26,POST PUT GET ,false,33,LoadBalanceing,ProviderService,
34,ProviderService27,http://localhost:9044/api/ProviderService27,POST PUT GET ,false,34,LoadBalanceing,ProviderService,
35,ProviderService28,http://localhost:9045/api/ProviderService28,POST PUT GET ,false,35,LoadBalanceing,ProviderService,
36,ProviderService29,http://localhost:9046/api/ProviderService29,POST PUT GET ,false,36,LoadBalanceing,ProviderService,
37,LoadBalancingService7,http://localhost:9047/api/LoadBalancingService7,GET ,false,37,LoadBalanceing,LoadBalancingService,POST http://localhost:9048/api/ProviderService30 PUT http://localhost:9048/api/ProviderService30 GET http://localhost:9048/api/ProviderService30 POST http://localhost:9049/api/ProviderService31 PUT http://localhost:9049/api/ProviderService31 GET http://localhost:9049/api/ProviderService31 POST http://localhost:9050/api/ProviderService32 PUT http://localhost:9050/api/ProviderService32 GET http://localhost:9050/api/ProviderService32 POST http://localhost:9051/api/ProviderService33 PUT http://localhost:9051/api/ProviderService33 GET http://localhost:9051/api/ProviderService33 POST http://localhost:9052/api/ProviderService34 PUT http://localhost:9052/api/ProviderService34 GET http://localhost:9052/api/ProviderService34 POST http://localhost:9053/api/ProviderService35 PUT http://localhost:9053/api/ProviderService35 GET http://localhost:9053/api/ProviderService35 
38,ProviderService30,http://localhost:9048/api/ProviderService30,POST PUT GET ,false,38,LoadBalanceing,ProviderService,
39,ProviderService31,http://localhost:9049/api/ProviderService31,POST PUT GET ,false,39,LoadBalanceing,ProviderService,
40,ProviderService32,http://localhost:9050/api/ProviderService32,POST PUT GET ,false,40,LoadBalanceing,ProviderService,
41,ProviderService33,http://localhost:9051/api/ProviderService33,POST PUT GET ,false,41,LoadBalanceing,ProviderService,
42,ProviderService34,http://localhost:9052/api/ProviderService34,POST PUT GET ,false,42,LoadBalanceing,ProviderService,
43,ProviderService35,http://localhost:9053/api/ProviderService35,POST PUT GET ,false,43,LoadBalanceing,ProviderService,
44,LoadBalancingService8,http://localhost:9054/api/LoadBalancingService8,GET ,false,44,LoadBalanceing,LoadBalancingService,POST http://localhost:9055/api/ProviderService36 PUT http://localhost:9055/api/ProviderService36 GET http://localhost:9055/api/ProviderService36 POST http://localhost:9056/api/ProviderService37 PUT http://localhost:9056/api/ProviderService37 GET http://localhost:9056/api/ProviderService37 
45,ProviderService36,http://localhost:9055/api/ProviderService36,POST PUT GET ,false,45,LoadBalanceing,ProviderService,
46,ProviderService37,http://localhost:9056/api/ProviderService37,POST PUT GET ,false,46,LoadBalanceing,ProviderService,
47,LoadBalancingService9,http://localhost:9057/api/LoadBalancingService9,GET ,false,47,LoadBalanceing,LoadBalancingService,POST http://localhost:9058/api/ProviderService38 PUT http://localhost:9058/api/ProviderService38 GET http://localhost:9058/api/ProviderService38 POST http://localhost:9059/api/ProviderService39 PUT http://localhost:9059/api/ProviderService39 GET http://localhost:9059/api/ProviderService39 POST http://localhost:9060/api/ProviderService40 PUT http://localhost:9060/api/ProviderService40 GET http://localhost:9060/api/ProviderService40 POST http://localhost:9061/api/ProviderService41 PUT http://localhost:9061/api/ProviderService41 GET http://localhost:9061/api/ProviderService41 POST http://localhost:9062/api/ProviderService42 PUT http://localhost:9062/api/ProviderService42 GET http://localhost:9062/api/ProviderService42 POST http://localhost:9063/api/ProviderService43 PUT http://localhost:9063/api/ProviderService43 GET http://localhost:9063/api/ProviderService43 
48,ProviderService38,http://localhost:9058/api/ProviderService38,POST PUT GET ,false,48,LoadBalanceing,ProviderService,
49,ProviderService39,http://localhost:9059/api/ProviderService39,POST PUT GET ,false,49,LoadBalanceing,ProviderService,
50,ProviderService40,http://localhost:9060/api/ProviderService40,POST PUT GET ,false,50,LoadBalanceing,ProviderService,
51,ProviderService41,http://localhost:9061/api/ProviderService41,POST PUT GET ,false,51,LoadBalanceing,ProviderService,
52,ProviderService42,http://localhost:9062/api/ProviderService42,POST PUT GET ,false,52,LoadBalanceing,ProviderService,
53,ProviderService43,http://localhost:9063/api/ProviderService43,POST PUT GET ,false,53,LoadBalanceing,ProviderService,
54,LoadBalancingService10,http://localhost:9064/api/LoadBalancingService10,GET ,false,54,LoadBalanceing,LoadBalancingService,POST http://localhost:9065/api/ProviderService44 PUT http://localhost:9065/api/ProviderService44 GET http://localhost:9065/api/ProviderService44 POST http://localhost:9066/api/ProviderService45 PUT http://localhost:9066/api/ProviderService45 GET http://localhost:9066/api/ProviderService45 POST http://localhost:9067/api/ProviderService46 PUT http://localhost:9067/api/ProviderService46 GET http://localhost:9067/api/ProviderService46 POST http://localhost:9068/api/ProviderService47 PUT http://localhost:9068/api/ProviderService47 GET http://localhost:9068/api/ProviderService47 POST http://localhost:9069/api/ProviderService48 PUT http://localhost:9069/api/ProviderService48 GET http://localhost:9069/api/ProviderService48 
55,ProviderService44,http://localhost:9065/api/ProviderService44,POST PUT GET ,false,55,LoadBalanceing,ProviderService,
56,ProviderService45,http://localhost:9066/api/ProviderService45,POST PUT GET ,false,56,LoadBalanceing,ProviderService,
57,ProviderService46,http://localhost:9067/api/ProviderService46,POST PUT GET ,false,57,LoadBalanceing,ProviderService,
58,ProviderService47,http://localhost:9068/api/ProviderService47,POST PUT GET ,false,58,LoadBalanceing,ProviderService,
59,ProviderService48,http://localhost:9069/api/ProviderService48,POST PUT GET ,false,59,LoadBalanceing,ProviderService,
60,LoadBalancingService11,http://localhost:9070/api/LoadBalancingService11,GET ,false,60,LoadBalanceing,LoadBalancingService,POST http://localhost:9071/api/ProviderService49 PUT http://localhost:9071/api/ProviderService49 GET http://localhost:9071/api/ProviderService49 POST http://localhost:9072/api/ProviderService50 PUT http://localhost:9072/api/ProviderService50 GET http://localhost:9072/api/ProviderService50 POST http://localhost:9073/api/ProviderService51 PUT http://localhost:9073/api/ProviderService51 GET http://localhost:9073/api/ProviderService51 POST http://localhost:9074/api/ProviderService52 PUT http://localhost:9074/api/ProviderService52 GET http://localhost:9074/api/ProviderService52 POST http://localhost:9075/api/ProviderService53 PUT http://localhost:9075/api/ProviderService53 GET http://localhost:9075/api/ProviderService53 
61,ProviderService49,http://localhost:9071/api/ProviderService49,POST PUT GET ,false,61,LoadBalanceing,ProviderService,
62,ProviderService50,http://localhost:9072/api/ProviderService50,POST PUT GET ,false,62,LoadBalanceing,ProviderService,
63,ProviderService51,http://localhost:9073/api/ProviderService51,POST PUT GET ,false,63,LoadBalanceing,ProviderService,
64,ProviderService52,http://localhost:9074/api/ProviderService52,POST PUT GET ,false,64,LoadBalanceing,ProviderService,
65,ProviderService53,http://localhost:9075/api/ProviderService53,POST PUT GET ,false,65,LoadBalanceing,ProviderService,
66,LoadBalancingService12,http://localhost:9076/api/LoadBalancingService12,GET ,false,66,LoadBalanceing,LoadBalancingService,POST http://localhost:9077/api/ProviderService54 PUT http://localhost:9077/api/ProviderService54 GET http://localhost:9077/api/ProviderService54 POST http://localhost:9078/api/ProviderService55 PUT http://localhost:9078/api/ProviderService55 GET http://localhost:9078/api/ProviderService55 POST http://localhost:9079/api/ProviderService56 PUT http://localhost:9079/api/ProviderService56 GET http://localhost:9079/api/ProviderService56 POST http://localhost:9080/api/ProviderService57 PUT http://localhost:9080/api/ProviderService57 GET http://localhost:9080/api/ProviderService57 POST http://localhost:9081/api/ProviderService58 PUT http://localhost:9081/api/ProviderService58 GET http://localhost:9081/api/ProviderService58 
67,ProviderService54,http://localhost:9077/api/ProviderService54,POST PUT GET ,false,67,LoadBalanceing,ProviderService,
68,ProviderService55,http://localhost:9078/api/ProviderService55,POST PUT GET ,false,68,LoadBalanceing,ProviderService,
69,ProviderService56,http://localhost:9079/api/ProviderService56,POST PUT GET ,false,69,LoadBalanceing,ProviderService,
70,ProviderService57,http://localhost:9080/api/ProviderService57,POST PUT GET ,false,70,LoadBalanceing,ProviderService,
71,ProviderService58,http://localhost:9081/api/ProviderService58,POST PUT GET ,false,71,LoadBalanceing,ProviderService,
72,LoadBalancingService13,http://localhost:9082/api/LoadBalancingService13,GET ,false,72,LoadBalanceing,LoadBalancingService,POST http://localhost:9083/api/ProviderService59 PUT http://localhost:9083/api/ProviderService59 GET http://localhost:9083/api/ProviderService59 POST http://localhost:9084/api/ProviderService60 PUT http://localhost:9084/api/ProviderService60 GET http://localhost:9084/api/ProviderService60 POST http://localhost:9085/api/ProviderService61 PUT http://localhost:9085/api/ProviderService61 GET http://localhost:9085/api/ProviderService61 
73,ProviderService59,http://localhost:9083/api/ProviderService59,POST PUT GET ,false,73,LoadBalanceing,ProviderService,
74,ProviderService60,http://localhost:9084/api/ProviderService60,POST PUT GET ,false,74,LoadBalanceing,ProviderService,
75,ProviderService61,http://localhost:9085/api/ProviderService61,POST PUT GET ,false,75,LoadBalanceing,ProviderService,
76,LoadBalancingService14,http://localhost:9086/api/LoadBalancingService14,GET ,false,76,LoadBalanceing,LoadBalancingService,POST http://localhost:9087/api/ProviderService62 PUT http://localhost:9087/api/ProviderService62 GET http://localhost:9087/api/ProviderService62 POST http://localhost:9088/api/ProviderService63 PUT http://localhost:9088/api/ProviderService63 GET http://localhost:9088/api/ProviderService63 
77,ProviderService62,http://localhost:9087/api/ProviderService62,POST PUT GET ,false,77,LoadBalanceing,ProviderService,
78,ProviderService63,http://localhost:9088/api/ProviderService63,POST PUT GET ,false,78,LoadBalanceing,ProviderService,
79,LoadBalancingService15,http://localhost:9089/api/LoadBalancingService15,GET ,false,79,LoadBalanceing,LoadBalancingService,POST http://localhost:9090/api/ProviderService64 PUT http://localhost:9090/api/ProviderService64 GET http://localhost:9090/api/ProviderService64 POST http://localhost:9091/api/ProviderService65 PUT http://localhost:9091/api/ProviderService65 GET http://localhost:9091/api/ProviderService65 POST http://localhost:9092/api/ProviderService66 PUT http://localhost:9092/api/ProviderService66 GET http://localhost:9092/api/ProviderService66 
80,ProviderService64,http://localhost:9090/api/ProviderService64,POST PUT GET ,false,80,LoadBalanceing,ProviderService,
81,ProviderService65,http://localhost:9091/api/ProviderService65,POST PUT GET ,false,81,LoadBalanceing,ProviderService,
82,ProviderService66,http://localhost:9092/api/ProviderService66,POST PUT GET ,false,82,LoadBalanceing,ProviderService,
83,LoadBalancingService16,http://localhost:9093/api/LoadBalancingService16,GET ,false,83,LoadBalanceing,LoadBalancingService,POST http://localhost:9094/api/ProviderService67 PUT http://localhost:9094/api/ProviderService67 GET http://localhost:9094/api/ProviderService67 POST http://localhost:9095/api/ProviderService68 PUT http://localhost:9095/api/ProviderService68 GET http://localhost:9095/api/ProviderService68 POST http://localhost:9096/api/ProviderService69 PUT http://localhost:9096/api/ProviderService69 GET http://localhost:9096/api/ProviderService69 POST http://localhost:9097/api/ProviderService70 PUT http://localhost:9097/api/ProviderService70 GET http://localhost:9097/api/ProviderService70 POST http://localhost:9098/api/ProviderService71 PUT http://localhost:9098/api/ProviderService71 GET http://localhost:9098/api/ProviderService71 
84,ProviderService67,http://localhost:9094/api/ProviderService67,POST PUT GET ,false,84,LoadBalanceing,ProviderService,
85,ProviderService68,http://localhost:9095/api/ProviderService68,POST PUT GET ,false,85,LoadBalanceing,ProviderService,
86,ProviderService69,http://localhost:9096/api/ProviderService69,POST PUT GET ,false,86,LoadBalanceing,ProviderService,
87,ProviderService70,http://localhost:9097/api/ProviderService70,POST PUT GET ,false,87,LoadBalanceing,ProviderService,
88,ProviderService71,http://localhost:9098/api/ProviderService71,POST PUT GET ,false,88,LoadBalanceing,ProviderService,
89,LoadBalancingService17,http://localhost:9099/api/LoadBalancingService17,GET ,false,89,LoadBalanceing,LoadBalancingService,POST http://localhost:9100/api/ProviderService72 PUT http://localhost:9100/api/ProviderService72 GET http://localhost:9100/api/ProviderService72 POST http://localhost:9101/api/ProviderService73 PUT http://localhost:9101/api/ProviderService73 GET http://localhost:9101/api/ProviderService73 POST http://localhost:9102/api/ProviderService74 PUT http://localhost:9102/api/ProviderService74 GET http://localhost:9102/api/ProviderService74 POST http://localhost:9103/api/ProviderService75 PUT http://localhost:9103/api/ProviderService75 GET http://localhost:9103/api/ProviderService75 POST http://localhost:9104/api/ProviderService76 PUT http://localhost:9104/api/ProviderService76 GET http://localhost:9104/api/ProviderService76 
90,ProviderService72,http://localhost:9100/api/ProviderService72,POST PUT GET ,false,90,LoadBalanceing,ProviderService,
91,ProviderService73,http://localhost:9101/api/ProviderService73,POST PUT GET ,false,91,LoadBalanceing,ProviderService,
92,ProviderService74,http://localhost:9102/api/ProviderService74,POST PUT GET ,false,92,LoadBalanceing,ProviderService,
93,ProviderService75,http://localhost:9103/api/ProviderService75,POST PUT GET ,false,93,LoadBalanceing,ProviderService,
94,ProviderService76,http://localhost:9104/api/ProviderService76,POST PUT GET ,false,94,LoadBalanceing,ProviderService,
95,LoadBalancingService18,http://localhost:9105/api/LoadBalancingService18,GET ,false,95,LoadBalanceing,LoadBalancingService,POST http://localhost:9106/api/ProviderService77 PUT http://localhost:9106/api/ProviderService77 GET http://localhost:9106/api/ProviderService77 POST http://localhost:9107/api/ProviderService78 PUT http://localhost:9107/api/ProviderService78 GET http://localhost:9107/api/ProviderService78 POST http://localhost:9108/api/ProviderService79 PUT http://localhost:9108/api/ProviderService79 GET http://localhost:9108/api/ProviderService79 POST http://localhost:9109/api/ProviderService80 PUT http://localhost:9109/api/ProviderService80 GET http://localhost:9109/api/ProviderService80 
96,ProviderService77,http://localhost:9106/api/ProviderService77,POST PUT GET ,false,96,LoadBalanceing,ProviderService,
97,ProviderService78,http://localhost:9107/api/ProviderService78,POST PUT GET ,false,97,LoadBalanceing,ProviderService,
98,ProviderService79,http://localhost:9108/api/ProviderService79,POST PUT GET ,false,98,LoadBalanceing,ProviderService,
99,ProviderService80,http://localhost:9109/api/ProviderService80,POST PUT GET ,false,99,LoadBalanceing,ProviderService,
100,LoadBalancingService19,http://localhost:9110/api/LoadBalancingService19,GET ,false,100,LoadBalanceing,LoadBalancingService,POST http://localhost:9111/api/ProviderService81 PUT http://localhost:9111/api/ProviderService81 GET http://localhost:9111/api/ProviderService81 POST http://localhost:9112/api/ProviderService82 PUT http://localhost:9112/api/ProviderService82 GET http://localhost:9112/api/ProviderService82 POST http://localhost:9113/api/ProviderService83 PUT http://localhost:9113/api/ProviderService83 GET http://localhost:9113/api/ProviderService83 POST http://localhost:9114/api/ProviderService84 PUT http://localhost:9114/api/ProviderService84 GET http://localhost:9114/api/ProviderService84 POST http://localhost:9115/api/ProviderService85 PUT http://localhost:9115/api/ProviderService85 GET http://localhost:9115/api/ProviderService85 
101,ProviderService81,http://localhost:9111/api/ProviderService81,POST PUT GET ,false,101,LoadBalanceing,ProviderService,
102,ProviderService82,http://localhost:9112/api/ProviderService82,POST PUT GET ,false,102,LoadBalanceing,ProviderService,
103,ProviderService83,http://localhost:9113/api/ProviderService83,POST PUT GET ,false,103,LoadBalanceing,ProviderService,
104,ProviderService84,http://localhost:9114/api/ProviderService84,POST PUT GET ,false,104,LoadBalanceing,ProviderService,
105,ProviderService85,http://localhost:9115/api/ProviderService85,POST PUT GET ,false,105,LoadBalanceing,ProviderService,
106,LoadBalancingService20,http://localhost:9116/api/LoadBalancingService20,GET ,false,106,LoadBalanceing,LoadBalancingService,POST http://localhost:9117/api/ProviderService86 PUT http://localhost:9117/api/ProviderService86 GET http://localhost:9117/api/ProviderService86 POST http://localhost:9118/api/ProviderService87 PUT http://localhost:9118/api/ProviderService87 GET http://localhost:9118/api/ProviderService87 POST http://localhost:9119/api/ProviderService88 PUT http://localhost:9119/api/ProviderService88 GET http://localhost:9119/api/ProviderService88 
107,ProviderService86,http://localhost:9117/api/ProviderService86,POST PUT GET ,false,107,LoadBalanceing,ProviderService,
108,ProviderService87,http://localhost:9118/api/ProviderService87,POST PUT GET ,false,108,LoadBalanceing,ProviderService,
109,ProviderService88,http://localhost:9119/api/ProviderService88,POST PUT GET ,false,109,LoadBalanceing,ProviderService,
110,LoadBalancingService21,http://localhost:9120/api/LoadBalancingService21,GET ,false,110,LoadBalanceing,LoadBalancingService,POST http://localhost:9121/api/ProviderService89 PUT http://localhost:9121/api/ProviderService89 GET http://localhost:9121/api/ProviderService89 POST http://localhost:9122/api/ProviderService90 PUT http://localhost:9122/api/ProviderService90 GET http://localhost:9122/api/ProviderService90 POST http://localhost:9123/api/ProviderService91 PUT http://localhost:9123/api/ProviderService91 GET http://localhost:9123/api/ProviderService91 POST http://localhost:9124/api/ProviderService92 PUT http://localhost:9124/api/ProviderService92 GET http://localhost:9124/api/ProviderService92 
111,ProviderService89,http://localhost:9121/api/ProviderService89,POST PUT GET ,false,111,LoadBalanceing,ProviderService,
112,ProviderService90,http://localhost:9122/api/ProviderService90,POST PUT GET ,false,112,LoadBalanceing,ProviderService,
113,ProviderService91,http://localhost:9123/api/ProviderService91,POST PUT GET ,false,113,LoadBalanceing,ProviderService,
114,ProviderService92,http://localhost:9124/api/ProviderService92,POST PUT GET ,false,114,LoadBalanceing,ProviderService,
115,LoadBalancingService22,http://localhost:9125/api/LoadBalancingService22,GET ,false,115,LoadBalanceing,LoadBalancingService,POST http://localhost:9126/api/ProviderService93 PUT http://localhost:9126/api/ProviderService93 GET http://localhost:9126/api/ProviderService93 POST http://localhost:9127/api/ProviderService94 PUT http://localhost:9127/api/ProviderService94 GET http://localhost:9127/api/ProviderService94 POST http://localhost:9128/api/ProviderService95 PUT http://localhost:9128/api/ProviderService95 GET http://localhost:9128/api/ProviderService95 POST http://localhost:9129/api/ProviderService96 PUT http://localhost:9129/api/ProviderService96 GET http://localhost:9129/api/ProviderService96 POST http://localhost:9130/api/ProviderService97 PUT http://localhost:9130/api/ProviderService97 GET http://localhost:9130/api/ProviderService97 POST http://localhost:9131/api/ProviderService98 PUT http://localhost:9131/api/ProviderService98 GET http://localhost:9131/api/ProviderService98 
116,ProviderService93,http://localhost:9126/api/ProviderService93,POST PUT GET ,false,116,LoadBalanceing,ProviderService,
117,ProviderService94,http://localhost:9127/api/ProviderService94,POST PUT GET ,false,117,LoadBalanceing,ProviderService,
118,ProviderService95,http://localhost:9128/api/ProviderService95,POST PUT GET ,false,118,LoadBalanceing,ProviderService,
119,ProviderService96,http://localhost:9129/api/ProviderService96,POST PUT GET ,false,119,LoadBalanceing,ProviderService,
120,ProviderService97,http://localhost:9130/api/ProviderService97,POST PUT GET ,false,120,LoadBalanceing,ProviderService,
121,ProviderService98,http://localhost:9131/api/ProviderService98,POST PUT GET ,false,121,LoadBalanceing,ProviderService,
122,LoadBalancingService23,http://localhost:9132/api/LoadBalancingService23,GET ,false,122,LoadBalanceing,LoadBalancingService,POST http://localhost:9133/api/ProviderService99 PUT http://localhost:9133/api/ProviderService99 GET http://localhost:9133/api/ProviderService99 POST http://localhost:9134/api/ProviderService100 PUT http://localhost:9134/api/ProviderService100 GET http://localhost:9134/api/ProviderService100 
123,ProviderService99,http://localhost:9133/api/ProviderService99,POST PUT GET ,false,123,LoadBalanceing,ProviderService,
124,ProviderService100,http://localhost:9134/api/ProviderService100,POST PUT GET ,false,124,LoadBalanceing,ProviderService,
125,LoadBalancingService24,http://localhost:9135/api/LoadBalancingService24,GET ,false,125,LoadBalanceing,LoadBalancingService,POST http://localhost:9136/api/ProviderService101 PUT http://localhost:9136/api/ProviderService101 GET http://localhost:9136/api/ProviderService101 POST http://localhost:9137/api/ProviderService102 PUT http://localhost:9137/api/ProviderService102 GET http://localhost:9137/api/ProviderService102 POST http://localhost:9138/api/ProviderService103 PUT http://localhost:9138/api/ProviderService103 GET http://localhost:9138/api/ProviderService103 POST http://localhost:9139/api/ProviderService104 PUT http://localhost:9139/api/ProviderService104 GET http://localhost:9139/api/ProviderService104 POST http://localhost:9140/api/ProviderService105 PUT http://localhost:9140/api/ProviderService105 GET http://localhost:9140/api/ProviderService105 
126,ProviderService101,http://localhost:9136/api/ProviderService101,POST PUT GET ,false,126,LoadBalanceing,ProviderService,
127,ProviderService102,http://localhost:9137/api/ProviderService102,POST PUT GET ,false,127,LoadBalanceing,ProviderService,
128,ProviderService103,http://localhost:9138/api/ProviderService103,POST PUT GET ,false,128,LoadBalanceing,ProviderService,
129,ProviderService104,http://localhost:9139/api/ProviderService104,POST PUT GET ,false,129,LoadBalanceing,ProviderService,
130,ProviderService105,http://localhost:9140/api/ProviderService105,POST PUT GET ,false,130,LoadBalanceing,ProviderService,
131,DispatcherService0,http://localhost:9141/api/DispatcherService0,POST ,false,131,PriorityQueue,DispatcherService,POST http://localhost:9147/api/ExternalService0 PUT http://localhost:9147/api/ExternalService0 GET http://localhost:9147/api/ExternalService0 DELETE http://localhost:9147/api/ExternalService0 
132,ClientService0,http://localhost:9142/api/ClientService0,,false,132,PriorityQueue,ClientService,POST http://localhost:9141/api/DispatcherService0 PUT http://localhost:9141/api/DispatcherService0 GET http://localhost:9141/api/DispatcherService0 DELETE http://localhost:9141/api/DispatcherService0 
133,ClientService1,http://localhost:9143/api/ClientService1,,false,133,PriorityQueue,ClientService,POST http://localhost:9141/api/DispatcherService0 PUT http://localhost:9141/api/DispatcherService0 GET http://localhost:9141/api/DispatcherService0 DELETE http://localhost:9141/api/DispatcherService0 
134,ClientService2,http://localhost:9144/api/ClientService2,,false,134,PriorityQueue,ClientService,POST http://localhost:9141/api/DispatcherService0 PUT http://localhost:9141/api/DispatcherService0 GET http://localhost:9141/api/DispatcherService0 DELETE http://localhost:9141/api/DispatcherService0 
135,ClientService3,http://localhost:9145/api/ClientService3,,false,135,PriorityQueue,ClientService,POST http://localhost:9141/api/DispatcherService0 PUT http://localhost:9141/api/DispatcherService0 GET http://localhost:9141/api/DispatcherService0 DELETE http://localhost:9141/api/DispatcherService0 
136,ClientService4,http://localhost:9146/api/ClientService4,,false,136,PriorityQueue,ClientService,POST http://localhost:9141/api/DispatcherService0 PUT http://localhost:9141/api/DispatcherService0 GET http://localhost:9141/api/DispatcherService0 DELETE http://localhost:9141/api/DispatcherService0 
137,ExternalService0,http://localhost:9147/api/ExternalService0,POST ,false,137,PriorityQueue,ExternalService,
138,DispatcherService1,http://localhost:9148/api/DispatcherService1,POST ,false,138,PriorityQueue,DispatcherService,POST http://localhost:9153/api/ExternalService1 PUT http://localhost:9153/api/ExternalService1 GET http://localhost:9153/api/ExternalService1 DELETE http://localhost:9153/api/ExternalService1 POST http://localhost:9154/api/ExternalService2 PUT http://localhost:9154/api/ExternalService2 GET http://localhost:9154/api/ExternalService2 DELETE http://localhost:9154/api/ExternalService2 POST http://localhost:9155/api/ExternalService3 PUT http://localhost:9155/api/ExternalService3 GET http://localhost:9155/api/ExternalService3 DELETE http://localhost:9155/api/ExternalService3 
139,ClientService5,http://localhost:9149/api/ClientService5,,false,139,PriorityQueue,ClientService,POST http://localhost:9148/api/DispatcherService1 PUT http://localhost:9148/api/DispatcherService1 GET http://localhost:9148/api/DispatcherService1 DELETE http://localhost:9148/api/DispatcherService1 
140,ClientService6,http://localhost:9150/api/ClientService6,,false,140,PriorityQueue,ClientService,POST http://localhost:9148/api/DispatcherService1 PUT http://localhost:9148/api/DispatcherService1 GET http://localhost:9148/api/DispatcherService1 DELETE http://localhost:9148/api/DispatcherService1 
141,ClientService7,http://localhost:9151/api/ClientService7,,false,141,PriorityQueue,ClientService,POST http://localhost:9148/api/DispatcherService1 PUT http://localhost:9148/api/DispatcherService1 GET http://localhost:9148/api/DispatcherService1 DELETE http://localhost:9148/api/DispatcherService1 
142,ClientService8,http://localhost:9152/api/ClientService8,,false,142,PriorityQueue,ClientService,POST http://localhost:9148/api/DispatcherService1 PUT http://localhost:9148/api/DispatcherService1 GET http://localhost:9148/api/DispatcherService1 DELETE http://localhost:9148/api/DispatcherService1 
143,ExternalService1,http://localhost:9153/api/ExternalService1,POST ,false,143,PriorityQueue,ExternalService,
144,ExternalService2,http://localhost:9154/api/ExternalService2,POST ,false,144,PriorityQueue,ExternalService,
145,ExternalService3,http://localhost:9155/api/ExternalService3,POST ,false,145,PriorityQueue,ExternalService,
146,DispatcherService2,http://localhost:9156/api/DispatcherService2,POST ,false,146,PriorityQueue,DispatcherService,POST http://localhost:9159/api/ExternalService4 PUT http://localhost:9159/api/ExternalService4 GET http://localhost:9159/api/ExternalService4 DELETE http://localhost:9159/api/ExternalService4 POST http://localhost:9160/api/ExternalService5 PUT http://localhost:9160/api/ExternalService5 GET http://localhost:9160/api/ExternalService5 DELETE http://localhost:9160/api/ExternalService5 POST http://localhost:9161/api/ExternalService6 PUT http://localhost:9161/api/ExternalService6 GET http://localhost:9161/api/ExternalService6 DELETE http://localhost:9161/api/ExternalService6 
147,ClientService9,http://localhost:9157/api/ClientService9,,false,147,PriorityQueue,ClientService,POST http://localhost:9156/api/DispatcherService2 PUT http://localhost:9156/api/DispatcherService2 GET http://localhost:9156/api/DispatcherService2 DELETE http://localhost:9156/api/DispatcherService2 
148,ClientService10,http://localhost:9158/api/ClientService10,,false,148,PriorityQueue,ClientService,POST http://localhost:9156/api/DispatcherService2 PUT http://localhost:9156/api/DispatcherService2 GET http://localhost:9156/api/DispatcherService2 DELETE http://localhost:9156/api/DispatcherService2 
149,ExternalService4,http://localhost:9159/api/ExternalService4,POST ,false,149,PriorityQueue,ExternalService,
150,ExternalService5,http://localhost:9160/api/ExternalService5,POST ,false,150,PriorityQueue,ExternalService,
151,ExternalService6,http://localhost:9161/api/ExternalService6,POST ,false,151,PriorityQueue,ExternalService,
152,DispatcherService3,http://localhost:9162/api/DispatcherService3,POST ,false,152,PriorityQueue,DispatcherService,POST http://localhost:9165/api/ExternalService7 PUT http://localhost:9165/api/ExternalService7 GET http://localhost:9165/api/ExternalService7 DELETE http://localhost:9165/api/ExternalService7 
153,ClientService11,http://localhost:9163/api/ClientService11,,false,153,PriorityQueue,ClientService,POST http://localhost:9162/api/DispatcherService3 PUT http://localhost:9162/api/DispatcherService3 GET http://localhost:9162/api/DispatcherService3 DELETE http://localhost:9162/api/DispatcherService3 
154,ClientService12,http://localhost:9164/api/ClientService12,,false,154,PriorityQueue,ClientService,POST http://localhost:9162/api/DispatcherService3 PUT http://localhost:9162/api/DispatcherService3 GET http://localhost:9162/api/DispatcherService3 DELETE http://localhost:9162/api/DispatcherService3 
155,ExternalService7,http://localhost:9165/api/ExternalService7,POST ,false,155,PriorityQueue,ExternalService,
156,DispatcherService4,http://localhost:9166/api/DispatcherService4,POST ,false,156,PriorityQueue,DispatcherService,POST http://localhost:9171/api/ExternalService8 PUT http://localhost:9171/api/ExternalService8 GET http://localhost:9171/api/ExternalService8 DELETE http://localhost:9171/api/ExternalService8 POST http://localhost:9172/api/ExternalService9 PUT http://localhost:9172/api/ExternalService9 GET http://localhost:9172/api/ExternalService9 DELETE http://localhost:9172/api/ExternalService9 POST http://localhost:9173/api/ExternalService10 PUT http://localhost:9173/api/ExternalService10 GET http://localhost:9173/api/ExternalService10 DELETE http://localhost:9173/api/ExternalService10 
157,ClientService13,http://localhost:9167/api/ClientService13,,false,157,PriorityQueue,ClientService,POST http://localhost:9166/api/DispatcherService4 PUT http://localhost:9166/api/DispatcherService4 GET http://localhost:9166/api/DispatcherService4 DELETE http://localhost:9166/api/DispatcherService4 
158,ClientService14,http://localhost:9168/api/ClientService14,,false,158,PriorityQueue,ClientService,POST http://localhost:9166/api/DispatcherService4 PUT http://localhost:9166/api/DispatcherService4 GET http://localhost:9166/api/DispatcherService4 DELETE http://localhost:9166/api/DispatcherService4 
159,ClientService15,http://localhost:9169/api/ClientService15,,false,159,PriorityQueue,ClientService,POST http://localhost:9166/api/DispatcherService4 PUT http://localhost:9166/api/DispatcherService4 GET http://localhost:9166/api/DispatcherService4 DELETE http://localhost:9166/api/DispatcherService4 
160,ClientService16,http://localhost:9170/api/ClientService16,,false,160,PriorityQueue,ClientService,POST http://localhost:9166/api/DispatcherService4 PUT http://localhost:9166/api/DispatcherService4 GET http://localhost:9166/api/DispatcherService4 DELETE http://localhost:9166/api/DispatcherService4 
161,ExternalService8,http://localhost:9171/api/ExternalService8,POST ,false,161,PriorityQueue,ExternalService,
162,ExternalService9,http://localhost:9172/api/ExternalService9,POST ,false,162,PriorityQueue,ExternalService,
163,ExternalService10,http://localhost:9173/api/ExternalService10,POST ,false,163,PriorityQueue,ExternalService,
164,DispatcherService5,http://localhost:9174/api/DispatcherService5,POST ,false,164,PriorityQueue,DispatcherService,POST http://localhost:9178/api/ExternalService11 PUT http://localhost:9178/api/ExternalService11 GET http://localhost:9178/api/ExternalService11 DELETE http://localhost:9178/api/ExternalService11 POST http://localhost:9179/api/ExternalService12 PUT http://localhost:9179/api/ExternalService12 GET http://localhost:9179/api/ExternalService12 DELETE http://localhost:9179/api/ExternalService12 POST http://localhost:9180/api/ExternalService13 PUT http://localhost:9180/api/ExternalService13 GET http://localhost:9180/api/ExternalService13 DELETE http://localhost:9180/api/ExternalService13 
165,ClientService17,http://localhost:9175/api/ClientService17,,false,165,PriorityQueue,ClientService,POST http://localhost:9174/api/DispatcherService5 PUT http://localhost:9174/api/DispatcherService5 GET http://localhost:9174/api/DispatcherService5 DELETE http://localhost:9174/api/DispatcherService5 
166,ClientService18,http://localhost:9176/api/ClientService18,,false,166,PriorityQueue,ClientService,POST http://localhost:9174/api/DispatcherService5 PUT http://localhost:9174/api/DispatcherService5 GET http://localhost:9174/api/DispatcherService5 DELETE http://localhost:9174/api/DispatcherService5 
167,ClientService19,http://localhost:9177/api/ClientService19,,false,167,PriorityQueue,ClientService,POST http://localhost:9174/api/DispatcherService5 PUT http://localhost:9174/api/DispatcherService5 GET http://localhost:9174/api/DispatcherService5 DELETE http://localhost:9174/api/DispatcherService5 
168,ExternalService11,http://localhost:9178/api/ExternalService11,POST ,false,168,PriorityQueue,ExternalService,
169,ExternalService12,http://localhost:9179/api/ExternalService12,POST ,false,169,PriorityQueue,ExternalService,
170,ExternalService13,http://localhost:9180/api/ExternalService13,POST ,false,170,PriorityQueue,ExternalService,
171,DispatcherService6,http://localhost:9181/api/DispatcherService6,POST ,false,171,PriorityQueue,DispatcherService,POST http://localhost:9186/api/ExternalService14 PUT http://localhost:9186/api/ExternalService14 GET http://localhost:9186/api/ExternalService14 DELETE http://localhost:9186/api/ExternalService14 POST http://localhost:9187/api/ExternalService15 PUT http://localhost:9187/api/ExternalService15 GET http://localhost:9187/api/ExternalService15 DELETE http://localhost:9187/api/ExternalService15 POST http://localhost:9188/api/ExternalService16 PUT http://localhost:9188/api/ExternalService16 GET http://localhost:9188/api/ExternalService16 DELETE http://localhost:9188/api/ExternalService16 
172,ClientService20,http://localhost:9182/api/ClientService20,,false,172,PriorityQueue,ClientService,POST http://localhost:9181/api/DispatcherService6 PUT http://localhost:9181/api/DispatcherService6 GET http://localhost:9181/api/DispatcherService6 DELETE http://localhost:9181/api/DispatcherService6 
173,ClientService21,http://localhost:9183/api/ClientService21,,false,173,PriorityQueue,ClientService,POST http://localhost:9181/api/DispatcherService6 PUT http://localhost:9181/api/DispatcherService6 GET http://localhost:9181/api/DispatcherService6 DELETE http://localhost:9181/api/DispatcherService6 
174,ClientService22,http://localhost:9184/api/ClientService22,,false,174,PriorityQueue,ClientService,POST http://localhost:9181/api/DispatcherService6 PUT http://localhost:9181/api/DispatcherService6 GET http://localhost:9181/api/DispatcherService6 DELETE http://localhost:9181/api/DispatcherService6 
175,ClientService23,http://localhost:9185/api/ClientService23,,false,175,PriorityQueue,ClientService,POST http://localhost:9181/api/DispatcherService6 PUT http://localhost:9181/api/DispatcherService6 GET http://localhost:9181/api/DispatcherService6 DELETE http://localhost:9181/api/DispatcherService6 
176,ExternalService14,http://localhost:9186/api/ExternalService14,POST ,false,176,PriorityQueue,ExternalService,
177,ExternalService15,http://localhost:9187/api/ExternalService15,POST ,false,177,PriorityQueue,ExternalService,
178,ExternalService16,http://localhost:9188/api/ExternalService16,POST ,false,178,PriorityQueue,ExternalService,
179,DispatcherService7,http://localhost:9189/api/DispatcherService7,POST ,false,179,PriorityQueue,DispatcherService,POST http://localhost:9196/api/ExternalService17 PUT http://localhost:9196/api/ExternalService17 GET http://localhost:9196/api/ExternalService17 DELETE http://localhost:9196/api/ExternalService17 
180,ClientService24,http://localhost:9190/api/ClientService24,,false,180,PriorityQueue,ClientService,POST http://localhost:9189/api/DispatcherService7 PUT http://localhost:9189/api/DispatcherService7 GET http://localhost:9189/api/DispatcherService7 DELETE http://localhost:9189/api/DispatcherService7 
181,ClientService25,http://localhost:9191/api/ClientService25,,false,181,PriorityQueue,ClientService,POST http://localhost:9189/api/DispatcherService7 PUT http://localhost:9189/api/DispatcherService7 GET http://localhost:9189/api/DispatcherService7 DELETE http://localhost:9189/api/DispatcherService7 
182,ClientService26,http://localhost:9192/api/ClientService26,,false,182,PriorityQueue,ClientService,POST http://localhost:9189/api/DispatcherService7 PUT http://localhost:9189/api/DispatcherService7 GET http://localhost:9189/api/DispatcherService7 DELETE http://localhost:9189/api/DispatcherService7 
183,ClientService27,http://localhost:9193/api/ClientService27,,false,183,PriorityQueue,ClientService,POST http://localhost:9189/api/DispatcherService7 PUT http://localhost:9189/api/DispatcherService7 GET http://localhost:9189/api/DispatcherService7 DELETE http://localhost:9189/api/DispatcherService7 
184,ClientService28,http://localhost:9194/api/ClientService28,,false,184,PriorityQueue,ClientService,POST http://localhost:9189/api/DispatcherService7 PUT http://localhost:9189/api/DispatcherService7 GET http://localhost:9189/api/DispatcherService7 DELETE http://localhost:9189/api/DispatcherService7 
185,ClientService29,http://localhost:9195/api/ClientService29,,false,185,PriorityQueue,ClientService,POST http://localhost:9189/api/DispatcherService7 PUT http://localhost:9189/api/DispatcherService7 GET http://localhost:9189/api/DispatcherService7 DELETE http://localhost:9189/api/DispatcherService7 
186,ExternalService17,http://localhost:9196/api/ExternalService17,POST ,false,186,PriorityQueue,ExternalService,
187,DispatcherService8,http://localhost:9197/api/DispatcherService8,POST ,false,187,PriorityQueue,DispatcherService,POST http://localhost:9200/api/ExternalService18 PUT http://localhost:9200/api/ExternalService18 GET http://localhost:9200/api/ExternalService18 DELETE http://localhost:9200/api/ExternalService18 
188,ClientService30,http://localhost:9198/api/ClientService30,,false,188,PriorityQueue,ClientService,POST http://localhost:9197/api/DispatcherService8 PUT http://localhost:9197/api/DispatcherService8 GET http://localhost:9197/api/DispatcherService8 DELETE http://localhost:9197/api/DispatcherService8 
189,ClientService31,http://localhost:9199/api/ClientService31,,false,189,PriorityQueue,ClientService,POST http://localhost:9197/api/DispatcherService8 PUT http://localhost:9197/api/DispatcherService8 GET http://localhost:9197/api/DispatcherService8 DELETE http://localhost:9197/api/DispatcherService8 
190,ExternalService18,http://localhost:9200/api/ExternalService18,POST ,false,190,PriorityQueue,ExternalService,
191,DispatcherService9,http://localhost:9201/api/DispatcherService9,POST ,false,191,PriorityQueue,DispatcherService,POST http://localhost:9207/api/ExternalService19 PUT http://localhost:9207/api/ExternalService19 GET http://localhost:9207/api/ExternalService19 DELETE http://localhost:9207/api/ExternalService19 
192,ClientService32,http://localhost:9202/api/ClientService32,,false,192,PriorityQueue,ClientService,POST http://localhost:9201/api/DispatcherService9 PUT http://localhost:9201/api/DispatcherService9 GET http://localhost:9201/api/DispatcherService9 DELETE http://localhost:9201/api/DispatcherService9 
193,ClientService33,http://localhost:9203/api/ClientService33,,false,193,PriorityQueue,ClientService,POST http://localhost:9201/api/DispatcherService9 PUT http://localhost:9201/api/DispatcherService9 GET http://localhost:9201/api/DispatcherService9 DELETE http://localhost:9201/api/DispatcherService9 
194,ClientService34,http://localhost:9204/api/ClientService34,,false,194,PriorityQueue,ClientService,POST http://localhost:9201/api/DispatcherService9 PUT http://localhost:9201/api/DispatcherService9 GET http://localhost:9201/api/DispatcherService9 DELETE http://localhost:9201/api/DispatcherService9 
195,ClientService35,http://localhost:9205/api/ClientService35,,false,195,PriorityQueue,ClientService,POST http://localhost:9201/api/DispatcherService9 PUT http://localhost:9201/api/DispatcherService9 GET http://localhost:9201/api/DispatcherService9 DELETE http://localhost:9201/api/DispatcherService9 
196,ClientService36,http://localhost:9206/api/ClientService36,,false,196,PriorityQueue,ClientService,POST http://localhost:9201/api/DispatcherService9 PUT http://localhost:9201/api/DispatcherService9 GET http://localhost:9201/api/DispatcherService9 DELETE http://localhost:9201/api/DispatcherService9 
197,ExternalService19,http://localhost:9207/api/ExternalService19,POST ,false,197,PriorityQueue,ExternalService,
198,DispatcherService10,http://localhost:9208/api/DispatcherService10,POST ,false,198,PriorityQueue,DispatcherService,POST http://localhost:9212/api/ExternalService20 PUT http://localhost:9212/api/ExternalService20 GET http://localhost:9212/api/ExternalService20 DELETE http://localhost:9212/api/ExternalService20 POST http://localhost:9213/api/ExternalService21 PUT http://localhost:9213/api/ExternalService21 GET http://localhost:9213/api/ExternalService21 DELETE http://localhost:9213/api/ExternalService21 POST http://localhost:9214/api/ExternalService22 PUT http://localhost:9214/api/ExternalService22 GET http://localhost:9214/api/ExternalService22 DELETE http://localhost:9214/api/ExternalService22 
199,ClientService37,http://localhost:9209/api/ClientService37,,false,199,PriorityQueue,ClientService,POST http://localhost:9208/api/DispatcherService10 PUT http://localhost:9208/api/DispatcherService10 GET http://localhost:9208/api/DispatcherService10 DELETE http://localhost:9208/api/DispatcherService10 
200,ClientService38,http://localhost:9210/api/ClientService38,,false,200,PriorityQueue,ClientService,POST http://localhost:9208/api/DispatcherService10 PUT http://localhost:9208/api/DispatcherService10 GET http://localhost:9208/api/DispatcherService10 DELETE http://localhost:9208/api/DispatcherService10 
201,ClientService39,http://localhost:9211/api/ClientService39,,false,201,PriorityQueue,ClientService,POST http://localhost:9208/api/DispatcherService10 PUT http://localhost:9208/api/DispatcherService10 GET http://localhost:9208/api/DispatcherService10 DELETE http://localhost:9208/api/DispatcherService10 
202,ExternalService20,http://localhost:9212/api/ExternalService20,POST ,false,202,PriorityQueue,ExternalService,
203,ExternalService21,http://localhost:9213/api/ExternalService21,POST ,false,203,PriorityQueue,ExternalService,
204,ExternalService22,http://localhost:9214/api/ExternalService22,POST ,false,204,PriorityQueue,ExternalService,
205,DispatcherService11,http://localhost:9215/api/DispatcherService11,POST ,false,205,PriorityQueue,DispatcherService,POST http://localhost:9221/api/ExternalService23 PUT http://localhost:9221/api/ExternalService23 GET http://localhost:9221/api/ExternalService23 DELETE http://localhost:9221/api/ExternalService23 POST http://localhost:9222/api/ExternalService24 PUT http://localhost:9222/api/ExternalService24 GET http://localhost:9222/api/ExternalService24 DELETE http://localhost:9222/api/ExternalService24 
206,ClientService40,http://localhost:9216/api/ClientService40,,false,206,PriorityQueue,ClientService,POST http://localhost:9215/api/DispatcherService11 PUT http://localhost:9215/api/DispatcherService11 GET http://localhost:9215/api/DispatcherService11 DELETE http://localhost:9215/api/DispatcherService11 
207,ClientService41,http://localhost:9217/api/ClientService41,,false,207,PriorityQueue,ClientService,POST http://localhost:9215/api/DispatcherService11 PUT http://localhost:9215/api/DispatcherService11 GET http://localhost:9215/api/DispatcherService11 DELETE http://localhost:9215/api/DispatcherService11 
208,ClientService42,http://localhost:9218/api/ClientService42,,false,208,PriorityQueue,ClientService,POST http://localhost:9215/api/DispatcherService11 PUT http://localhost:9215/api/DispatcherService11 GET http://localhost:9215/api/DispatcherService11 DELETE http://localhost:9215/api/DispatcherService11 
209,ClientService43,http://localhost:9219/api/ClientService43,,false,209,PriorityQueue,ClientService,POST http://localhost:9215/api/DispatcherService11 PUT http://localhost:9215/api/DispatcherService11 GET http://localhost:9215/api/DispatcherService11 DELETE http://localhost:9215/api/DispatcherService11 
210,ClientService44,http://localhost:9220/api/ClientService44,,false,210,PriorityQueue,ClientService,POST http://localhost:9215/api/DispatcherService11 PUT http://localhost:9215/api/DispatcherService11 GET http://localhost:9215/api/DispatcherService11 DELETE http://localhost:9215/api/DispatcherService11 
211,ExternalService23,http://localhost:9221/api/ExternalService23,POST ,false,211,PriorityQueue,ExternalService,
212,ExternalService24,http://localhost:9222/api/ExternalService24,POST ,false,212,PriorityQueue,ExternalService,
213,DispatcherService12,http://localhost:9223/api/DispatcherService12,POST ,false,213,PriorityQueue,DispatcherService,POST http://localhost:9229/api/ExternalService25 PUT http://localhost:9229/api/ExternalService25 GET http://localhost:9229/api/ExternalService25 DELETE http://localhost:9229/api/ExternalService25 POST http://localhost:9230/api/ExternalService26 PUT http://localhost:9230/api/ExternalService26 GET http://localhost:9230/api/ExternalService26 DELETE http://localhost:9230/api/ExternalService26 POST http://localhost:9231/api/ExternalService27 PUT http://localhost:9231/api/ExternalService27 GET http://localhost:9231/api/ExternalService27 DELETE http://localhost:9231/api/ExternalService27 
214,ClientService45,http://localhost:9224/api/ClientService45,,false,214,PriorityQueue,ClientService,POST http://localhost:9223/api/DispatcherService12 PUT http://localhost:9223/api/DispatcherService12 GET http://localhost:9223/api/DispatcherService12 DELETE http://localhost:9223/api/DispatcherService12 
215,ClientService46,http://localhost:9225/api/ClientService46,,false,215,PriorityQueue,ClientService,POST http://localhost:9223/api/DispatcherService12 PUT http://localhost:9223/api/DispatcherService12 GET http://localhost:9223/api/DispatcherService12 DELETE http://localhost:9223/api/DispatcherService12 
216,ClientService47,http://localhost:9226/api/ClientService47,,false,216,PriorityQueue,ClientService,POST http://localhost:9223/api/DispatcherService12 PUT http://localhost:9223/api/DispatcherService12 GET http://localhost:9223/api/DispatcherService12 DELETE http://localhost:9223/api/DispatcherService12 
217,ClientService48,http://localhost:9227/api/ClientService48,,false,217,PriorityQueue,ClientService,POST http://localhost:9223/api/DispatcherService12 PUT http://localhost:9223/api/DispatcherService12 GET http://localhost:9223/api/DispatcherService12 DELETE http://localhost:9223/api/DispatcherService12 
218,ClientService49,http://localhost:9228/api/ClientService49,,false,218,PriorityQueue,ClientService,POST http://localhost:9223/api/DispatcherService12 PUT http://localhost:9223/api/DispatcherService12 GET http://localhost:9223/api/DispatcherService12 DELETE http://localhost:9223/api/DispatcherService12 
219,ExternalService25,http://localhost:9229/api/ExternalService25,POST ,false,219,PriorityQueue,ExternalService,
220,ExternalService26,http://localhost:9230/api/ExternalService26,POST ,false,220,PriorityQueue,ExternalService,
221,ExternalService27,http://localhost:9231/api/ExternalService27,POST ,false,221,PriorityQueue,ExternalService,
222,DispatcherService13,http://localhost:9232/api/DispatcherService13,POST ,false,222,PriorityQueue,DispatcherService,POST http://localhost:9239/api/ExternalService28 PUT http://localhost:9239/api/ExternalService28 GET http://localhost:9239/api/ExternalService28 DELETE http://localhost:9239/api/ExternalService28 POST http://localhost:9240/api/ExternalService29 PUT http://localhost:9240/api/ExternalService29 GET http://localhost:9240/api/ExternalService29 DELETE http://localhost:9240/api/ExternalService29 
223,ClientService50,http://localhost:9233/api/ClientService50,,false,223,PriorityQueue,ClientService,POST http://localhost:9232/api/DispatcherService13 PUT http://localhost:9232/api/DispatcherService13 GET http://localhost:9232/api/DispatcherService13 DELETE http://localhost:9232/api/DispatcherService13 
224,ClientService51,http://localhost:9234/api/ClientService51,,false,224,PriorityQueue,ClientService,POST http://localhost:9232/api/DispatcherService13 PUT http://localhost:9232/api/DispatcherService13 GET http://localhost:9232/api/DispatcherService13 DELETE http://localhost:9232/api/DispatcherService13 
225,ClientService52,http://localhost:9235/api/ClientService52,,false,225,PriorityQueue,ClientService,POST http://localhost:9232/api/DispatcherService13 PUT http://localhost:9232/api/DispatcherService13 GET http://localhost:9232/api/DispatcherService13 DELETE http://localhost:9232/api/DispatcherService13 
226,ClientService53,http://localhost:9236/api/ClientService53,,false,226,PriorityQueue,ClientService,POST http://localhost:9232/api/DispatcherService13 PUT http://localhost:9232/api/DispatcherService13 GET http://localhost:9232/api/DispatcherService13 DELETE http://localhost:9232/api/DispatcherService13 
227,ClientService54,http://localhost:9237/api/ClientService54,,false,227,PriorityQueue,ClientService,POST http://localhost:9232/api/DispatcherService13 PUT http://localhost:9232/api/DispatcherService13 GET http://localhost:9232/api/DispatcherService13 DELETE http://localhost:9232/api/DispatcherService13 
228,ClientService55,http://localhost:9238/api/ClientService55,,false,228,PriorityQueue,ClientService,POST http://localhost:9232/api/DispatcherService13 PUT http://localhost:9232/api/DispatcherService13 GET http://localhost:9232/api/DispatcherService13 DELETE http://localhost:9232/api/DispatcherService13 
229,ExternalService28,http://localhost:9239/api/ExternalService28,POST ,false,229,PriorityQueue,ExternalService,
230,ExternalService29,http://localhost:9240/api/ExternalService29,POST ,false,230,PriorityQueue,ExternalService,
231,DispatcherService14,http://localhost:9241/api/DispatcherService14,POST ,false,231,PriorityQueue,DispatcherService,POST http://localhost:9246/api/ExternalService30 PUT http://localhost:9246/api/ExternalService30 GET http://localhost:9246/api/ExternalService30 DELETE http://localhost:9246/api/ExternalService30 POST http://localhost:9247/api/ExternalService31 PUT http://localhost:9247/api/ExternalService31 GET http://localhost:9247/api/ExternalService31 DELETE http://localhost:9247/api/ExternalService31 
232,ClientService56,http://localhost:9242/api/ClientService56,,false,232,PriorityQueue,ClientService,POST http://localhost:9241/api/DispatcherService14 PUT http://localhost:9241/api/DispatcherService14 GET http://localhost:9241/api/DispatcherService14 DELETE http://localhost:9241/api/DispatcherService14 
233,ClientService57,http://localhost:9243/api/ClientService57,,false,233,PriorityQueue,ClientService,POST http://localhost:9241/api/DispatcherService14 PUT http://localhost:9241/api/DispatcherService14 GET http://localhost:9241/api/DispatcherService14 DELETE http://localhost:9241/api/DispatcherService14 
234,ClientService58,http://localhost:9244/api/ClientService58,,false,234,PriorityQueue,ClientService,POST http://localhost:9241/api/DispatcherService14 PUT http://localhost:9241/api/DispatcherService14 GET http://localhost:9241/api/DispatcherService14 DELETE http://localhost:9241/api/DispatcherService14 
235,ClientService59,http://localhost:9245/api/ClientService59,,false,235,PriorityQueue,ClientService,POST http://localhost:9241/api/DispatcherService14 PUT http://localhost:9241/api/DispatcherService14 GET http://localhost:9241/api/DispatcherService14 DELETE http://localhost:9241/api/DispatcherService14 
236,ExternalService30,http://localhost:9246/api/ExternalService30,POST ,false,236,PriorityQueue,ExternalService,
237,ExternalService31,http://localhost:9247/api/ExternalService31,POST ,false,237,PriorityQueue,ExternalService,
238,DispatcherService15,http://localhost:9248/api/DispatcherService15,POST ,false,238,PriorityQueue,DispatcherService,POST http://localhost:9254/api/ExternalService32 PUT http://localhost:9254/api/ExternalService32 GET http://localhost:9254/api/ExternalService32 DELETE http://localhost:9254/api/ExternalService32 
239,ClientService60,http://localhost:9249/api/ClientService60,,false,239,PriorityQueue,ClientService,POST http://localhost:9248/api/DispatcherService15 PUT http://localhost:9248/api/DispatcherService15 GET http://localhost:9248/api/DispatcherService15 DELETE http://localhost:9248/api/DispatcherService15 
240,ClientService61,http://localhost:9250/api/ClientService61,,false,240,PriorityQueue,ClientService,POST http://localhost:9248/api/DispatcherService15 PUT http://localhost:9248/api/DispatcherService15 GET http://localhost:9248/api/DispatcherService15 DELETE http://localhost:9248/api/DispatcherService15 
241,ClientService62,http://localhost:9251/api/ClientService62,,false,241,PriorityQueue,ClientService,POST http://localhost:9248/api/DispatcherService15 PUT http://localhost:9248/api/DispatcherService15 GET http://localhost:9248/api/DispatcherService15 DELETE http://localhost:9248/api/DispatcherService15 
242,ClientService63,http://localhost:9252/api/ClientService63,,false,242,PriorityQueue,ClientService,POST http://localhost:9248/api/DispatcherService15 PUT http://localhost:9248/api/DispatcherService15 GET http://localhost:9248/api/DispatcherService15 DELETE http://localhost:9248/api/DispatcherService15 
243,ClientService64,http://localhost:9253/api/ClientService64,,false,243,PriorityQueue,ClientService,POST http://localhost:9248/api/DispatcherService15 PUT http://localhost:9248/api/DispatcherService15 GET http://localhost:9248/api/DispatcherService15 DELETE http://localhost:9248/api/DispatcherService15 
244,ExternalService32,http://localhost:9254/api/ExternalService32,POST ,false,244,PriorityQueue,ExternalService,
245,DispatcherService16,http://localhost:9255/api/DispatcherService16,POST ,false,245,PriorityQueue,DispatcherService,POST http://localhost:9262/api/ExternalService33 PUT http://localhost:9262/api/ExternalService33 GET http://localhost:9262/api/ExternalService33 DELETE http://localhost:9262/api/ExternalService33 
246,ClientService65,http://localhost:9256/api/ClientService65,,false,246,PriorityQueue,ClientService,POST http://localhost:9255/api/DispatcherService16 PUT http://localhost:9255/api/DispatcherService16 GET http://localhost:9255/api/DispatcherService16 DELETE http://localhost:9255/api/DispatcherService16 
247,ClientService66,http://localhost:9257/api/ClientService66,,false,247,PriorityQueue,ClientService,POST http://localhost:9255/api/DispatcherService16 PUT http://localhost:9255/api/DispatcherService16 GET http://localhost:9255/api/DispatcherService16 DELETE http://localhost:9255/api/DispatcherService16 
248,ClientService67,http://localhost:9258/api/ClientService67,,false,248,PriorityQueue,ClientService,POST http://localhost:9255/api/DispatcherService16 PUT http://localhost:9255/api/DispatcherService16 GET http://localhost:9255/api/DispatcherService16 DELETE http://localhost:9255/api/DispatcherService16 
249,ClientService68,http://localhost:9259/api/ClientService68,,false,249,PriorityQueue,ClientService,POST http://localhost:9255/api/DispatcherService16 PUT http://localhost:9255/api/DispatcherService16 GET http://localhost:9255/api/DispatcherService16 DELETE http://localhost:9255/api/DispatcherService16 
250,ClientService69,http://localhost:9260/api/ClientService69,,false,250,PriorityQueue,ClientService,POST http://localhost:9255/api/DispatcherService16 PUT http://localhost:9255/api/DispatcherService16 GET http://localhost:9255/api/DispatcherService16 DELETE http://localhost:9255/api/DispatcherService16 
251,ClientService70,http://localhost:9261/api/ClientService70,,false,251,PriorityQueue,ClientService,POST http://localhost:9255/api/DispatcherService16 PUT http://localhost:9255/api/DispatcherService16 GET http://localhost:9255/api/DispatcherService16 DELETE http://localhost:9255/api/DispatcherService16 
252,ExternalService33,http://localhost:9262/api/ExternalService33,POST ,false,252,PriorityQueue,ExternalService,
253,DispatcherService17,http://localhost:9263/api/DispatcherService17,POST ,false,253,PriorityQueue,DispatcherService,POST http://localhost:9269/api/ExternalService34 PUT http://localhost:9269/api/ExternalService34 GET http://localhost:9269/api/ExternalService34 DELETE http://localhost:9269/api/ExternalService34 POST http://localhost:9270/api/ExternalService35 PUT http://localhost:9270/api/ExternalService35 GET http://localhost:9270/api/ExternalService35 DELETE http://localhost:9270/api/ExternalService35 
254,ClientService71,http://localhost:9264/api/ClientService71,,false,254,PriorityQueue,ClientService,POST http://localhost:9263/api/DispatcherService17 PUT http://localhost:9263/api/DispatcherService17 GET http://localhost:9263/api/DispatcherService17 DELETE http://localhost:9263/api/DispatcherService17 
255,ClientService72,http://localhost:9265/api/ClientService72,,false,255,PriorityQueue,ClientService,POST http://localhost:9263/api/DispatcherService17 PUT http://localhost:9263/api/DispatcherService17 GET http://localhost:9263/api/DispatcherService17 DELETE http://localhost:9263/api/DispatcherService17 
256,ClientService73,http://localhost:9266/api/ClientService73,,false,256,PriorityQueue,ClientService,POST http://localhost:9263/api/DispatcherService17 PUT http://localhost:9263/api/DispatcherService17 GET http://localhost:9263/api/DispatcherService17 DELETE http://localhost:9263/api/DispatcherService17 
257,ClientService74,http://localhost:9267/api/ClientService74,,false,257,PriorityQueue,ClientService,POST http://localhost:9263/api/DispatcherService17 PUT http://localhost:9263/api/DispatcherService17 GET http://localhost:9263/api/DispatcherService17 DELETE http://localhost:9263/api/DispatcherService17 
258,ClientService75,http://localhost:9268/api/ClientService75,,false,258,PriorityQueue,ClientService,POST http://localhost:9263/api/DispatcherService17 PUT http://localhost:9263/api/DispatcherService17 GET http://localhost:9263/api/DispatcherService17 DELETE http://localhost:9263/api/DispatcherService17 
259,ExternalService34,http://localhost:9269/api/ExternalService34,POST ,false,259,PriorityQueue,ExternalService,
260,ExternalService35,http://localhost:9270/api/ExternalService35,POST ,false,260,PriorityQueue,ExternalService,
261,DispatcherService18,http://localhost:9271/api/DispatcherService18,POST ,false,261,PriorityQueue,DispatcherService,POST http://localhost:9276/api/ExternalService36 PUT http://localhost:9276/api/ExternalService36 GET http://localhost:9276/api/ExternalService36 DELETE http://localhost:9276/api/ExternalService36 
262,ClientService76,http://localhost:9272/api/ClientService76,,false,262,PriorityQueue,ClientService,POST http://localhost:9271/api/DispatcherService18 PUT http://localhost:9271/api/DispatcherService18 GET http://localhost:9271/api/DispatcherService18 DELETE http://localhost:9271/api/DispatcherService18 
263,ClientService77,http://localhost:9273/api/ClientService77,,false,263,PriorityQueue,ClientService,POST http://localhost:9271/api/DispatcherService18 PUT http://localhost:9271/api/DispatcherService18 GET http://localhost:9271/api/DispatcherService18 DELETE http://localhost:9271/api/DispatcherService18 
264,ClientService78,http://localhost:9274/api/ClientService78,,false,264,PriorityQueue,ClientService,POST http://localhost:9271/api/DispatcherService18 PUT http://localhost:9271/api/DispatcherService18 GET http://localhost:9271/api/DispatcherService18 DELETE http://localhost:9271/api/DispatcherService18 
265,ClientService79,http://localhost:9275/api/ClientService79,,false,265,PriorityQueue,ClientService,POST http://localhost:9271/api/DispatcherService18 PUT http://localhost:9271/api/DispatcherService18 GET http://localhost:9271/api/DispatcherService18 DELETE http://localhost:9271/api/DispatcherService18 
266,ExternalService36,http://localhost:9276/api/ExternalService36,POST ,false,266,PriorityQueue,ExternalService,
267,DispatcherService19,http://localhost:9277/api/DispatcherService19,POST ,false,267,PriorityQueue,DispatcherService,POST http://localhost:9284/api/ExternalService37 PUT http://localhost:9284/api/ExternalService37 GET http://localhost:9284/api/ExternalService37 DELETE http://localhost:9284/api/ExternalService37 POST http://localhost:9285/api/ExternalService38 PUT http://localhost:9285/api/ExternalService38 GET http://localhost:9285/api/ExternalService38 DELETE http://localhost:9285/api/ExternalService38 
268,ClientService80,http://localhost:9278/api/ClientService80,,false,268,PriorityQueue,ClientService,POST http://localhost:9277/api/DispatcherService19 PUT http://localhost:9277/api/DispatcherService19 GET http://localhost:9277/api/DispatcherService19 DELETE http://localhost:9277/api/DispatcherService19 
269,ClientService81,http://localhost:9279/api/ClientService81,,false,269,PriorityQueue,ClientService,POST http://localhost:9277/api/DispatcherService19 PUT http://localhost:9277/api/DispatcherService19 GET http://localhost:9277/api/DispatcherService19 DELETE http://localhost:9277/api/DispatcherService19 
270,ClientService82,http://localhost:9280/api/ClientService82,,false,270,PriorityQueue,ClientService,POST http://localhost:9277/api/DispatcherService19 PUT http://localhost:9277/api/DispatcherService19 GET http://localhost:9277/api/DispatcherService19 DELETE http://localhost:9277/api/DispatcherService19 
271,ClientService83,http://localhost:9281/api/ClientService83,,false,271,PriorityQueue,ClientService,POST http://localhost:9277/api/DispatcherService19 PUT http://localhost:9277/api/DispatcherService19 GET http://localhost:9277/api/DispatcherService19 DELETE http://localhost:9277/api/DispatcherService19 
272,ClientService84,http://localhost:9282/api/ClientService84,,false,272,PriorityQueue,ClientService,POST http://localhost:9277/api/DispatcherService19 PUT http://localhost:9277/api/DispatcherService19 GET http://localhost:9277/api/DispatcherService19 DELETE http://localhost:9277/api/DispatcherService19 
273,ClientService85,http://localhost:9283/api/ClientService85,,false,273,PriorityQueue,ClientService,POST http://localhost:9277/api/DispatcherService19 PUT http://localhost:9277/api/DispatcherService19 GET http://localhost:9277/api/DispatcherService19 DELETE http://localhost:9277/api/DispatcherService19 
274,ExternalService37,http://localhost:9284/api/ExternalService37,POST ,false,274,PriorityQueue,ExternalService,
275,ExternalService38,http://localhost:9285/api/ExternalService38,POST ,false,275,PriorityQueue,ExternalService,
276,DispatcherService20,http://localhost:9286/api/DispatcherService20,POST ,false,276,PriorityQueue,DispatcherService,POST http://localhost:9293/api/ExternalService39 PUT http://localhost:9293/api/ExternalService39 GET http://localhost:9293/api/ExternalService39 DELETE http://localhost:9293/api/ExternalService39 
277,ClientService86,http://localhost:9287/api/ClientService86,,false,277,PriorityQueue,ClientService,POST http://localhost:9286/api/DispatcherService20 PUT http://localhost:9286/api/DispatcherService20 GET http://localhost:9286/api/DispatcherService20 DELETE http://localhost:9286/api/DispatcherService20 
278,ClientService87,http://localhost:9288/api/ClientService87,,false,278,PriorityQueue,ClientService,POST http://localhost:9286/api/DispatcherService20 PUT http://localhost:9286/api/DispatcherService20 GET http://localhost:9286/api/DispatcherService20 DELETE http://localhost:9286/api/DispatcherService20 
279,ClientService88,http://localhost:9289/api/ClientService88,,false,279,PriorityQueue,ClientService,POST http://localhost:9286/api/DispatcherService20 PUT http://localhost:9286/api/DispatcherService20 GET http://localhost:9286/api/DispatcherService20 DELETE http://localhost:9286/api/DispatcherService20 
280,ClientService89,http://localhost:9290/api/ClientService89,,false,280,PriorityQueue,ClientService,POST http://localhost:9286/api/DispatcherService20 PUT http://localhost:9286/api/DispatcherService20 GET http://localhost:9286/api/DispatcherService20 DELETE http://localhost:9286/api/DispatcherService20 
281,ClientService90,http://localhost:9291/api/ClientService90,,false,281,PriorityQueue,ClientService,POST http://localhost:9286/api/DispatcherService20 PUT http://localhost:9286/api/DispatcherService20 GET http://localhost:9286/api/DispatcherService20 DELETE http://localhost:9286/api/DispatcherService20 
282,ClientService91,http://localhost:9292/api/ClientService91,,false,282,PriorityQueue,ClientService,POST http://localhost:9286/api/DispatcherService20 PUT http://localhost:9286/api/DispatcherService20 GET http://localhost:9286/api/DispatcherService20 DELETE http://localhost:9286/api/DispatcherService20 
283,ExternalService39,http://localhost:9293/api/ExternalService39,POST ,false,283,PriorityQueue,ExternalService,
284,DispatcherService21,http://localhost:9294/api/DispatcherService21,POST ,false,284,PriorityQueue,DispatcherService,POST http://localhost:9301/api/ExternalService40 PUT http://localhost:9301/api/ExternalService40 GET http://localhost:9301/api/ExternalService40 DELETE http://localhost:9301/api/ExternalService40 POST http://localhost:9302/api/ExternalService41 PUT http://localhost:9302/api/ExternalService41 GET http://localhost:9302/api/ExternalService41 DELETE http://localhost:9302/api/ExternalService41 
285,ClientService92,http://localhost:9295/api/ClientService92,,false,285,PriorityQueue,ClientService,POST http://localhost:9294/api/DispatcherService21 PUT http://localhost:9294/api/DispatcherService21 GET http://localhost:9294/api/DispatcherService21 DELETE http://localhost:9294/api/DispatcherService21 
286,ClientService93,http://localhost:9296/api/ClientService93,,false,286,PriorityQueue,ClientService,POST http://localhost:9294/api/DispatcherService21 PUT http://localhost:9294/api/DispatcherService21 GET http://localhost:9294/api/DispatcherService21 DELETE http://localhost:9294/api/DispatcherService21 
287,ClientService94,http://localhost:9297/api/ClientService94,,false,287,PriorityQueue,ClientService,POST http://localhost:9294/api/DispatcherService21 PUT http://localhost:9294/api/DispatcherService21 GET http://localhost:9294/api/DispatcherService21 DELETE http://localhost:9294/api/DispatcherService21 
288,ClientService95,http://localhost:9298/api/ClientService95,,false,288,PriorityQueue,ClientService,POST http://localhost:9294/api/DispatcherService21 PUT http://localhost:9294/api/DispatcherService21 GET http://localhost:9294/api/DispatcherService21 DELETE http://localhost:9294/api/DispatcherService21 
289,ClientService96,http://localhost:9299/api/ClientService96,,false,289,PriorityQueue,ClientService,POST http://localhost:9294/api/DispatcherService21 PUT http://localhost:9294/api/DispatcherService21 GET http://localhost:9294/api/DispatcherService21 DELETE http://localhost:9294/api/DispatcherService21 
290,ClientService97,http://localhost:9300/api/ClientService97,,false,290,PriorityQueue,ClientService,POST http://localhost:9294/api/DispatcherService21 PUT http://localhost:9294/api/DispatcherService21 GET http://localhost:9294/api/DispatcherService21 DELETE http://localhost:9294/api/DispatcherService21 
291,ExternalService40,http://localhost:9301/api/ExternalService40,POST ,false,291,PriorityQueue,ExternalService,
292,ExternalService41,http://localhost:9302/api/ExternalService41,POST ,false,292,PriorityQueue,ExternalService,
293,DispatcherService22,http://localhost:9303/api/DispatcherService22,POST ,false,293,PriorityQueue,DispatcherService,POST http://localhost:9306/api/ExternalService42 PUT http://localhost:9306/api/ExternalService42 GET http://localhost:9306/api/ExternalService42 DELETE http://localhost:9306/api/ExternalService42 POST http://localhost:9307/api/ExternalService43 PUT http://localhost:9307/api/ExternalService43 GET http://localhost:9307/api/ExternalService43 DELETE http://localhost:9307/api/ExternalService43 
294,ClientService98,http://localhost:9304/api/ClientService98,,false,294,PriorityQueue,ClientService,POST http://localhost:9303/api/DispatcherService22 PUT http://localhost:9303/api/DispatcherService22 GET http://localhost:9303/api/DispatcherService22 DELETE http://localhost:9303/api/DispatcherService22 
295,ClientService99,http://localhost:9305/api/ClientService99,,false,295,PriorityQueue,ClientService,POST http://localhost:9303/api/DispatcherService22 PUT http://localhost:9303/api/DispatcherService22 GET http://localhost:9303/api/DispatcherService22 DELETE http://localhost:9303/api/DispatcherService22 
296,ExternalService42,http://localhost:9306/api/ExternalService42,POST ,false,296,PriorityQueue,ExternalService,
297,ExternalService43,http://localhost:9307/api/ExternalService43,POST ,false,297,PriorityQueue,ExternalService,
298,DispatcherService23,http://localhost:9308/api/DispatcherService23,POST ,false,298,PriorityQueue,DispatcherService,POST http://localhost:9314/api/ExternalService44 PUT http://localhost:9314/api/ExternalService44 GET http://localhost:9314/api/ExternalService44 DELETE http://localhost:9314/api/ExternalService44 POST http://localhost:9315/api/ExternalService45 PUT http://localhost:9315/api/ExternalService45 GET http://localhost:9315/api/ExternalService45 DELETE http://localhost:9315/api/ExternalService45 POST http://localhost:9316/api/ExternalService46 PUT http://localhost:9316/api/ExternalService46 GET http://localhost:9316/api/ExternalService46 DELETE http://localhost:9316/api/ExternalService46 
299,ClientService100,http://localhost:9309/api/ClientService100,,false,299,PriorityQueue,ClientService,POST http://localhost:9308/api/DispatcherService23 PUT http://localhost:9308/api/DispatcherService23 GET http://localhost:9308/api/DispatcherService23 DELETE http://localhost:9308/api/DispatcherService23 
300,ClientService101,http://localhost:9310/api/ClientService101,,false,300,PriorityQueue,ClientService,POST http://localhost:9308/api/DispatcherService23 PUT http://localhost:9308/api/DispatcherService23 GET http://localhost:9308/api/DispatcherService23 DELETE http://localhost:9308/api/DispatcherService23 
301,ClientService102,http://localhost:9311/api/ClientService102,,false,301,PriorityQueue,ClientService,POST http://localhost:9308/api/DispatcherService23 PUT http://localhost:9308/api/DispatcherService23 GET http://localhost:9308/api/DispatcherService23 DELETE http://localhost:9308/api/DispatcherService23 
302,ClientService103,http://localhost:9312/api/ClientService103,,false,302,PriorityQueue,ClientService,POST http://localhost:9308/api/DispatcherService23 PUT http://localhost:9308/api/DispatcherService23 GET http://localhost:9308/api/DispatcherService23 DELETE http://localhost:9308/api/DispatcherService23 
303,ClientService104,http://localhost:9313/api/ClientService104,,false,303,PriorityQueue,ClientService,POST http://localhost:9308/api/DispatcherService23 PUT http://localhost:9308/api/DispatcherService23 GET http://localhost:9308/api/DispatcherService23 DELETE http://localhost:9308/api/DispatcherService23 
304,ExternalService44,http://localhost:9314/api/ExternalService44,POST ,false,304,PriorityQueue,ExternalService,
305,ExternalService45,http://localhost:9315/api/ExternalService45,POST ,false,305,PriorityQueue,ExternalService,
306,ExternalService46,http://localhost:9316/api/ExternalService46,POST ,false,306,PriorityQueue,ExternalService,
307,DispatcherService24,http://localhost:9317/api/DispatcherService24,POST ,false,307,PriorityQueue,DispatcherService,POST http://localhost:9324/api/ExternalService47 PUT http://localhost:9324/api/ExternalService47 GET http://localhost:9324/api/ExternalService47 DELETE http://localhost:9324/api/ExternalService47 POST http://localhost:9325/api/ExternalService48 PUT http://localhost:9325/api/ExternalService48 GET http://localhost:9325/api/ExternalService48 DELETE http://localhost:9325/api/ExternalService48 
308,ClientService105,http://localhost:9318/api/ClientService105,,false,308,PriorityQueue,ClientService,POST http://localhost:9317/api/DispatcherService24 PUT http://localhost:9317/api/DispatcherService24 GET http://localhost:9317/api/DispatcherService24 DELETE http://localhost:9317/api/DispatcherService24 
309,ClientService106,http://localhost:9319/api/ClientService106,,false,309,PriorityQueue,ClientService,POST http://localhost:9317/api/DispatcherService24 PUT http://localhost:9317/api/DispatcherService24 GET http://localhost:9317/api/DispatcherService24 DELETE http://localhost:9317/api/DispatcherService24 
310,ClientService107,http://localhost:9320/api/ClientService107,,false,310,PriorityQueue,ClientService,POST http://localhost:9317/api/DispatcherService24 PUT http://localhost:9317/api/DispatcherService24 GET http://localhost:9317/api/DispatcherService24 DELETE http://localhost:9317/api/DispatcherService24 
311,ClientService108,http://localhost:9321/api/ClientService108,,false,311,PriorityQueue,ClientService,POST http://localhost:9317/api/DispatcherService24 PUT http://localhost:9317/api/DispatcherService24 GET http://localhost:9317/api/DispatcherService24 DELETE http://localhost:9317/api/DispatcherService24 
312,ClientService109,http://localhost:9322/api/ClientService109,,false,312,PriorityQueue,ClientService,POST http://localhost:9317/api/DispatcherService24 PUT http://localhost:9317/api/DispatcherService24 GET http://localhost:9317/api/DispatcherService24 DELETE http://localhost:9317/api/DispatcherService24 
313,ClientService110,http://localhost:9323/api/ClientService110,,false,313,PriorityQueue,ClientService,POST http://localhost:9317/api/DispatcherService24 PUT http://localhost:9317/api/DispatcherService24 GET http://localhost:9317/api/DispatcherService24 DELETE http://localhost:9317/api/DispatcherService24 
314,ExternalService47,http://localhost:9324/api/ExternalService47,POST ,false,314,PriorityQueue,ExternalService,
315,ExternalService48,http://localhost:9325/api/ExternalService48,POST ,false,315,PriorityQueue,ExternalService,
316,Cache0,http://localhost:9326/api/Cache0,POST GET PUT DELETE ,false,316,CacheASide,Cache,
317,Client0,http://localhost:9327/api/Client0,,false,317,CacheASide,Client,POST http://localhost:9326/api/Cache0 GET http://localhost:9326/api/Cache0 PUT http://localhost:9326/api/Cache0 DELETE http://localhost:9326/api/Cache0 
318,Client1,http://localhost:9328/api/Client1,,false,318,CacheASide,Client,POST http://localhost:9326/api/Cache0 GET http://localhost:9326/api/Cache0 PUT http://localhost:9326/api/Cache0 DELETE http://localhost:9326/api/Cache0 
319,Client2,http://localhost:9329/api/Client2,,false,319,CacheASide,Client,POST http://localhost:9326/api/Cache0 GET http://localhost:9326/api/Cache0 PUT http://localhost:9326/api/Cache0 DELETE http://localhost:9326/api/Cache0 
320,Client3,http://localhost:9330/api/Client3,,false,320,CacheASide,Client,POST http://localhost:9326/api/Cache0 GET http://localhost:9326/api/Cache0 PUT http://localhost:9326/api/Cache0 DELETE http://localhost:9326/api/Cache0 
321,Client4,http://localhost:9331/api/Client4,,false,321,CacheASide,Client,POST http://localhost:9326/api/Cache0 GET http://localhost:9326/api/Cache0 PUT http://localhost:9326/api/Cache0 DELETE http://localhost:9326/api/Cache0 
322,Cache1,http://localhost:9332/api/Cache1,POST GET PUT DELETE ,false,322,CacheASide,Cache,
323,Client5,http://localhost:9333/api/Client5,,false,323,CacheASide,Client,POST http://localhost:9332/api/Cache1 GET http://localhost:9332/api/Cache1 PUT http://localhost:9332/api/Cache1 DELETE http://localhost:9332/api/Cache1 
324,Client6,http://localhost:9334/api/Client6,,false,324,CacheASide,Client,POST http://localhost:9332/api/Cache1 GET http://localhost:9332/api/Cache1 PUT http://localhost:9332/api/Cache1 DELETE http://localhost:9332/api/Cache1 
325,Client7,http://localhost:9335/api/Client7,,false,325,CacheASide,Client,POST http://localhost:9332/api/Cache1 GET http://localhost:9332/api/Cache1 PUT http://localhost:9332/api/Cache1 DELETE http://localhost:9332/api/Cache1 
326,Client8,http://localhost:9336/api/Client8,,false,326,CacheASide,Client,POST http://localhost:9332/api/Cache1 GET http://localhost:9332/api/Cache1 PUT http://localhost:9332/api/Cache1 DELETE http://localhost:9332/api/Cache1 
327,Cache2,http://localhost:9337/api/Cache2,POST GET PUT DELETE ,false,327,CacheASide,Cache,
328,Client9,http://localhost:9338/api/Client9,,false,328,CacheASide,Client,POST http://localhost:9337/api/Cache2 GET http://localhost:9337/api/Cache2 PUT http://localhost:9337/api/Cache2 DELETE http://localhost:9337/api/Cache2 
329,Client10,http://localhost:9339/api/Client10,,false,329,CacheASide,Client,POST http://localhost:9337/api/Cache2 GET http://localhost:9337/api/Cache2 PUT http://localhost:9337/api/Cache2 DELETE http://localhost:9337/api/Cache2 
330,Client11,http://localhost:9340/api/Client11,,false,330,CacheASide,Client,POST http://localhost:9337/api/Cache2 GET http://localhost:9337/api/Cache2 PUT http://localhost:9337/api/Cache2 DELETE http://localhost:9337/api/Cache2 
331,Cache3,http://localhost:9341/api/Cache3,POST GET PUT DELETE ,false,331,CacheASide,Cache,
332,Client12,http://localhost:9342/api/Client12,,false,332,CacheASide,Client,POST http://localhost:9341/api/Cache3 GET http://localhost:9341/api/Cache3 PUT http://localhost:9341/api/Cache3 DELETE http://localhost:9341/api/Cache3 
333,Cache4,http://localhost:9343/api/Cache4,POST GET PUT DELETE ,false,333,CacheASide,Cache,
334,Client13,http://localhost:9344/api/Client13,,false,334,CacheASide,Client,POST http://localhost:9343/api/Cache4 GET http://localhost:9343/api/Cache4 PUT http://localhost:9343/api/Cache4 DELETE http://localhost:9343/api/Cache4 
335,Client14,http://localhost:9345/api/Client14,,false,335,CacheASide,Client,POST http://localhost:9343/api/Cache4 GET http://localhost:9343/api/Cache4 PUT http://localhost:9343/api/Cache4 DELETE http://localhost:9343/api/Cache4 
336,Client15,http://localhost:9346/api/Client15,,false,336,CacheASide,Client,POST http://localhost:9343/api/Cache4 GET http://localhost:9343/api/Cache4 PUT http://localhost:9343/api/Cache4 DELETE http://localhost:9343/api/Cache4 
337,Cache5,http://localhost:9347/api/Cache5,POST GET PUT DELETE ,false,337,CacheASide,Cache,
338,Client16,http://localhost:9348/api/Client16,,false,338,CacheASide,Client,POST http://localhost:9347/api/Cache5 GET http://localhost:9347/api/Cache5 PUT http://localhost:9347/api/Cache5 DELETE http://localhost:9347/api/Cache5 
339,Cache6,http://localhost:9349/api/Cache6,POST GET PUT DELETE ,false,339,CacheASide,Cache,
340,Client17,http://localhost:9350/api/Client17,,false,340,CacheASide,Client,POST http://localhost:9349/api/Cache6 GET http://localhost:9349/api/Cache6 PUT http://localhost:9349/api/Cache6 DELETE http://localhost:9349/api/Cache6 
341,Client18,http://localhost:9351/api/Client18,,false,341,CacheASide,Client,POST http://localhost:9349/api/Cache6 GET http://localhost:9349/api/Cache6 PUT http://localhost:9349/api/Cache6 DELETE http://localhost:9349/api/Cache6 
342,Cache7,http://localhost:9352/api/Cache7,POST GET PUT DELETE ,false,342,CacheASide,Cache,
343,Client19,http://localhost:9353/api/Client19,,false,343,CacheASide,Client,POST http://localhost:9352/api/Cache7 GET http://localhost:9352/api/Cache7 PUT http://localhost:9352/api/Cache7 DELETE http://localhost:9352/api/Cache7 
344,Client20,http://localhost:9354/api/Client20,,false,344,CacheASide,Client,POST http://localhost:9352/api/Cache7 GET http://localhost:9352/api/Cache7 PUT http://localhost:9352/api/Cache7 DELETE http://localhost:9352/api/Cache7 
345,Cache8,http://localhost:9355/api/Cache8,POST GET PUT DELETE ,false,345,CacheASide,Cache,
346,Client21,http://localhost:9356/api/Client21,,false,346,CacheASide,Client,POST http://localhost:9355/api/Cache8 GET http://localhost:9355/api/Cache8 PUT http://localhost:9355/api/Cache8 DELETE http://localhost:9355/api/Cache8 
347,Client22,http://localhost:9357/api/Client22,,false,347,CacheASide,Client,POST http://localhost:9355/api/Cache8 GET http://localhost:9355/api/Cache8 PUT http://localhost:9355/api/Cache8 DELETE http://localhost:9355/api/Cache8 
348,Client23,http://localhost:9358/api/Client23,,false,348,CacheASide,Client,POST http://localhost:9355/api/Cache8 GET http://localhost:9355/api/Cache8 PUT http://localhost:9355/api/Cache8 DELETE http://localhost:9355/api/Cache8 
349,Client24,http://localhost:9359/api/Client24,,false,349,CacheASide,Client,POST http://localhost:9355/api/Cache8 GET http://localhost:9355/api/Cache8 PUT http://localhost:9355/api/Cache8 DELETE http://localhost:9355/api/Cache8 
350,Cache9,http://localhost:9360/api/Cache9,POST GET PUT DELETE ,false,350,CacheASide,Cache,
351,Client25,http://localhost:9361/api/Client25,,false,351,CacheASide,Client,POST http://localhost:9360/api/Cache9 GET http://localhost:9360/api/Cache9 PUT http://localhost:9360/api/Cache9 DELETE http://localhost:9360/api/Cache9 
352,Client26,http://localhost:9362/api/Client26,,false,352,CacheASide,Client,POST http://localhost:9360/api/Cache9 GET http://localhost:9360/api/Cache9 PUT http://localhost:9360/api/Cache9 DELETE http://localhost:9360/api/Cache9 
353,Client27,http://localhost:9363/api/Client27,,false,353,CacheASide,Client,POST http://localhost:9360/api/Cache9 GET http://localhost:9360/api/Cache9 PUT http://localhost:9360/api/Cache9 DELETE http://localhost:9360/api/Cache9 
354,Client28,http://localhost:9364/api/Client28,,false,354,CacheASide,Client,POST http://localhost:9360/api/Cache9 GET http://localhost:9360/api/Cache9 PUT http://localhost:9360/api/Cache9 DELETE http://localhost:9360/api/Cache9 
355,Cache10,http://localhost:9365/api/Cache10,POST GET PUT DELETE ,false,355,CacheASide,Cache,
356,Client29,http://localhost:9366/api/Client29,,false,356,CacheASide,Client,POST http://localhost:9365/api/Cache10 GET http://localhost:9365/api/Cache10 PUT http://localhost:9365/api/Cache10 DELETE http://localhost:9365/api/Cache10 
357,Client30,http://localhost:9367/api/Client30,,false,357,CacheASide,Client,POST http://localhost:9365/api/Cache10 GET http://localhost:9365/api/Cache10 PUT http://localhost:9365/api/Cache10 DELETE http://localhost:9365/api/Cache10 
358,Client31,http://localhost:9368/api/Client31,,false,358,CacheASide,Client,POST http://localhost:9365/api/Cache10 GET http://localhost:9365/api/Cache10 PUT http://localhost:9365/api/Cache10 DELETE http://localhost:9365/api/Cache10 
359,Cache11,http://localhost:9369/api/Cache11,POST GET PUT DELETE ,false,359,CacheASide,Cache,
360,Client32,http://localhost:9370/api/Client32,,false,360,CacheASide,Client,POST http://localhost:9369/api/Cache11 GET http://localhost:9369/api/Cache11 PUT http://localhost:9369/api/Cache11 DELETE http://localhost:9369/api/Cache11 
361,Client33,http://localhost:9371/api/Client33,,false,361,CacheASide,Client,POST http://localhost:9369/api/Cache11 GET http://localhost:9369/api/Cache11 PUT http://localhost:9369/api/Cache11 DELETE http://localhost:9369/api/Cache11 
362,Client34,http://localhost:9372/api/Client34,,false,362,CacheASide,Client,POST http://localhost:9369/api/Cache11 GET http://localhost:9369/api/Cache11 PUT http://localhost:9369/api/Cache11 DELETE http://localhost:9369/api/Cache11 
363,Client35,http://localhost:9373/api/Client35,,false,363,CacheASide,Client,POST http://localhost:9369/api/Cache11 GET http://localhost:9369/api/Cache11 PUT http://localhost:9369/api/Cache11 DELETE http://localhost:9369/api/Cache11 
364,Client36,http://localhost:9374/api/Client36,,false,364,CacheASide,Client,POST http://localhost:9369/api/Cache11 GET http://localhost:9369/api/Cache11 PUT http://localhost:9369/api/Cache11 DELETE http://localhost:9369/api/Cache11 
365,Cache12,http://localhost:9375/api/Cache12,POST GET PUT DELETE ,false,365,CacheASide,Cache,
366,Client37,http://localhost:9376/api/Client37,,false,366,CacheASide,Client,POST http://localhost:9375/api/Cache12 GET http://localhost:9375/api/Cache12 PUT http://localhost:9375/api/Cache12 DELETE http://localhost:9375/api/Cache12 
367,Cache13,http://localhost:9377/api/Cache13,POST GET PUT DELETE ,false,367,CacheASide,Cache,
368,Client38,http://localhost:9378/api/Client38,,false,368,CacheASide,Client,POST http://localhost:9377/api/Cache13 GET http://localhost:9377/api/Cache13 PUT http://localhost:9377/api/Cache13 DELETE http://localhost:9377/api/Cache13 
369,Cache14,http://localhost:9379/api/Cache14,POST GET PUT DELETE ,false,369,CacheASide,Cache,
370,Client39,http://localhost:9380/api/Client39,,false,370,CacheASide,Client,POST http://localhost:9379/api/Cache14 GET http://localhost:9379/api/Cache14 PUT http://localhost:9379/api/Cache14 DELETE http://localhost:9379/api/Cache14 
371,Client40,http://localhost:9381/api/Client40,,false,371,CacheASide,Client,POST http://localhost:9379/api/Cache14 GET http://localhost:9379/api/Cache14 PUT http://localhost:9379/api/Cache14 DELETE http://localhost:9379/api/Cache14 
372,Client41,http://localhost:9382/api/Client41,,false,372,CacheASide,Client,POST http://localhost:9379/api/Cache14 GET http://localhost:9379/api/Cache14 PUT http://localhost:9379/api/Cache14 DELETE http://localhost:9379/api/Cache14 
373,Client42,http://localhost:9383/api/Client42,,false,373,CacheASide,Client,POST http://localhost:9379/api/Cache14 GET http://localhost:9379/api/Cache14 PUT http://localhost:9379/api/Cache14 DELETE http://localhost:9379/api/Cache14 
374,Cache15,http://localhost:9384/api/Cache15,POST GET PUT DELETE ,false,374,CacheASide,Cache,
375,Client43,http://localhost:9385/api/Client43,,false,375,CacheASide,Client,POST http://localhost:9384/api/Cache15 GET http://localhost:9384/api/Cache15 PUT http://localhost:9384/api/Cache15 DELETE http://localhost:9384/api/Cache15 
376,Client44,http://localhost:9386/api/Client44,,false,376,CacheASide,Client,POST http://localhost:9384/api/Cache15 GET http://localhost:9384/api/Cache15 PUT http://localhost:9384/api/Cache15 DELETE http://localhost:9384/api/Cache15 
377,Client45,http://localhost:9387/api/Client45,,false,377,CacheASide,Client,POST http://localhost:9384/api/Cache15 GET http://localhost:9384/api/Cache15 PUT http://localhost:9384/api/Cache15 DELETE http://localhost:9384/api/Cache15 
378,Client46,http://localhost:9388/api/Client46,,false,378,CacheASide,Client,POST http://localhost:9384/api/Cache15 GET http://localhost:9384/api/Cache15 PUT http://localhost:9384/api/Cache15 DELETE http://localhost:9384/api/Cache15 
379,Client47,http://localhost:9389/api/Client47,,false,379,CacheASide,Client,POST http://localhost:9384/api/Cache15 GET http://localhost:9384/api/Cache15 PUT http://localhost:9384/api/Cache15 DELETE http://localhost:9384/api/Cache15 
380,Cache16,http://localhost:9390/api/Cache16,POST GET PUT DELETE ,false,380,CacheASide,Cache,
381,Client48,http://localhost:9391/api/Client48,,false,381,CacheASide,Client,POST http://localhost:9390/api/Cache16 GET http://localhost:9390/api/Cache16 PUT http://localhost:9390/api/Cache16 DELETE http://localhost:9390/api/Cache16 
382,Cache17,http://localhost:9392/api/Cache17,POST GET PUT DELETE ,false,382,CacheASide,Cache,
383,Client49,http://localhost:9393/api/Client49,,false,383,CacheASide,Client,POST http://localhost:9392/api/Cache17 GET http://localhost:9392/api/Cache17 PUT http://localhost:9392/api/Cache17 DELETE http://localhost:9392/api/Cache17 
384,Client50,http://localhost:9394/api/Client50,,false,384,CacheASide,Client,POST http://localhost:9392/api/Cache17 GET http://localhost:9392/api/Cache17 PUT http://localhost:9392/api/Cache17 DELETE http://localhost:9392/api/Cache17 
385,Cache18,http://localhost:9395/api/Cache18,POST GET PUT DELETE ,false,385,CacheASide,Cache,
386,Client51,http://localhost:9396/api/Client51,,false,386,CacheASide,Client,POST http://localhost:9395/api/Cache18 GET http://localhost:9395/api/Cache18 PUT http://localhost:9395/api/Cache18 DELETE http://localhost:9395/api/Cache18 
387,Client52,http://localhost:9397/api/Client52,,false,387,CacheASide,Client,POST http://localhost:9395/api/Cache18 GET http://localhost:9395/api/Cache18 PUT http://localhost:9395/api/Cache18 DELETE http://localhost:9395/api/Cache18 
388,Cache19,http://localhost:9398/api/Cache19,POST GET PUT DELETE ,false,388,CacheASide,Cache,
389,Client53,http://localhost:9399/api/Client53,,false,389,CacheASide,Client,POST http://localhost:9398/api/Cache19 GET http://localhost:9398/api/Cache19 PUT http://localhost:9398/api/Cache19 DELETE http://localhost:9398/api/Cache19 
390,Client54,http://localhost:9400/api/Client54,,false,390,CacheASide,Client,POST http://localhost:9398/api/Cache19 GET http://localhost:9398/api/Cache19 PUT http://localhost:9398/api/Cache19 DELETE http://localhost:9398/api/Cache19 
391,Cache20,http://localhost:9401/api/Cache20,POST GET PUT DELETE ,false,391,CacheASide,Cache,
392,Client55,http://localhost:9402/api/Client55,,false,392,CacheASide,Client,POST http://localhost:9401/api/Cache20 GET http://localhost:9401/api/Cache20 PUT http://localhost:9401/api/Cache20 DELETE http://localhost:9401/api/Cache20 
393,Client56,http://localhost:9403/api/Client56,,false,393,CacheASide,Client,POST http://localhost:9401/api/Cache20 GET http://localhost:9401/api/Cache20 PUT http://localhost:9401/api/Cache20 DELETE http://localhost:9401/api/Cache20 
394,Client57,http://localhost:9404/api/Client57,,false,394,CacheASide,Client,POST http://localhost:9401/api/Cache20 GET http://localhost:9401/api/Cache20 PUT http://localhost:9401/api/Cache20 DELETE http://localhost:9401/api/Cache20 
395,Cache21,http://localhost:9405/api/Cache21,POST GET PUT DELETE ,false,395,CacheASide,Cache,
396,Client58,http://localhost:9406/api/Client58,,false,396,CacheASide,Client,POST http://localhost:9405/api/Cache21 GET http://localhost:9405/api/Cache21 PUT http://localhost:9405/api/Cache21 DELETE http://localhost:9405/api/Cache21 
397,Client59,http://localhost:9407/api/Client59,,false,397,CacheASide,Client,POST http://localhost:9405/api/Cache21 GET http://localhost:9405/api/Cache21 PUT http://localhost:9405/api/Cache21 DELETE http://localhost:9405/api/Cache21 
398,Client60,http://localhost:9408/api/Client60,,false,398,CacheASide,Client,POST http://localhost:9405/api/Cache21 GET http://localhost:9405/api/Cache21 PUT http://localhost:9405/api/Cache21 DELETE http://localhost:9405/api/Cache21 
399,Client61,http://localhost:9409/api/Client61,,false,399,CacheASide,Client,POST http://localhost:9405/api/Cache21 GET http://localhost:9405/api/Cache21 PUT http://localhost:9405/api/Cache21 DELETE http://localhost:9405/api/Cache21 
400,Cache22,http://localhost:9410/api/Cache22,POST GET PUT DELETE ,false,400,CacheASide,Cache,
401,Client62,http://localhost:9411/api/Client62,,false,401,CacheASide,Client,POST http://localhost:9410/api/Cache22 GET http://localhost:9410/api/Cache22 PUT http://localhost:9410/api/Cache22 DELETE http://localhost:9410/api/Cache22 
402,Cache23,http://localhost:9412/api/Cache23,POST GET PUT DELETE ,false,402,CacheASide,Cache,
403,Client63,http://localhost:9413/api/Client63,,false,403,CacheASide,Client,POST http://localhost:9412/api/Cache23 GET http://localhost:9412/api/Cache23 PUT http://localhost:9412/api/Cache23 DELETE http://localhost:9412/api/Cache23 
404,Client64,http://localhost:9414/api/Client64,,false,404,CacheASide,Client,POST http://localhost:9412/api/Cache23 GET http://localhost:9412/api/Cache23 PUT http://localhost:9412/api/Cache23 DELETE http://localhost:9412/api/Cache23 
405,Client65,http://localhost:9415/api/Client65,,false,405,CacheASide,Client,POST http://localhost:9412/api/Cache23 GET http://localhost:9412/api/Cache23 PUT http://localhost:9412/api/Cache23 DELETE http://localhost:9412/api/Cache23 
406,Cache24,http://localhost:9416/api/Cache24,POST GET PUT DELETE ,false,406,CacheASide,Cache,
407,Client66,http://localhost:9417/api/Client66,,false,407,CacheASide,Client,POST http://localhost:9416/api/Cache24 GET http://localhost:9416/api/Cache24 PUT http://localhost:9416/api/Cache24 DELETE http://localhost:9416/api/Cache24 
408,Client67,http://localhost:9418/api/Client67,,false,408,CacheASide,Client,POST http://localhost:9416/api/Cache24 GET http://localhost:9416/api/Cache24 PUT http://localhost:9416/api/Cache24 DELETE http://localhost:9416/api/Cache24 
409,Client68,http://localhost:9419/api/Client68,,false,409,CacheASide,Client,POST http://localhost:9416/api/Cache24 GET http://localhost:9416/api/Cache24 PUT http://localhost:9416/api/Cache24 DELETE http://localhost:9416/api/Cache24 
410,Client69,http://localhost:9420/api/Client69,,false,410,CacheASide,Client,POST http://localhost:9416/api/Cache24 GET http://localhost:9416/api/Cache24 PUT http://localhost:9416/api/Cache24 DELETE http://localhost:9416/api/Cache24 
411,Client70,http://localhost:9421/api/Client70,,false,411,CacheASide,Client,POST http://localhost:9416/api/Cache24 GET http://localhost:9416/api/Cache24 PUT http://localhost:9416/api/Cache24 DELETE http://localhost:9416/api/Cache24 
412,Leader0,http://localhost:9422/api/Leader0,GET PUT ,false,412,LeaderElection,Leader,
413,Client0,http://localhost:9423/api/Client0,GET PUT ,false,413,LeaderElection,Client,GET http://localhost:9422/api/Leader0 PUT http://localhost:9422/api/Leader0 
414,Client1,http://localhost:9424/api/Client1,GET PUT ,false,414,LeaderElection,Client,GET http://localhost:9422/api/Leader0 PUT http://localhost:9422/api/Leader0 
415,Client2,http://localhost:9425/api/Client2,GET PUT ,false,415,LeaderElection,Client,GET http://localhost:9422/api/Leader0 PUT http://localhost:9422/api/Leader0 
416,Leader1,http://localhost:9426/api/Leader1,GET PUT ,false,416,LeaderElection,Leader,
417,Client3,http://localhost:9427/api/Client3,GET PUT ,false,417,LeaderElection,Client,GET http://localhost:9426/api/Leader1 PUT http://localhost:9426/api/Leader1 
418,Client4,http://localhost:9428/api/Client4,GET PUT ,false,418,LeaderElection,Client,GET http://localhost:9426/api/Leader1 PUT http://localhost:9426/api/Leader1 
419,Client5,http://localhost:9429/api/Client5,GET PUT ,false,419,LeaderElection,Client,GET http://localhost:9426/api/Leader1 PUT http://localhost:9426/api/Leader1 
420,Client6,http://localhost:9430/api/Client6,GET PUT ,false,420,LeaderElection,Client,GET http://localhost:9426/api/Leader1 PUT http://localhost:9426/api/Leader1 
421,Leader2,http://localhost:9431/api/Leader2,GET PUT ,false,421,LeaderElection,Leader,
422,Client7,http://localhost:9432/api/Client7,GET PUT ,false,422,LeaderElection,Client,GET http://localhost:9431/api/Leader2 PUT http://localhost:9431/api/Leader2 
423,Client8,http://localhost:9433/api/Client8,GET PUT ,false,423,LeaderElection,Client,GET http://localhost:9431/api/Leader2 PUT http://localhost:9431/api/Leader2 
424,Client9,http://localhost:9434/api/Client9,GET PUT ,false,424,LeaderElection,Client,GET http://localhost:9431/api/Leader2 PUT http://localhost:9431/api/Leader2 
425,Client10,http://localhost:9435/api/Client10,GET PUT ,false,425,LeaderElection,Client,GET http://localhost:9431/api/Leader2 PUT http://localhost:9431/api/Leader2 
426,Client11,http://localhost:9436/api/Client11,GET PUT ,false,426,LeaderElection,Client,GET http://localhost:9431/api/Leader2 PUT http://localhost:9431/api/Leader2 
427,Leader3,http://localhost:9437/api/Leader3,GET PUT ,false,427,LeaderElection,Leader,
428,Client12,http://localhost:9438/api/Client12,GET PUT ,false,428,LeaderElection,Client,GET http://localhost:9437/api/Leader3 PUT http://localhost:9437/api/Leader3 
429,Client13,http://localhost:9439/api/Client13,GET PUT ,false,429,LeaderElection,Client,GET http://localhost:9437/api/Leader3 PUT http://localhost:9437/api/Leader3 
430,Client14,http://localhost:9440/api/Client14,GET PUT ,false,430,LeaderElection,Client,GET http://localhost:9437/api/Leader3 PUT http://localhost:9437/api/Leader3 
431,Client15,http://localhost:9441/api/Client15,GET PUT ,false,431,LeaderElection,Client,GET http://localhost:9437/api/Leader3 PUT http://localhost:9437/api/Leader3 
432,Client16,http://localhost:9442/api/Client16,GET PUT ,false,432,LeaderElection,Client,GET http://localhost:9437/api/Leader3 PUT http://localhost:9437/api/Leader3 
433,Leader4,http://localhost:9443/api/Leader4,GET PUT ,false,433,LeaderElection,Leader,
434,Client17,http://localhost:9444/api/Client17,GET PUT ,false,434,LeaderElection,Client,GET http://localhost:9443/api/Leader4 PUT http://localhost:9443/api/Leader4 
435,Client18,http://localhost:9445/api/Client18,GET PUT ,false,435,LeaderElection,Client,GET http://localhost:9443/api/Leader4 PUT http://localhost:9443/api/Leader4 
436,Client19,http://localhost:9446/api/Client19,GET PUT ,false,436,LeaderElection,Client,GET http://localhost:9443/api/Leader4 PUT http://localhost:9443/api/Leader4 
437,Client20,http://localhost:9447/api/Client20,GET PUT ,false,437,LeaderElection,Client,GET http://localhost:9443/api/Leader4 PUT http://localhost:9443/api/Leader4 
438,Client21,http://localhost:9448/api/Client21,GET PUT ,false,438,LeaderElection,Client,GET http://localhost:9443/api/Leader4 PUT http://localhost:9443/api/Leader4 
439,Leader5,http://localhost:9449/api/Leader5,GET PUT ,false,439,LeaderElection,Leader,
440,Client22,http://localhost:9450/api/Client22,GET PUT ,false,440,LeaderElection,Client,GET http://localhost:9449/api/Leader5 PUT http://localhost:9449/api/Leader5 
441,Client23,http://localhost:9451/api/Client23,GET PUT ,false,441,LeaderElection,Client,GET http://localhost:9449/api/Leader5 PUT http://localhost:9449/api/Leader5 
442,Leader6,http://localhost:9452/api/Leader6,GET PUT ,false,442,LeaderElection,Leader,
443,Client24,http://localhost:9453/api/Client24,GET PUT ,false,443,LeaderElection,Client,GET http://localhost:9452/api/Leader6 PUT http://localhost:9452/api/Leader6 
444,Client25,http://localhost:9454/api/Client25,GET PUT ,false,444,LeaderElection,Client,GET http://localhost:9452/api/Leader6 PUT http://localhost:9452/api/Leader6 
445,Client26,http://localhost:9455/api/Client26,GET PUT ,false,445,LeaderElection,Client,GET http://localhost:9452/api/Leader6 PUT http://localhost:9452/api/Leader6 
446,Client27,http://localhost:9456/api/Client27,GET PUT ,false,446,LeaderElection,Client,GET http://localhost:9452/api/Leader6 PUT http://localhost:9452/api/Leader6 
447,Leader7,http://localhost:9457/api/Leader7,GET PUT ,false,447,LeaderElection,Leader,
448,Client28,http://localhost:9458/api/Client28,GET PUT ,false,448,LeaderElection,Client,GET http://localhost:9457/api/Leader7 PUT http://localhost:9457/api/Leader7 
449,Client29,http://localhost:9459/api/Client29,GET PUT ,false,449,LeaderElection,Client,GET http://localhost:9457/api/Leader7 PUT http://localhost:9457/api/Leader7 
450,Leader8,http://localhost:9460/api/Leader8,GET PUT ,false,450,LeaderElection,Leader,
451,Client30,http://localhost:9461/api/Client30,GET PUT ,false,451,LeaderElection,Client,GET http://localhost:9460/api/Leader8 PUT http://localhost:9460/api/Leader8 
452,Client31,http://localhost:9462/api/Client31,GET PUT ,false,452,LeaderElection,Client,GET http://localhost:9460/api/Leader8 PUT http://localhost:9460/api/Leader8 
453,Client32,http://localhost:9463/api/Client32,GET PUT ,false,453,LeaderElection,Client,GET http://localhost:9460/api/Leader8 PUT http://localhost:9460/api/Leader8 
454,Client33,http://localhost:9464/api/Client33,GET PUT ,false,454,LeaderElection,Client,GET http://localhost:9460/api/Leader8 PUT http://localhost:9460/api/Leader8 
455,Leader9,http://localhost:9465/api/Leader9,GET PUT ,false,455,LeaderElection,Leader,
456,Client34,http://localhost:9466/api/Client34,GET PUT ,false,456,LeaderElection,Client,GET http://localhost:9465/api/Leader9 PUT http://localhost:9465/api/Leader9 
457,Client35,http://localhost:9467/api/Client35,GET PUT ,false,457,LeaderElection,Client,GET http://localhost:9465/api/Leader9 PUT http://localhost:9465/api/Leader9 
458,Client36,http://localhost:9468/api/Client36,GET PUT ,false,458,LeaderElection,Client,GET http://localhost:9465/api/Leader9 PUT http://localhost:9465/api/Leader9 
459,Client37,http://localhost:9469/api/Client37,GET PUT ,false,459,LeaderElection,Client,GET http://localhost:9465/api/Leader9 PUT http://localhost:9465/api/Leader9 
460,Client38,http://localhost:9470/api/Client38,GET PUT ,false,460,LeaderElection,Client,GET http://localhost:9465/api/Leader9 PUT http://localhost:9465/api/Leader9 
461,Leader10,http://localhost:9471/api/Leader10,GET PUT ,false,461,LeaderElection,Leader,
462,Client39,http://localhost:9472/api/Client39,GET PUT ,false,462,LeaderElection,Client,GET http://localhost:9471/api/Leader10 PUT http://localhost:9471/api/Leader10 
463,Client40,http://localhost:9473/api/Client40,GET PUT ,false,463,LeaderElection,Client,GET http://localhost:9471/api/Leader10 PUT http://localhost:9471/api/Leader10 
464,Leader11,http://localhost:9474/api/Leader11,GET PUT ,false,464,LeaderElection,Leader,
465,Client41,http://localhost:9475/api/Client41,GET PUT ,false,465,LeaderElection,Client,GET http://localhost:9474/api/Leader11 PUT http://localhost:9474/api/Leader11 
466,Client42,http://localhost:9476/api/Client42,GET PUT ,false,466,LeaderElection,Client,GET http://localhost:9474/api/Leader11 PUT http://localhost:9474/api/Leader11 
467,Client43,http://localhost:9477/api/Client43,GET PUT ,false,467,LeaderElection,Client,GET http://localhost:9474/api/Leader11 PUT http://localhost:9474/api/Leader11 
468,Client44,http://localhost:9478/api/Client44,GET PUT ,false,468,LeaderElection,Client,GET http://localhost:9474/api/Leader11 PUT http://localhost:9474/api/Leader11 
469,Client45,http://localhost:9479/api/Client45,GET PUT ,false,469,LeaderElection,Client,GET http://localhost:9474/api/Leader11 PUT http://localhost:9474/api/Leader11 
470,Leader12,http://localhost:9480/api/Leader12,GET PUT ,false,470,LeaderElection,Leader,
471,Client46,http://localhost:9481/api/Client46,GET PUT ,false,471,LeaderElection,Client,GET http://localhost:9480/api/Leader12 PUT http://localhost:9480/api/Leader12 
472,Client47,http://localhost:9482/api/Client47,GET PUT ,false,472,LeaderElection,Client,GET http://localhost:9480/api/Leader12 PUT http://localhost:9480/api/Leader12 
473,Client48,http://localhost:9483/api/Client48,GET PUT ,false,473,LeaderElection,Client,GET http://localhost:9480/api/Leader12 PUT http://localhost:9480/api/Leader12 
474,Leader13,http://localhost:9484/api/Leader13,GET PUT ,false,474,LeaderElection,Leader,
475,Client49,http://localhost:9485/api/Client49,GET PUT ,false,475,LeaderElection,Client,GET http://localhost:9484/api/Leader13 PUT http://localhost:9484/api/Leader13 
476,Client50,http://localhost:9486/api/Client50,GET PUT ,false,476,LeaderElection,Client,GET http://localhost:9484/api/Leader13 PUT http://localhost:9484/api/Leader13 
477,Leader14,http://localhost:9487/api/Leader14,GET PUT ,false,477,LeaderElection,Leader,
478,Client51,http://localhost:9488/api/Client51,GET PUT ,false,478,LeaderElection,Client,GET http://localhost:9487/api/Leader14 PUT http://localhost:9487/api/Leader14 
479,Client52,http://localhost:9489/api/Client52,GET PUT ,false,479,LeaderElection,Client,GET http://localhost:9487/api/Leader14 PUT http://localhost:9487/api/Leader14 
480,Client53,http://localhost:9490/api/Client53,GET PUT ,false,480,LeaderElection,Client,GET http://localhost:9487/api/Leader14 PUT http://localhost:9487/api/Leader14 
481,Client54,http://localhost:9491/api/Client54,GET PUT ,false,481,LeaderElection,Client,GET http://localhost:9487/api/Leader14 PUT http://localhost:9487/api/Leader14 
482,Client55,http://localhost:9492/api/Client55,GET PUT ,false,482,LeaderElection,Client,GET http://localhost:9487/api/Leader14 PUT http://localhost:9487/api/Leader14 
483,Leader15,http://localhost:9493/api/Leader15,GET PUT ,false,483,LeaderElection,Leader,
484,Client56,http://localhost:9494/api/Client56,GET PUT ,false,484,LeaderElection,Client,GET http://localhost:9493/api/Leader15 PUT http://localhost:9493/api/Leader15 
485,Client57,http://localhost:9495/api/Client57,GET PUT ,false,485,LeaderElection,Client,GET http://localhost:9493/api/Leader15 PUT http://localhost:9493/api/Leader15 
486,Client58,http://localhost:9496/api/Client58,GET PUT ,false,486,LeaderElection,Client,GET http://localhost:9493/api/Leader15 PUT http://localhost:9493/api/Leader15 
487,Client59,http://localhost:9497/api/Client59,GET PUT ,false,487,LeaderElection,Client,GET http://localhost:9493/api/Leader15 PUT http://localhost:9493/api/Leader15 
488,Client60,http://localhost:9498/api/Client60,GET PUT ,false,488,LeaderElection,Client,GET http://localhost:9493/api/Leader15 PUT http://localhost:9493/api/Leader15 
489,Leader16,http://localhost:9499/api/Leader16,GET PUT ,false,489,LeaderElection,Leader,
490,Client61,http://localhost:9500/api/Client61,GET PUT ,false,490,LeaderElection,Client,GET http://localhost:9499/api/Leader16 PUT http://localhost:9499/api/Leader16 
491,Client62,http://localhost:9501/api/Client62,GET PUT ,false,491,LeaderElection,Client,GET http://localhost:9499/api/Leader16 PUT http://localhost:9499/api/Leader16 
492,Client63,http://localhost:9502/api/Client63,GET PUT ,false,492,LeaderElection,Client,GET http://localhost:9499/api/Leader16 PUT http://localhost:9499/api/Leader16 
493,Leader17,http://localhost:9503/api/Leader17,GET PUT ,false,493,LeaderElection,Leader,
494,Client64,http://localhost:9504/api/Client64,GET PUT ,false,494,LeaderElection,Client,GET http://localhost:9503/api/Leader17 PUT http://localhost:9503/api/Leader17 
495,Client65,http://localhost:9505/api/Client65,GET PUT ,false,495,LeaderElection,Client,GET http://localhost:9503/api/Leader17 PUT http://localhost:9503/api/Leader17 
496,Client66,http://localhost:9506/api/Client66,GET PUT ,false,496,LeaderElection,Client,GET http://localhost:9503/api/Leader17 PUT http://localhost:9503/api/Leader17 
497,Client67,http://localhost:9507/api/Client67,GET PUT ,false,497,LeaderElection,Client,GET http://localhost:9503/api/Leader17 PUT http://localhost:9503/api/Leader17 
498,Client68,http://localhost:9508/api/Client68,GET PUT ,false,498,LeaderElection,Client,GET http://localhost:9503/api/Leader17 PUT http://localhost:9503/api/Leader17 
499,Leader18,http://localhost:9509/api/Leader18,GET PUT ,false,499,LeaderElection,Leader,
500,Client69,http://localhost:9510/api/Client69,GET PUT ,false,500,LeaderElection,Client,GET http://localhost:9509/api/Leader18 PUT http://localhost:9509/api/Leader18 
501,Client70,http://localhost:9511/api/Client70,GET PUT ,false,501,LeaderElection,Client,GET http://localhost:9509/api/Leader18 PUT http://localhost:9509/api/Leader18 
502,Client71,http://localhost:9512/api/Client71,GET PUT ,false,502,LeaderElection,Client,GET http://localhost:9509/api/Leader18 PUT http://localhost:9509/api/Leader18 
503,Client72,http://localhost:9513/api/Client72,GET PUT ,false,503,LeaderElection,Client,GET http://localhost:9509/api/Leader18 PUT http://localhost:9509/api/Leader18 
504,Client73,http://localhost:9514/api/Client73,GET PUT ,false,504,LeaderElection,Client,GET http://localhost:9509/api/Leader18 PUT http://localhost:9509/api/Leader18 
505,Leader19,http://localhost:9515/api/Leader19,GET PUT ,false,505,LeaderElection,Leader,
506,Client74,http://localhost:9516/api/Client74,GET PUT ,false,506,LeaderElection,Client,GET http://localhost:9515/api/Leader19 PUT http://localhost:9515/api/Leader19 
507,Client75,http://localhost:9517/api/Client75,GET PUT ,false,507,LeaderElection,Client,GET http://localhost:9515/api/Leader19 PUT http://localhost:9515/api/Leader19 
508,Client76,http://localhost:9518/api/Client76,GET PUT ,false,508,LeaderElection,Client,GET http://localhost:9515/api/Leader19 PUT http://localhost:9515/api/Leader19 
509,Leader20,http://localhost:9519/api/Leader20,GET PUT ,false,509,LeaderElection,Leader,
510,Client77,http://localhost:9520/api/Client77,GET PUT ,false,510,LeaderElection,Client,GET http://localhost:9519/api/Leader20 PUT http://localhost:9519/api/Leader20 
511,Client78,http://localhost:9521/api/Client78,GET PUT ,false,511,LeaderElection,Client,GET http://localhost:9519/api/Leader20 PUT http://localhost:9519/api/Leader20 
512,Leader21,http://localhost:9522/api/Leader21,GET PUT ,false,512,LeaderElection,Leader,
513,Client79,http://localhost:9523/api/Client79,GET PUT ,false,513,LeaderElection,Client,GET http://localhost:9522/api/Leader21 PUT http://localhost:9522/api/Leader21 
514,Client80,http://localhost:9524/api/Client80,GET PUT ,false,514,LeaderElection,Client,GET http://localhost:9522/api/Leader21 PUT http://localhost:9522/api/Leader21 
515,Client81,http://localhost:9525/api/Client81,GET PUT ,false,515,LeaderElection,Client,GET http://localhost:9522/api/Leader21 PUT http://localhost:9522/api/Leader21 
516,Client82,http://localhost:9526/api/Client82,GET PUT ,false,516,LeaderElection,Client,GET http://localhost:9522/api/Leader21 PUT http://localhost:9522/api/Leader21 
517,Client83,http://localhost:9527/api/Client83,GET PUT ,false,517,LeaderElection,Client,GET http://localhost:9522/api/Leader21 PUT http://localhost:9522/api/Leader21 
518,Client84,http://localhost:9528/api/Client84,GET PUT ,false,518,LeaderElection,Client,GET http://localhost:9522/api/Leader21 PUT http://localhost:9522/api/Leader21 
519,Leader22,http://localhost:9529/api/Leader22,GET PUT ,false,519,LeaderElection,Leader,
520,Client85,http://localhost:9530/api/Client85,GET PUT ,false,520,LeaderElection,Client,GET http://localhost:9529/api/Leader22 PUT http://localhost:9529/api/Leader22 
521,Client86,http://localhost:9531/api/Client86,GET PUT ,false,521,LeaderElection,Client,GET http://localhost:9529/api/Leader22 PUT http://localhost:9529/api/Leader22 
522,Leader23,http://localhost:9532/api/Leader23,GET PUT ,false,522,LeaderElection,Leader,
523,Client87,http://localhost:9533/api/Client87,GET PUT ,false,523,LeaderElection,Client,GET http://localhost:9532/api/Leader23 PUT http://localhost:9532/api/Leader23 
524,Client88,http://localhost:9534/api/Client88,GET PUT ,false,524,LeaderElection,Client,GET http://localhost:9532/api/Leader23 PUT http://localhost:9532/api/Leader23 
525,Client89,http://localhost:9535/api/Client89,GET PUT ,false,525,LeaderElection,Client,GET http://localhost:9532/api/Leader23 PUT http://localhost:9532/api/Leader23 
526,Client90,http://localhost:9536/api/Client90,GET PUT ,false,526,LeaderElection,Client,GET http://localhost:9532/api/Leader23 PUT http://localhost:9532/api/Leader23 
527,Leader24,http://localhost:9537/api/Leader24,GET PUT ,false,527,LeaderElection,Leader,
528,Client91,http://localhost:9538/api/Client91,GET PUT ,false,528,LeaderElection,Client,GET http://localhost:9537/api/Leader24 PUT http://localhost:9537/api/Leader24 
529,Client92,http://localhost:9539/api/Client92,GET PUT ,false,529,LeaderElection,Client,GET http://localhost:9537/api/Leader24 PUT http://localhost:9537/api/Leader24 
530,ApiGateway0,http://localhost:9540/api/ApiGateway0,POST PUT GET DELETE ,false,530,ApiGateway,ApiGateway,POST http://localhost:9544/api/Worker0 GET http://localhost:9544/api/Worker0 PUT http://localhost:9544/api/Worker0 DELETE http://localhost:9544/api/Worker0 POST http://localhost:9545/api/Worker1 GET http://localhost:9545/api/Worker1 PUT http://localhost:9545/api/Worker1 DELETE http://localhost:9545/api/Worker1 POST http://localhost:9546/api/Worker2 GET http://localhost:9546/api/Worker2 PUT http://localhost:9546/api/Worker2 DELETE http://localhost:9546/api/Worker2 
531,Client71,http://localhost:9541/api/Client71,,false,531,ApiGateway,Client,POST http://localhost:9540/api/ApiGateway0 GET http://localhost:9540/api/ApiGateway0 PUT http://localhost:9540/api/ApiGateway0 DELETE http://localhost:9540/api/ApiGateway0 
532,Client72,http://localhost:9542/api/Client72,,false,532,ApiGateway,Client,POST http://localhost:9540/api/ApiGateway0 GET http://localhost:9540/api/ApiGateway0 PUT http://localhost:9540/api/ApiGateway0 DELETE http://localhost:9540/api/ApiGateway0 
533,Client73,http://localhost:9543/api/Client73,,false,533,ApiGateway,Client,POST http://localhost:9540/api/ApiGateway0 GET http://localhost:9540/api/ApiGateway0 PUT http://localhost:9540/api/ApiGateway0 DELETE http://localhost:9540/api/ApiGateway0 
534,Worker0,http://localhost:9544/api/Worker0,POST GET PUT DELETE ,false,534,ApiGateway,Worker,
535,Worker1,http://localhost:9545/api/Worker1,POST GET PUT DELETE ,false,535,ApiGateway,Worker,
536,Worker2,http://localhost:9546/api/Worker2,POST GET PUT DELETE ,false,536,ApiGateway,Worker,
537,ApiGateway1,http://localhost:9547/api/ApiGateway1,POST PUT GET DELETE ,false,537,ApiGateway,ApiGateway,POST http://localhost:9552/api/Worker3 GET http://localhost:9552/api/Worker3 PUT http://localhost:9552/api/Worker3 DELETE http://localhost:9552/api/Worker3 POST http://localhost:9553/api/Worker4 GET http://localhost:9553/api/Worker4 PUT http://localhost:9553/api/Worker4 DELETE http://localhost:9553/api/Worker4 POST http://localhost:9554/api/Worker5 GET http://localhost:9554/api/Worker5 PUT http://localhost:9554/api/Worker5 DELETE http://localhost:9554/api/Worker5 
538,Client74,http://localhost:9548/api/Client74,,false,538,ApiGateway,Client,POST http://localhost:9547/api/ApiGateway1 GET http://localhost:9547/api/ApiGateway1 PUT http://localhost:9547/api/ApiGateway1 DELETE http://localhost:9547/api/ApiGateway1 
539,Client75,http://localhost:9549/api/Client75,,false,539,ApiGateway,Client,POST http://localhost:9547/api/ApiGateway1 GET http://localhost:9547/api/ApiGateway1 PUT http://localhost:9547/api/ApiGateway1 DELETE http://localhost:9547/api/ApiGateway1 
540,Client76,http://localhost:9550/api/Client76,,false,540,ApiGateway,Client,POST http://localhost:9547/api/ApiGateway1 GET http://localhost:9547/api/ApiGateway1 PUT http://localhost:9547/api/ApiGateway1 DELETE http://localhost:9547/api/ApiGateway1 
541,Client77,http://localhost:9551/api/Client77,,false,541,ApiGateway,Client,POST http://localhost:9547/api/ApiGateway1 GET http://localhost:9547/api/ApiGateway1 PUT http://localhost:9547/api/ApiGateway1 DELETE http://localhost:9547/api/ApiGateway1 
542,Worker3,http://localhost:9552/api/Worker3,POST GET PUT DELETE ,false,542,ApiGateway,Worker,
543,Worker4,http://localhost:9553/api/Worker4,POST GET PUT DELETE ,false,543,ApiGateway,Worker,
544,Worker5,http://localhost:9554/api/Worker5,POST GET PUT DELETE ,false,544,ApiGateway,Worker,
545,ApiGateway2,http://localhost:9555/api/ApiGateway2,POST PUT GET DELETE ,false,545,ApiGateway,ApiGateway,POST http://localhost:9560/api/Worker6 GET http://localhost:9560/api/Worker6 PUT http://localhost:9560/api/Worker6 DELETE http://localhost:9560/api/Worker6 POST http://localhost:9561/api/Worker7 GET http://localhost:9561/api/Worker7 PUT http://localhost:9561/api/Worker7 DELETE http://localhost:9561/api/Worker7 
546,Client78,http://localhost:9556/api/Client78,,false,546,ApiGateway,Client,POST http://localhost:9555/api/ApiGateway2 GET http://localhost:9555/api/ApiGateway2 PUT http://localhost:9555/api/ApiGateway2 DELETE http://localhost:9555/api/ApiGateway2 
547,Client79,http://localhost:9557/api/Client79,,false,547,ApiGateway,Client,POST http://localhost:9555/api/ApiGateway2 GET http://localhost:9555/api/ApiGateway2 PUT http://localhost:9555/api/ApiGateway2 DELETE http://localhost:9555/api/ApiGateway2 
548,Client80,http://localhost:9558/api/Client80,,false,548,ApiGateway,Client,POST http://localhost:9555/api/ApiGateway2 GET http://localhost:9555/api/ApiGateway2 PUT http://localhost:9555/api/ApiGateway2 DELETE http://localhost:9555/api/ApiGateway2 
549,Client81,http://localhost:9559/api/Client81,,false,549,ApiGateway,Client,POST http://localhost:9555/api/ApiGateway2 GET http://localhost:9555/api/ApiGateway2 PUT http://localhost:9555/api/ApiGateway2 DELETE http://localhost:9555/api/ApiGateway2 
550,Worker6,http://localhost:9560/api/Worker6,POST GET PUT DELETE ,false,550,ApiGateway,Worker,
551,Worker7,http://localhost:9561/api/Worker7,POST GET PUT DELETE ,false,551,ApiGateway,Worker,
552,ApiGateway3,http://localhost:9562/api/ApiGateway3,POST PUT GET DELETE ,false,552,ApiGateway,ApiGateway,POST http://localhost:9566/api/Worker8 GET http://localhost:9566/api/Worker8 PUT http://localhost:9566/api/Worker8 DELETE http://localhost:9566/api/Worker8 POST http://localhost:9567/api/Worker9 GET http://localhost:9567/api/Worker9 PUT http://localhost:9567/api/Worker9 DELETE http://localhost:9567/api/Worker9 POST http://localhost:9568/api/Worker10 GET http://localhost:9568/api/Worker10 PUT http://localhost:9568/api/Worker10 DELETE http://localhost:9568/api/Worker10 
553,Client82,http://localhost:9563/api/Client82,,false,553,ApiGateway,Client,POST http://localhost:9562/api/ApiGateway3 GET http://localhost:9562/api/ApiGateway3 PUT http://localhost:9562/api/ApiGateway3 DELETE http://localhost:9562/api/ApiGateway3 
554,Client83,http://localhost:9564/api/Client83,,false,554,ApiGateway,Client,POST http://localhost:9562/api/ApiGateway3 GET http://localhost:9562/api/ApiGateway3 PUT http://localhost:9562/api/ApiGateway3 DELETE http://localhost:9562/api/ApiGateway3 
555,Client84,http://localhost:9565/api/Client84,,false,555,ApiGateway,Client,POST http://localhost:9562/api/ApiGateway3 GET http://localhost:9562/api/ApiGateway3 PUT http://localhost:9562/api/ApiGateway3 DELETE http://localhost:9562/api/ApiGateway3 
556,Worker8,http://localhost:9566/api/Worker8,POST GET PUT DELETE ,false,556,ApiGateway,Worker,
557,Worker9,http://localhost:9567/api/Worker9,POST GET PUT DELETE ,false,557,ApiGateway,Worker,
558,Worker10,http://localhost:9568/api/Worker10,POST GET PUT DELETE ,false,558,ApiGateway,Worker,
559,ApiGateway4,http://localhost:9569/api/ApiGateway4,POST PUT GET DELETE ,false,559,ApiGateway,ApiGateway,POST http://localhost:9573/api/Worker11 GET http://localhost:9573/api/Worker11 PUT http://localhost:9573/api/Worker11 DELETE http://localhost:9573/api/Worker11 POST http://localhost:9574/api/Worker12 GET http://localhost:9574/api/Worker12 PUT http://localhost:9574/api/Worker12 DELETE http://localhost:9574/api/Worker12 POST http://localhost:9575/api/Worker13 GET http://localhost:9575/api/Worker13 PUT http://localhost:9575/api/Worker13 DELETE http://localhost:9575/api/Worker13 
560,Client85,http://localhost:9570/api/Client85,,false,560,ApiGateway,Client,POST http://localhost:9569/api/ApiGateway4 GET http://localhost:9569/api/ApiGateway4 PUT http://localhost:9569/api/ApiGateway4 DELETE http://localhost:9569/api/ApiGateway4 
561,Client86,http://localhost:9571/api/Client86,,false,561,ApiGateway,Client,POST http://localhost:9569/api/ApiGateway4 GET http://localhost:9569/api/ApiGateway4 PUT http://localhost:9569/api/ApiGateway4 DELETE http://localhost:9569/api/ApiGateway4 
562,Client87,http://localhost:9572/api/Client87,,false,562,ApiGateway,Client,POST http://localhost:9569/api/ApiGateway4 GET http://localhost:9569/api/ApiGateway4 PUT http://localhost:9569/api/ApiGateway4 DELETE http://localhost:9569/api/ApiGateway4 
563,Worker11,http://localhost:9573/api/Worker11,POST GET PUT DELETE ,false,563,ApiGateway,Worker,
564,Worker12,http://localhost:9574/api/Worker12,POST GET PUT DELETE ,false,564,ApiGateway,Worker,
565,Worker13,http://localhost:9575/api/Worker13,POST GET PUT DELETE ,false,565,ApiGateway,Worker,
566,ApiGateway5,http://localhost:9576/api/ApiGateway5,POST PUT GET DELETE ,false,566,ApiGateway,ApiGateway,POST http://localhost:9580/api/Worker14 GET http://localhost:9580/api/Worker14 PUT http://localhost:9580/api/Worker14 DELETE http://localhost:9580/api/Worker14 POST http://localhost:9581/api/Worker15 GET http://localhost:9581/api/Worker15 PUT http://localhost:9581/api/Worker15 DELETE http://localhost:9581/api/Worker15 
567,Client88,http://localhost:9577/api/Client88,,false,567,ApiGateway,Client,POST http://localhost:9576/api/ApiGateway5 GET http://localhost:9576/api/ApiGateway5 PUT http://localhost:9576/api/ApiGateway5 DELETE http://localhost:9576/api/ApiGateway5 
568,Client89,http://localhost:9578/api/Client89,,false,568,ApiGateway,Client,POST http://localhost:9576/api/ApiGateway5 GET http://localhost:9576/api/ApiGateway5 PUT http://localhost:9576/api/ApiGateway5 DELETE http://localhost:9576/api/ApiGateway5 
569,Client90,http://localhost:9579/api/Client90,,false,569,ApiGateway,Client,POST http://localhost:9576/api/ApiGateway5 GET http://localhost:9576/api/ApiGateway5 PUT http://localhost:9576/api/ApiGateway5 DELETE http://localhost:9576/api/ApiGateway5 
570,Worker14,http://localhost:9580/api/Worker14,POST GET PUT DELETE ,false,570,ApiGateway,Worker,
571,Worker15,http://localhost:9581/api/Worker15,POST GET PUT DELETE ,false,571,ApiGateway,Worker,
572,ApiGateway6,http://localhost:9582/api/ApiGateway6,POST PUT GET DELETE ,false,572,ApiGateway,ApiGateway,POST http://localhost:9587/api/Worker16 GET http://localhost:9587/api/Worker16 PUT http://localhost:9587/api/Worker16 DELETE http://localhost:9587/api/Worker16 POST http://localhost:9588/api/Worker17 GET http://localhost:9588/api/Worker17 PUT http://localhost:9588/api/Worker17 DELETE http://localhost:9588/api/Worker17 POST http://localhost:9589/api/Worker18 GET http://localhost:9589/api/Worker18 PUT http://localhost:9589/api/Worker18 DELETE http://localhost:9589/api/Worker18 
573,Client91,http://localhost:9583/api/Client91,,false,573,ApiGateway,Client,POST http://localhost:9582/api/ApiGateway6 GET http://localhost:9582/api/ApiGateway6 PUT http://localhost:9582/api/ApiGateway6 DELETE http://localhost:9582/api/ApiGateway6 
574,Client92,http://localhost:9584/api/Client92,,false,574,ApiGateway,Client,POST http://localhost:9582/api/ApiGateway6 GET http://localhost:9582/api/ApiGateway6 PUT http://localhost:9582/api/ApiGateway6 DELETE http://localhost:9582/api/ApiGateway6 
575,Client93,http://localhost:9585/api/Client93,,false,575,ApiGateway,Client,POST http://localhost:9582/api/ApiGateway6 GET http://localhost:9582/api/ApiGateway6 PUT http://localhost:9582/api/ApiGateway6 DELETE http://localhost:9582/api/ApiGateway6 
576,Client94,http://localhost:9586/api/Client94,,false,576,ApiGateway,Client,POST http://localhost:9582/api/ApiGateway6 GET http://localhost:9582/api/ApiGateway6 PUT http://localhost:9582/api/ApiGateway6 DELETE http://localhost:9582/api/ApiGateway6 
577,Worker16,http://localhost:9587/api/Worker16,POST GET PUT DELETE ,false,577,ApiGateway,Worker,
578,Worker17,http://localhost:9588/api/Worker17,POST GET PUT DELETE ,false,578,ApiGateway,Worker,
579,Worker18,http://localhost:9589/api/Worker18,POST GET PUT DELETE ,false,579,ApiGateway,Worker,
580,ApiGateway7,http://localhost:9590/api/ApiGateway7,POST PUT GET DELETE ,false,580,ApiGateway,ApiGateway,POST http://localhost:9594/api/Worker19 GET http://localhost:9594/api/Worker19 PUT http://localhost:9594/api/Worker19 DELETE http://localhost:9594/api/Worker19 POST http://localhost:9595/api/Worker20 GET http://localhost:9595/api/Worker20 PUT http://localhost:9595/api/Worker20 DELETE http://localhost:9595/api/Worker20 POST http://localhost:9596/api/Worker21 GET http://localhost:9596/api/Worker21 PUT http://localhost:9596/api/Worker21 DELETE http://localhost:9596/api/Worker21 
581,Client95,http://localhost:9591/api/Client95,,false,581,ApiGateway,Client,POST http://localhost:9590/api/ApiGateway7 GET http://localhost:9590/api/ApiGateway7 PUT http://localhost:9590/api/ApiGateway7 DELETE http://localhost:9590/api/ApiGateway7 
582,Client96,http://localhost:9592/api/Client96,,false,582,ApiGateway,Client,POST http://localhost:9590/api/ApiGateway7 GET http://localhost:9590/api/ApiGateway7 PUT http://localhost:9590/api/ApiGateway7 DELETE http://localhost:9590/api/ApiGateway7 
583,Client97,http://localhost:9593/api/Client97,,false,583,ApiGateway,Client,POST http://localhost:9590/api/ApiGateway7 GET http://localhost:9590/api/ApiGateway7 PUT http://localhost:9590/api/ApiGateway7 DELETE http://localhost:9590/api/ApiGateway7 
584,Worker19,http://localhost:9594/api/Worker19,POST GET PUT DELETE ,false,584,ApiGateway,Worker,
585,Worker20,http://localhost:9595/api/Worker20,POST GET PUT DELETE ,false,585,ApiGateway,Worker,
586,Worker21,http://localhost:9596/api/Worker21,POST GET PUT DELETE ,false,586,ApiGateway,Worker,
587,ApiGateway8,http://localhost:9597/api/ApiGateway8,POST PUT GET DELETE ,false,587,ApiGateway,ApiGateway,POST http://localhost:9602/api/Worker22 GET http://localhost:9602/api/Worker22 PUT http://localhost:9602/api/Worker22 DELETE http://localhost:9602/api/Worker22 POST http://localhost:9603/api/Worker23 GET http://localhost:9603/api/Worker23 PUT http://localhost:9603/api/Worker23 DELETE http://localhost:9603/api/Worker23 POST http://localhost:9604/api/Worker24 GET http://localhost:9604/api/Worker24 PUT http://localhost:9604/api/Worker24 DELETE http://localhost:9604/api/Worker24 
588,Client98,http://localhost:9598/api/Client98,,false,588,ApiGateway,Client,POST http://localhost:9597/api/ApiGateway8 GET http://localhost:9597/api/ApiGateway8 PUT http://localhost:9597/api/ApiGateway8 DELETE http://localhost:9597/api/ApiGateway8 
589,Client99,http://localhost:9599/api/Client99,,false,589,ApiGateway,Client,POST http://localhost:9597/api/ApiGateway8 GET http://localhost:9597/api/ApiGateway8 PUT http://localhost:9597/api/ApiGateway8 DELETE http://localhost:9597/api/ApiGateway8 
590,Client100,http://localhost:9600/api/Client100,,false,590,ApiGateway,Client,POST http://localhost:9597/api/ApiGateway8 GET http://localhost:9597/api/ApiGateway8 PUT http://localhost:9597/api/ApiGateway8 DELETE http://localhost:9597/api/ApiGateway8 
591,Client101,http://localhost:9601/api/Client101,,false,591,ApiGateway,Client,POST http://localhost:9597/api/ApiGateway8 GET http://localhost:9597/api/ApiGateway8 PUT http://localhost:9597/api/ApiGateway8 DELETE http://localhost:9597/api/ApiGateway8 
592,Worker22,http://localhost:9602/api/Worker22,POST GET PUT DELETE ,false,592,ApiGateway,Worker,
593,Worker23,http://localhost:9603/api/Worker23,POST GET PUT DELETE ,false,593,ApiGateway,Worker,
594,Worker24,http://localhost:9604/api/Worker24,POST GET PUT DELETE ,false,594,ApiGateway,Worker,
595,ApiGateway9,http://localhost:9605/api/ApiGateway9,POST PUT GET DELETE ,false,595,ApiGateway,ApiGateway,POST http://localhost:9610/api/Worker25 GET http://localhost:9610/api/Worker25 PUT http://localhost:9610/api/Worker25 DELETE http://localhost:9610/api/Worker25 POST http://localhost:9611/api/Worker26 GET http://localhost:9611/api/Worker26 PUT http://localhost:9611/api/Worker26 DELETE http://localhost:9611/api/Worker26 POST http://localhost:9612/api/Worker27 GET http://localhost:9612/api/Worker27 PUT http://localhost:9612/api/Worker27 DELETE http://localhost:9612/api/Worker27 
596,Client102,http://localhost:9606/api/Client102,,false,596,ApiGateway,Client,POST http://localhost:9605/api/ApiGateway9 GET http://localhost:9605/api/ApiGateway9 PUT http://localhost:9605/api/ApiGateway9 DELETE http://localhost:9605/api/ApiGateway9 
597,Client103,http://localhost:9607/api/Client103,,false,597,ApiGateway,Client,POST http://localhost:9605/api/ApiGateway9 GET http://localhost:9605/api/ApiGateway9 PUT http://localhost:9605/api/ApiGateway9 DELETE http://localhost:9605/api/ApiGateway9 
598,Client104,http://localhost:9608/api/Client104,,false,598,ApiGateway,Client,POST http://localhost:9605/api/ApiGateway9 GET http://localhost:9605/api/ApiGateway9 PUT http://localhost:9605/api/ApiGateway9 DELETE http://localhost:9605/api/ApiGateway9 
599,Client105,http://localhost:9609/api/Client105,,false,599,ApiGateway,Client,POST http://localhost:9605/api/ApiGateway9 GET http://localhost:9605/api/ApiGateway9 PUT http://localhost:9605/api/ApiGateway9 DELETE http://localhost:9605/api/ApiGateway9 
600,Worker25,http://localhost:9610/api/Worker25,POST GET PUT DELETE ,false,600,ApiGateway,Worker,
601,Worker26,http://localhost:9611/api/Worker26,POST GET PUT DELETE ,false,601,ApiGateway,Worker,
602,Worker27,http://localhost:9612/api/Worker27,POST GET PUT DELETE ,false,602,ApiGateway,Worker,
603,ApiGateway10,http://localhost:9613/api/ApiGateway10,POST PUT GET DELETE ,false,603,ApiGateway,ApiGateway,POST http://localhost:9617/api/Worker28 GET http://localhost:9617/api/Worker28 PUT http://localhost:9617/api/Worker28 DELETE http://localhost:9617/api/Worker28 POST http://localhost:9618/api/Worker29 GET http://localhost:9618/api/Worker29 PUT http://localhost:9618/api/Worker29 DELETE http://localhost:9618/api/Worker29 
604,Client106,http://localhost:9614/api/Client106,,false,604,ApiGateway,Client,POST http://localhost:9613/api/ApiGateway10 GET http://localhost:9613/api/ApiGateway10 PUT http://localhost:9613/api/ApiGateway10 DELETE http://localhost:9613/api/ApiGateway10 
605,Client107,http://localhost:9615/api/Client107,,false,605,ApiGateway,Client,POST http://localhost:9613/api/ApiGateway10 GET http://localhost:9613/api/ApiGateway10 PUT http://localhost:9613/api/ApiGateway10 DELETE http://localhost:9613/api/ApiGateway10 
606,Client108,http://localhost:9616/api/Client108,,false,606,ApiGateway,Client,POST http://localhost:9613/api/ApiGateway10 GET http://localhost:9613/api/ApiGateway10 PUT http://localhost:9613/api/ApiGateway10 DELETE http://localhost:9613/api/ApiGateway10 
607,Worker28,http://localhost:9617/api/Worker28,POST GET PUT DELETE ,false,607,ApiGateway,Worker,
608,Worker29,http://localhost:9618/api/Worker29,POST GET PUT DELETE ,false,608,ApiGateway,Worker,
609,ApiGateway11,http://localhost:9619/api/ApiGateway11,POST PUT GET DELETE ,false,609,ApiGateway,ApiGateway,POST http://localhost:9623/api/Worker30 GET http://localhost:9623/api/Worker30 PUT http://localhost:9623/api/Worker30 DELETE http://localhost:9623/api/Worker30 POST http://localhost:9624/api/Worker31 GET http://localhost:9624/api/Worker31 PUT http://localhost:9624/api/Worker31 DELETE http://localhost:9624/api/Worker31 
610,Client109,http://localhost:9620/api/Client109,,false,610,ApiGateway,Client,POST http://localhost:9619/api/ApiGateway11 GET http://localhost:9619/api/ApiGateway11 PUT http://localhost:9619/api/ApiGateway11 DELETE http://localhost:9619/api/ApiGateway11 
611,Client110,http://localhost:9621/api/Client110,,false,611,ApiGateway,Client,POST http://localhost:9619/api/ApiGateway11 GET http://localhost:9619/api/ApiGateway11 PUT http://localhost:9619/api/ApiGateway11 DELETE http://localhost:9619/api/ApiGateway11 
612,Client111,http://localhost:9622/api/Client111,,false,612,ApiGateway,Client,POST http://localhost:9619/api/ApiGateway11 GET http://localhost:9619/api/ApiGateway11 PUT http://localhost:9619/api/ApiGateway11 DELETE http://localhost:9619/api/ApiGateway11 
613,Worker30,http://localhost:9623/api/Worker30,POST GET PUT DELETE ,false,613,ApiGateway,Worker,
614,Worker31,http://localhost:9624/api/Worker31,POST GET PUT DELETE ,false,614,ApiGateway,Worker,
615,ApiGateway12,http://localhost:9625/api/ApiGateway12,POST PUT GET DELETE ,false,615,ApiGateway,ApiGateway,POST http://localhost:9629/api/Worker32 GET http://localhost:9629/api/Worker32 PUT http://localhost:9629/api/Worker32 DELETE http://localhost:9629/api/Worker32 POST http://localhost:9630/api/Worker33 GET http://localhost:9630/api/Worker33 PUT http://localhost:9630/api/Worker33 DELETE http://localhost:9630/api/Worker33 POST http://localhost:9631/api/Worker34 GET http://localhost:9631/api/Worker34 PUT http://localhost:9631/api/Worker34 DELETE http://localhost:9631/api/Worker34 
616,Client112,http://localhost:9626/api/Client112,,false,616,ApiGateway,Client,POST http://localhost:9625/api/ApiGateway12 GET http://localhost:9625/api/ApiGateway12 PUT http://localhost:9625/api/ApiGateway12 DELETE http://localhost:9625/api/ApiGateway12 
617,Client113,http://localhost:9627/api/Client113,,false,617,ApiGateway,Client,POST http://localhost:9625/api/ApiGateway12 GET http://localhost:9625/api/ApiGateway12 PUT http://localhost:9625/api/ApiGateway12 DELETE http://localhost:9625/api/ApiGateway12 
618,Client114,http://localhost:9628/api/Client114,,false,618,ApiGateway,Client,POST http://localhost:9625/api/ApiGateway12 GET http://localhost:9625/api/ApiGateway12 PUT http://localhost:9625/api/ApiGateway12 DELETE http://localhost:9625/api/ApiGateway12 
619,Worker32,http://localhost:9629/api/Worker32,POST GET PUT DELETE ,false,619,ApiGateway,Worker,
620,Worker33,http://localhost:9630/api/Worker33,POST GET PUT DELETE ,false,620,ApiGateway,Worker,
621,Worker34,http://localhost:9631/api/Worker34,POST GET PUT DELETE ,false,621,ApiGateway,Worker,
622,ApiGateway13,http://localhost:9632/api/ApiGateway13,POST PUT GET DELETE ,false,622,ApiGateway,ApiGateway,POST http://localhost:9636/api/Worker35 GET http://localhost:9636/api/Worker35 PUT http://localhost:9636/api/Worker35 DELETE http://localhost:9636/api/Worker35 POST http://localhost:9637/api/Worker36 GET http://localhost:9637/api/Worker36 PUT http://localhost:9637/api/Worker36 DELETE http://localhost:9637/api/Worker36 POST http://localhost:9638/api/Worker37 GET http://localhost:9638/api/Worker37 PUT http://localhost:9638/api/Worker37 DELETE http://localhost:9638/api/Worker37 
623,Client115,http://localhost:9633/api/Client115,,false,623,ApiGateway,Client,POST http://localhost:9632/api/ApiGateway13 GET http://localhost:9632/api/ApiGateway13 PUT http://localhost:9632/api/ApiGateway13 DELETE http://localhost:9632/api/ApiGateway13 
624,Client116,http://localhost:9634/api/Client116,,false,624,ApiGateway,Client,POST http://localhost:9632/api/ApiGateway13 GET http://localhost:9632/api/ApiGateway13 PUT http://localhost:9632/api/ApiGateway13 DELETE http://localhost:9632/api/ApiGateway13 
625,Client117,http://localhost:9635/api/Client117,,false,625,ApiGateway,Client,POST http://localhost:9632/api/ApiGateway13 GET http://localhost:9632/api/ApiGateway13 PUT http://localhost:9632/api/ApiGateway13 DELETE http://localhost:9632/api/ApiGateway13 
626,Worker35,http://localhost:9636/api/Worker35,POST GET PUT DELETE ,false,626,ApiGateway,Worker,
627,Worker36,http://localhost:9637/api/Worker36,POST GET PUT DELETE ,false,627,ApiGateway,Worker,
628,Worker37,http://localhost:9638/api/Worker37,POST GET PUT DELETE ,false,628,ApiGateway,Worker,
629,ApiGateway14,http://localhost:9639/api/ApiGateway14,POST PUT GET DELETE ,false,629,ApiGateway,ApiGateway,POST http://localhost:9644/api/Worker38 GET http://localhost:9644/api/Worker38 PUT http://localhost:9644/api/Worker38 DELETE http://localhost:9644/api/Worker38 POST http://localhost:9645/api/Worker39 GET http://localhost:9645/api/Worker39 PUT http://localhost:9645/api/Worker39 DELETE http://localhost:9645/api/Worker39 POST http://localhost:9646/api/Worker40 GET http://localhost:9646/api/Worker40 PUT http://localhost:9646/api/Worker40 DELETE http://localhost:9646/api/Worker40 
630,Client118,http://localhost:9640/api/Client118,,false,630,ApiGateway,Client,POST http://localhost:9639/api/ApiGateway14 GET http://localhost:9639/api/ApiGateway14 PUT http://localhost:9639/api/ApiGateway14 DELETE http://localhost:9639/api/ApiGateway14 
631,Client119,http://localhost:9641/api/Client119,,false,631,ApiGateway,Client,POST http://localhost:9639/api/ApiGateway14 GET http://localhost:9639/api/ApiGateway14 PUT http://localhost:9639/api/ApiGateway14 DELETE http://localhost:9639/api/ApiGateway14 
632,Client120,http://localhost:9642/api/Client120,,false,632,ApiGateway,Client,POST http://localhost:9639/api/ApiGateway14 GET http://localhost:9639/api/ApiGateway14 PUT http://localhost:9639/api/ApiGateway14 DELETE http://localhost:9639/api/ApiGateway14 
633,Client121,http://localhost:9643/api/Client121,,false,633,ApiGateway,Client,POST http://localhost:9639/api/ApiGateway14 GET http://localhost:9639/api/ApiGateway14 PUT http://localhost:9639/api/ApiGateway14 DELETE http://localhost:9639/api/ApiGateway14 
634,Worker38,http://localhost:9644/api/Worker38,POST GET PUT DELETE ,false,634,ApiGateway,Worker,
635,Worker39,http://localhost:9645/api/Worker39,POST GET PUT DELETE ,false,635,ApiGateway,Worker,
636,Worker40,http://localhost:9646/api/Worker40,POST GET PUT DELETE ,false,636,ApiGateway,Worker,
637,ApiGateway15,http://localhost:9647/api/ApiGateway15,POST PUT GET DELETE ,false,637,ApiGateway,ApiGateway,POST http://localhost:9651/api/Worker41 GET http://localhost:9651/api/Worker41 PUT http://localhost:9651/api/Worker41 DELETE http://localhost:9651/api/Worker41 
638,Client122,http://localhost:9648/api/Client122,,false,638,ApiGateway,Client,POST http://localhost:9647/api/ApiGateway15 GET http://localhost:9647/api/ApiGateway15 PUT http://localhost:9647/api/ApiGateway15 DELETE http://localhost:9647/api/ApiGateway15 
639,Client123,http://localhost:9649/api/Client123,,false,639,ApiGateway,Client,POST http://localhost:9647/api/ApiGateway15 GET http://localhost:9647/api/ApiGateway15 PUT http://localhost:9647/api/ApiGateway15 DELETE http://localhost:9647/api/ApiGateway15 
640,Client124,http://localhost:9650/api/Client124,,false,640,ApiGateway,Client,POST http://localhost:9647/api/ApiGateway15 GET http://localhost:9647/api/ApiGateway15 PUT http://localhost:9647/api/ApiGateway15 DELETE http://localhost:9647/api/ApiGateway15 
641,Worker41,http://localhost:9651/api/Worker41,POST GET PUT DELETE ,false,641,ApiGateway,Worker,
642,ApiGateway16,http://localhost:9652/api/ApiGateway16,POST PUT GET DELETE ,false,642,ApiGateway,ApiGateway,POST http://localhost:9657/api/Worker42 GET http://localhost:9657/api/Worker42 PUT http://localhost:9657/api/Worker42 DELETE http://localhost:9657/api/Worker42 POST http://localhost:9658/api/Worker43 GET http://localhost:9658/api/Worker43 PUT http://localhost:9658/api/Worker43 DELETE http://localhost:9658/api/Worker43 POST http://localhost:9659/api/Worker44 GET http://localhost:9659/api/Worker44 PUT http://localhost:9659/api/Worker44 DELETE http://localhost:9659/api/Worker44 
643,Client125,http://localhost:9653/api/Client125,,false,643,ApiGateway,Client,POST http://localhost:9652/api/ApiGateway16 GET http://localhost:9652/api/ApiGateway16 PUT http://localhost:9652/api/ApiGateway16 DELETE http://localhost:9652/api/ApiGateway16 
644,Client126,http://localhost:9654/api/Client126,,false,644,ApiGateway,Client,POST http://localhost:9652/api/ApiGateway16 GET http://localhost:9652/api/ApiGateway16 PUT http://localhost:9652/api/ApiGateway16 DELETE http://localhost:9652/api/ApiGateway16 
645,Client127,http://localhost:9655/api/Client127,,false,645,ApiGateway,Client,POST http://localhost:9652/api/ApiGateway16 GET http://localhost:9652/api/ApiGateway16 PUT http://localhost:9652/api/ApiGateway16 DELETE http://localhost:9652/api/ApiGateway16 
646,Client128,http://localhost:9656/api/Client128,,false,646,ApiGateway,Client,POST http://localhost:9652/api/ApiGateway16 GET http://localhost:9652/api/ApiGateway16 PUT http://localhost:9652/api/ApiGateway16 DELETE http://localhost:9652/api/ApiGateway16 
647,Worker42,http://localhost:9657/api/Worker42,POST GET PUT DELETE ,false,647,ApiGateway,Worker,
648,Worker43,http://localhost:9658/api/Worker43,POST GET PUT DELETE ,false,648,ApiGateway,Worker,
649,Worker44,http://localhost:9659/api/Worker44,POST GET PUT DELETE ,false,649,ApiGateway,Worker,
650,ApiGateway17,http://localhost:9660/api/ApiGateway17,POST PUT GET DELETE ,false,650,ApiGateway,ApiGateway,POST http://localhost:9665/api/Worker45 GET http://localhost:9665/api/Worker45 PUT http://localhost:9665/api/Worker45 DELETE http://localhost:9665/api/Worker45 POST http://localhost:9666/api/Worker46 GET http://localhost:9666/api/Worker46 PUT http://localhost:9666/api/Worker46 DELETE http://localhost:9666/api/Worker46 POST http://localhost:9667/api/Worker47 GET http://localhost:9667/api/Worker47 PUT http://localhost:9667/api/Worker47 DELETE http://localhost:9667/api/Worker47 
651,Client129,http://localhost:9661/api/Client129,,false,651,ApiGateway,Client,POST http://localhost:9660/api/ApiGateway17 GET http://localhost:9660/api/ApiGateway17 PUT http://localhost:9660/api/ApiGateway17 DELETE http://localhost:9660/api/ApiGateway17 
652,Client130,http://localhost:9662/api/Client130,,false,652,ApiGateway,Client,POST http://localhost:9660/api/ApiGateway17 GET http://localhost:9660/api/ApiGateway17 PUT http://localhost:9660/api/ApiGateway17 DELETE http://localhost:9660/api/ApiGateway17 
653,Client131,http://localhost:9663/api/Client131,,false,653,ApiGateway,Client,POST http://localhost:9660/api/ApiGateway17 GET http://localhost:9660/api/ApiGateway17 PUT http://localhost:9660/api/ApiGateway17 DELETE http://localhost:9660/api/ApiGateway17 
654,Client132,http://localhost:9664/api/Client132,,false,654,ApiGateway,Client,POST http://localhost:9660/api/ApiGateway17 GET http://localhost:9660/api/ApiGateway17 PUT http://localhost:9660/api/ApiGateway17 DELETE http://localhost:9660/api/ApiGateway17 
655,Worker45,http://localhost:9665/api/Worker45,POST GET PUT DELETE ,false,655,ApiGateway,Worker,
656,Worker46,http://localhost:9666/api/Worker46,POST GET PUT DELETE ,false,656,ApiGateway,Worker,
657,Worker47,http://localhost:9667/api/Worker47,POST GET PUT DELETE ,false,657,ApiGateway,Worker,
658,ApiGateway18,http://localhost:9668/api/ApiGateway18,POST PUT GET DELETE ,false,658,ApiGateway,ApiGateway,POST http://localhost:9672/api/Worker48 GET http://localhost:9672/api/Worker48 PUT http://localhost:9672/api/Worker48 DELETE http://localhost:9672/api/Worker48 POST http://localhost:9673/api/Worker49 GET http://localhost:9673/api/Worker49 PUT http://localhost:9673/api/Worker49 DELETE http://localhost:9673/api/Worker49 POST http://localhost:9674/api/Worker50 GET http://localhost:9674/api/Worker50 PUT http://localhost:9674/api/Worker50 DELETE http://localhost:9674/api/Worker50 
659,Client133,http://localhost:9669/api/Client133,,false,659,ApiGateway,Client,POST http://localhost:9668/api/ApiGateway18 GET http://localhost:9668/api/ApiGateway18 PUT http://localhost:9668/api/ApiGateway18 DELETE http://localhost:9668/api/ApiGateway18 
660,Client134,http://localhost:9670/api/Client134,,false,660,ApiGateway,Client,POST http://localhost:9668/api/ApiGateway18 GET http://localhost:9668/api/ApiGateway18 PUT http://localhost:9668/api/ApiGateway18 DELETE http://localhost:9668/api/ApiGateway18 
661,Client135,http://localhost:9671/api/Client135,,false,661,ApiGateway,Client,POST http://localhost:9668/api/ApiGateway18 GET http://localhost:9668/api/ApiGateway18 PUT http://localhost:9668/api/ApiGateway18 DELETE http://localhost:9668/api/ApiGateway18 
662,Worker48,http://localhost:9672/api/Worker48,POST GET PUT DELETE ,false,662,ApiGateway,Worker,
663,Worker49,http://localhost:9673/api/Worker49,POST GET PUT DELETE ,false,663,ApiGateway,Worker,
664,Worker50,http://localhost:9674/api/Worker50,POST GET PUT DELETE ,false,664,ApiGateway,Worker,
665,ApiGateway19,http://localhost:9675/api/ApiGateway19,POST PUT GET DELETE ,false,665,ApiGateway,ApiGateway,POST http://localhost:9680/api/Worker51 GET http://localhost:9680/api/Worker51 PUT http://localhost:9680/api/Worker51 DELETE http://localhost:9680/api/Worker51 POST http://localhost:9681/api/Worker52 GET http://localhost:9681/api/Worker52 PUT http://localhost:9681/api/Worker52 DELETE http://localhost:9681/api/Worker52 
666,Client136,http://localhost:9676/api/Client136,,false,666,ApiGateway,Client,POST http://localhost:9675/api/ApiGateway19 GET http://localhost:9675/api/ApiGateway19 PUT http://localhost:9675/api/ApiGateway19 DELETE http://localhost:9675/api/ApiGateway19 
667,Client137,http://localhost:9677/api/Client137,,false,667,ApiGateway,Client,POST http://localhost:9675/api/ApiGateway19 GET http://localhost:9675/api/ApiGateway19 PUT http://localhost:9675/api/ApiGateway19 DELETE http://localhost:9675/api/ApiGateway19 
668,Client138,http://localhost:9678/api/Client138,,false,668,ApiGateway,Client,POST http://localhost:9675/api/ApiGateway19 GET http://localhost:9675/api/ApiGateway19 PUT http://localhost:9675/api/ApiGateway19 DELETE http://localhost:9675/api/ApiGateway19 
669,Client139,http://localhost:9679/api/Client139,,false,669,ApiGateway,Client,POST http://localhost:9675/api/ApiGateway19 GET http://localhost:9675/api/ApiGateway19 PUT http://localhost:9675/api/ApiGateway19 DELETE http://localhost:9675/api/ApiGateway19 
670,Worker51,http://localhost:9680/api/Worker51,POST GET PUT DELETE ,false,670,ApiGateway,Worker,
671,Worker52,http://localhost:9681/api/Worker52,POST GET PUT DELETE ,false,671,ApiGateway,Worker,
672,ApiGateway20,http://localhost:9682/api/ApiGateway20,POST PUT GET DELETE ,false,672,ApiGateway,ApiGateway,POST http://localhost:9687/api/Worker53 GET http://localhost:9687/api/Worker53 PUT http://localhost:9687/api/Worker53 DELETE http://localhost:9687/api/Worker53 POST http://localhost:9688/api/Worker54 GET http://localhost:9688/api/Worker54 PUT http://localhost:9688/api/Worker54 DELETE http://localhost:9688/api/Worker54 POST http://localhost:9689/api/Worker55 GET http://localhost:9689/api/Worker55 PUT http://localhost:9689/api/Worker55 DELETE http://localhost:9689/api/Worker55 
673,Client140,http://localhost:9683/api/Client140,,false,673,ApiGateway,Client,POST http://localhost:9682/api/ApiGateway20 GET http://localhost:9682/api/ApiGateway20 PUT http://localhost:9682/api/ApiGateway20 DELETE http://localhost:9682/api/ApiGateway20 
674,Client141,http://localhost:9684/api/Client141,,false,674,ApiGateway,Client,POST http://localhost:9682/api/ApiGateway20 GET http://localhost:9682/api/ApiGateway20 PUT http://localhost:9682/api/ApiGateway20 DELETE http://localhost:9682/api/ApiGateway20 
675,Client142,http://localhost:9685/api/Client142,,false,675,ApiGateway,Client,POST http://localhost:9682/api/ApiGateway20 GET http://localhost:9682/api/ApiGateway20 PUT http://localhost:9682/api/ApiGateway20 DELETE http://localhost:9682/api/ApiGateway20 
676,Client143,http://localhost:9686/api/Client143,,false,676,ApiGateway,Client,POST http://localhost:9682/api/ApiGateway20 GET http://localhost:9682/api/ApiGateway20 PUT http://localhost:9682/api/ApiGateway20 DELETE http://localhost:9682/api/ApiGateway20 
677,Worker53,http://localhost:9687/api/Worker53,POST GET PUT DELETE ,false,677,ApiGateway,Worker,
678,Worker54,http://localhost:9688/api/Worker54,POST GET PUT DELETE ,false,678,ApiGateway,Worker,
679,Worker55,http://localhost:9689/api/Worker55,POST GET PUT DELETE ,false,679,ApiGateway,Worker,
680,ApiGateway21,http://localhost:9690/api/ApiGateway21,POST PUT GET DELETE ,false,680,ApiGateway,ApiGateway,POST http://localhost:9694/api/Worker56 GET http://localhost:9694/api/Worker56 PUT http://localhost:9694/api/Worker56 DELETE http://localhost:9694/api/Worker56 POST http://localhost:9695/api/Worker57 GET http://localhost:9695/api/Worker57 PUT http://localhost:9695/api/Worker57 DELETE http://localhost:9695/api/Worker57 POST http://localhost:9696/api/Worker58 GET http://localhost:9696/api/Worker58 PUT http://localhost:9696/api/Worker58 DELETE http://localhost:9696/api/Worker58 
681,Client144,http://localhost:9691/api/Client144,,false,681,ApiGateway,Client,POST http://localhost:9690/api/ApiGateway21 GET http://localhost:9690/api/ApiGateway21 PUT http://localhost:9690/api/ApiGateway21 DELETE http://localhost:9690/api/ApiGateway21 
682,Client145,http://localhost:9692/api/Client145,,false,682,ApiGateway,Client,POST http://localhost:9690/api/ApiGateway21 GET http://localhost:9690/api/ApiGateway21 PUT http://localhost:9690/api/ApiGateway21 DELETE http://localhost:9690/api/ApiGateway21 
683,Client146,http://localhost:9693/api/Client146,,false,683,ApiGateway,Client,POST http://localhost:9690/api/ApiGateway21 GET http://localhost:9690/api/ApiGateway21 PUT http://localhost:9690/api/ApiGateway21 DELETE http://localhost:9690/api/ApiGateway21 
684,Worker56,http://localhost:9694/api/Worker56,POST GET PUT DELETE ,false,684,ApiGateway,Worker,
685,Worker57,http://localhost:9695/api/Worker57,POST GET PUT DELETE ,false,685,ApiGateway,Worker,
686,Worker58,http://localhost:9696/api/Worker58,POST GET PUT DELETE ,false,686,ApiGateway,Worker,
687,ApiGateway22,http://localhost:9697/api/ApiGateway22,POST PUT GET DELETE ,false,687,ApiGateway,ApiGateway,POST http://localhost:9701/api/Worker59 GET http://localhost:9701/api/Worker59 PUT http://localhost:9701/api/Worker59 DELETE http://localhost:9701/api/Worker59 
688,Client147,http://localhost:9698/api/Client147,,false,688,ApiGateway,Client,POST http://localhost:9697/api/ApiGateway22 GET http://localhost:9697/api/ApiGateway22 PUT http://localhost:9697/api/ApiGateway22 DELETE http://localhost:9697/api/ApiGateway22 
689,Client148,http://localhost:9699/api/Client148,,false,689,ApiGateway,Client,POST http://localhost:9697/api/ApiGateway22 GET http://localhost:9697/api/ApiGateway22 PUT http://localhost:9697/api/ApiGateway22 DELETE http://localhost:9697/api/ApiGateway22 
690,Client149,http://localhost:9700/api/Client149,,false,690,ApiGateway,Client,POST http://localhost:9697/api/ApiGateway22 GET http://localhost:9697/api/ApiGateway22 PUT http://localhost:9697/api/ApiGateway22 DELETE http://localhost:9697/api/ApiGateway22 
691,Worker59,http://localhost:9701/api/Worker59,POST GET PUT DELETE ,false,691,ApiGateway,Worker,
692,ApiGateway23,http://localhost:9702/api/ApiGateway23,POST PUT GET DELETE ,false,692,ApiGateway,ApiGateway,POST http://localhost:9707/api/Worker60 GET http://localhost:9707/api/Worker60 PUT http://localhost:9707/api/Worker60 DELETE http://localhost:9707/api/Worker60 POST http://localhost:9708/api/Worker61 GET http://localhost:9708/api/Worker61 PUT http://localhost:9708/api/Worker61 DELETE http://localhost:9708/api/Worker61 
693,Client150,http://localhost:9703/api/Client150,,false,693,ApiGateway,Client,POST http://localhost:9702/api/ApiGateway23 GET http://localhost:9702/api/ApiGateway23 PUT http://localhost:9702/api/ApiGateway23 DELETE http://localhost:9702/api/ApiGateway23 
694,Client151,http://localhost:9704/api/Client151,,false,694,ApiGateway,Client,POST http://localhost:9702/api/ApiGateway23 GET http://localhost:9702/api/ApiGateway23 PUT http://localhost:9702/api/ApiGateway23 DELETE http://localhost:9702/api/ApiGateway23 
695,Client152,http://localhost:9705/api/Client152,,false,695,ApiGateway,Client,POST http://localhost:9702/api/ApiGateway23 GET http://localhost:9702/api/ApiGateway23 PUT http://localhost:9702/api/ApiGateway23 DELETE http://localhost:9702/api/ApiGateway23 
696,Client153,http://localhost:9706/api/Client153,,false,696,ApiGateway,Client,POST http://localhost:9702/api/ApiGateway23 GET http://localhost:9702/api/ApiGateway23 PUT http://localhost:9702/api/ApiGateway23 DELETE http://localhost:9702/api/ApiGateway23 
697,Worker60,http://localhost:9707/api/Worker60,POST GET PUT DELETE ,false,697,ApiGateway,Worker,
698,Worker61,http://localhost:9708/api/Worker61,POST GET PUT DELETE ,false,698,ApiGateway,Worker,
699,ApiGateway24,http://localhost:9709/api/ApiGateway24,POST PUT GET DELETE ,false,699,ApiGateway,ApiGateway,POST http://localhost:9714/api/Worker62 GET http://localhost:9714/api/Worker62 PUT http://localhost:9714/api/Worker62 DELETE http://localhost:9714/api/Worker62 POST http://localhost:9715/api/Worker63 GET http://localhost:9715/api/Worker63 PUT http://localhost:9715/api/Worker63 DELETE http://localhost:9715/api/Worker63 POST http://localhost:9716/api/Worker64 GET http://localhost:9716/api/Worker64 PUT http://localhost:9716/api/Worker64 DELETE http://localhost:9716/api/Worker64 
700,Client154,http://localhost:9710/api/Client154,,false,700,ApiGateway,Client,POST http://localhost:9709/api/ApiGateway24 GET http://localhost:9709/api/ApiGateway24 PUT http://localhost:9709/api/ApiGateway24 DELETE http://localhost:9709/api/ApiGateway24 
701,Client155,http://localhost:9711/api/Client155,,false,701,ApiGateway,Client,POST http://localhost:9709/api/ApiGateway24 GET http://localhost:9709/api/ApiGateway24 PUT http://localhost:9709/api/ApiGateway24 DELETE http://localhost:9709/api/ApiGateway24 
702,Client156,http://localhost:9712/api/Client156,,false,702,ApiGateway,Client,POST http://localhost:9709/api/ApiGateway24 GET http://localhost:9709/api/ApiGateway24 PUT http://localhost:9709/api/ApiGateway24 DELETE http://localhost:9709/api/ApiGateway24 
703,Client157,http://localhost:9713/api/Client157,,false,703,ApiGateway,Client,POST http://localhost:9709/api/ApiGateway24 GET http://localhost:9709/api/ApiGateway24 PUT http://localhost:9709/api/ApiGateway24 DELETE http://localhost:9709/api/ApiGateway24 
704,Worker62,http://localhost:9714/api/Worker62,POST GET PUT DELETE ,false,704,ApiGateway,Worker,
705,Worker63,http://localhost:9715/api/Worker63,POST GET PUT DELETE ,false,705,ApiGateway,Worker,
706,Worker64,http://localhost:9716/api/Worker64,POST GET PUT DELETE ,false,706,ApiGateway,Worker,
707,ServiceRegistry0,http://localhost:9717/api/ServiceRegistry0,POST PUT GET DELETE ,false,707,ServiceDiscovery,ServiceRegistry,
708,Worker65,http://localhost:9718/api/Worker65,POST PUT GET DELETE ,false,708,ServiceDiscovery,Worker,POST http://localhost:9717/api/ServiceRegistry0 PUT http://localhost:9717/api/ServiceRegistry0 DELETE http://localhost:9717/api/ServiceRegistry0 
709,Client158,http://localhost:9719/api/Client158,,false,709,ServiceDiscovery,Client,GET http://localhost:9717/api/ServiceRegistry0 GET http://localhost:9718/api/Worker65 PUT http://localhost:9718/api/Worker65 POST http://localhost:9718/api/Worker65 DELETE http://localhost:9718/api/Worker65 
710,Client159,http://localhost:9720/api/Client159,,false,710,ServiceDiscovery,Client,GET http://localhost:9717/api/ServiceRegistry0 GET http://localhost:9718/api/Worker65 PUT http://localhost:9718/api/Worker65 POST http://localhost:9718/api/Worker65 DELETE http://localhost:9718/api/Worker65 
711,Client160,http://localhost:9721/api/Client160,,false,711,ServiceDiscovery,Client,GET http://localhost:9717/api/ServiceRegistry0 GET http://localhost:9718/api/Worker65 PUT http://localhost:9718/api/Worker65 POST http://localhost:9718/api/Worker65 DELETE http://localhost:9718/api/Worker65 
712,Client161,http://localhost:9722/api/Client161,,false,712,ServiceDiscovery,Client,GET http://localhost:9717/api/ServiceRegistry0 GET http://localhost:9718/api/Worker65 PUT http://localhost:9718/api/Worker65 POST http://localhost:9718/api/Worker65 DELETE http://localhost:9718/api/Worker65 
713,Client162,http://localhost:9723/api/Client162,,false,713,ServiceDiscovery,Client,GET http://localhost:9717/api/ServiceRegistry0 GET http://localhost:9718/api/Worker65 PUT http://localhost:9718/api/Worker65 POST http://localhost:9718/api/Worker65 DELETE http://localhost:9718/api/Worker65 
714,ServiceRegistry1,http://localhost:9724/api/ServiceRegistry1,POST PUT GET DELETE ,false,714,ServiceDiscovery,ServiceRegistry,
715,Worker66,http://localhost:9725/api/Worker66,POST PUT GET DELETE ,false,715,ServiceDiscovery,Worker,POST http://localhost:9724/api/ServiceRegistry1 PUT http://localhost:9724/api/ServiceRegistry1 DELETE http://localhost:9724/api/ServiceRegistry1 
716,Worker67,http://localhost:9726/api/Worker67,POST PUT GET DELETE ,false,716,ServiceDiscovery,Worker,POST http://localhost:9724/api/ServiceRegistry1 PUT http://localhost:9724/api/ServiceRegistry1 DELETE http://localhost:9724/api/ServiceRegistry1 
717,Worker68,http://localhost:9727/api/Worker68,POST PUT GET DELETE ,false,717,ServiceDiscovery,Worker,POST http://localhost:9724/api/ServiceRegistry1 PUT http://localhost:9724/api/ServiceRegistry1 DELETE http://localhost:9724/api/ServiceRegistry1 
718,Worker69,http://localhost:9728/api/Worker69,POST PUT GET DELETE ,false,718,ServiceDiscovery,Worker,POST http://localhost:9724/api/ServiceRegistry1 PUT http://localhost:9724/api/ServiceRegistry1 DELETE http://localhost:9724/api/ServiceRegistry1 
719,Client163,http://localhost:9729/api/Client163,,false,719,ServiceDiscovery,Client,GET http://localhost:9724/api/ServiceRegistry1 GET http://localhost:9728/api/Worker69 PUT http://localhost:9728/api/Worker69 POST http://localhost:9728/api/Worker69 DELETE http://localhost:9728/api/Worker69 
720,Client164,http://localhost:9730/api/Client164,,false,720,ServiceDiscovery,Client,GET http://localhost:9724/api/ServiceRegistry1 GET http://localhost:9728/api/Worker69 PUT http://localhost:9728/api/Worker69 POST http://localhost:9728/api/Worker69 DELETE http://localhost:9728/api/Worker69 
721,Client165,http://localhost:9731/api/Client165,,false,721,ServiceDiscovery,Client,GET http://localhost:9724/api/ServiceRegistry1 GET http://localhost:9728/api/Worker69 PUT http://localhost:9728/api/Worker69 POST http://localhost:9728/api/Worker69 DELETE http://localhost:9728/api/Worker69 
722,Client166,http://localhost:9732/api/Client166,,false,722,ServiceDiscovery,Client,GET http://localhost:9724/api/ServiceRegistry1 GET http://localhost:9728/api/Worker69 PUT http://localhost:9728/api/Worker69 POST http://localhost:9728/api/Worker69 DELETE http://localhost:9728/api/Worker69 
723,Client167,http://localhost:9733/api/Client167,,false,723,ServiceDiscovery,Client,GET http://localhost:9724/api/ServiceRegistry1 GET http://localhost:9728/api/Worker69 PUT http://localhost:9728/api/Worker69 POST http://localhost:9728/api/Worker69 DELETE http://localhost:9728/api/Worker69 
724,Client168,http://localhost:9734/api/Client168,,false,724,ServiceDiscovery,Client,GET http://localhost:9724/api/ServiceRegistry1 GET http://localhost:9728/api/Worker69 PUT http://localhost:9728/api/Worker69 POST http://localhost:9728/api/Worker69 DELETE http://localhost:9728/api/Worker69 
725,ServiceRegistry2,http://localhost:9735/api/ServiceRegistry2,POST PUT GET DELETE ,false,725,ServiceDiscovery,ServiceRegistry,
726,Worker70,http://localhost:9736/api/Worker70,POST PUT GET DELETE ,false,726,ServiceDiscovery,Worker,POST http://localhost:9735/api/ServiceRegistry2 PUT http://localhost:9735/api/ServiceRegistry2 DELETE http://localhost:9735/api/ServiceRegistry2 
727,Client169,http://localhost:9737/api/Client169,,false,727,ServiceDiscovery,Client,GET http://localhost:9735/api/ServiceRegistry2 GET http://localhost:9736/api/Worker70 PUT http://localhost:9736/api/Worker70 POST http://localhost:9736/api/Worker70 DELETE http://localhost:9736/api/Worker70 
728,Client170,http://localhost:9738/api/Client170,,false,728,ServiceDiscovery,Client,GET http://localhost:9735/api/ServiceRegistry2 GET http://localhost:9736/api/Worker70 PUT http://localhost:9736/api/Worker70 POST http://localhost:9736/api/Worker70 DELETE http://localhost:9736/api/Worker70 
729,Client171,http://localhost:9739/api/Client171,,false,729,ServiceDiscovery,Client,GET http://localhost:9735/api/ServiceRegistry2 GET http://localhost:9736/api/Worker70 PUT http://localhost:9736/api/Worker70 POST http://localhost:9736/api/Worker70 DELETE http://localhost:9736/api/Worker70 
730,Client172,http://localhost:9740/api/Client172,,false,730,ServiceDiscovery,Client,GET http://localhost:9735/api/ServiceRegistry2 GET http://localhost:9736/api/Worker70 PUT http://localhost:9736/api/Worker70 POST http://localhost:9736/api/Worker70 DELETE http://localhost:9736/api/Worker70 
731,Client173,http://localhost:9741/api/Client173,,false,731,ServiceDiscovery,Client,GET http://localhost:9735/api/ServiceRegistry2 GET http://localhost:9736/api/Worker70 PUT http://localhost:9736/api/Worker70 POST http://localhost:9736/api/Worker70 DELETE http://localhost:9736/api/Worker70 
732,Client174,http://localhost:9742/api/Client174,,false,732,ServiceDiscovery,Client,GET http://localhost:9735/api/ServiceRegistry2 GET http://localhost:9736/api/Worker70 PUT http://localhost:9736/api/Worker70 POST http://localhost:9736/api/Worker70 DELETE http://localhost:9736/api/Worker70 
733,ServiceRegistry3,http://localhost:9743/api/ServiceRegistry3,POST PUT GET DELETE ,false,733,ServiceDiscovery,ServiceRegistry,
734,Worker71,http://localhost:9744/api/Worker71,POST PUT GET DELETE ,false,734,ServiceDiscovery,Worker,POST http://localhost:9743/api/ServiceRegistry3 PUT http://localhost:9743/api/ServiceRegistry3 DELETE http://localhost:9743/api/ServiceRegistry3 
735,Worker72,http://localhost:9745/api/Worker72,POST PUT GET DELETE ,false,735,ServiceDiscovery,Worker,POST http://localhost:9743/api/ServiceRegistry3 PUT http://localhost:9743/api/ServiceRegistry3 DELETE http://localhost:9743/api/ServiceRegistry3 
736,Worker73,http://localhost:9746/api/Worker73,POST PUT GET DELETE ,false,736,ServiceDiscovery,Worker,POST http://localhost:9743/api/ServiceRegistry3 PUT http://localhost:9743/api/ServiceRegistry3 DELETE http://localhost:9743/api/ServiceRegistry3 
737,Worker74,http://localhost:9747/api/Worker74,POST PUT GET DELETE ,false,737,ServiceDiscovery,Worker,POST http://localhost:9743/api/ServiceRegistry3 PUT http://localhost:9743/api/ServiceRegistry3 DELETE http://localhost:9743/api/ServiceRegistry3 
738,Worker75,http://localhost:9748/api/Worker75,POST PUT GET DELETE ,false,738,ServiceDiscovery,Worker,POST http://localhost:9743/api/ServiceRegistry3 PUT http://localhost:9743/api/ServiceRegistry3 DELETE http://localhost:9743/api/ServiceRegistry3 
739,Client175,http://localhost:9749/api/Client175,,false,739,ServiceDiscovery,Client,GET http://localhost:9743/api/ServiceRegistry3 GET http://localhost:9748/api/Worker75 PUT http://localhost:9748/api/Worker75 POST http://localhost:9748/api/Worker75 DELETE http://localhost:9748/api/Worker75 
740,Client176,http://localhost:9750/api/Client176,,false,740,ServiceDiscovery,Client,GET http://localhost:9743/api/ServiceRegistry3 GET http://localhost:9748/api/Worker75 PUT http://localhost:9748/api/Worker75 POST http://localhost:9748/api/Worker75 DELETE http://localhost:9748/api/Worker75 
741,Client177,http://localhost:9751/api/Client177,,false,741,ServiceDiscovery,Client,GET http://localhost:9743/api/ServiceRegistry3 GET http://localhost:9748/api/Worker75 PUT http://localhost:9748/api/Worker75 POST http://localhost:9748/api/Worker75 DELETE http://localhost:9748/api/Worker75 
742,Client178,http://localhost:9752/api/Client178,,false,742,ServiceDiscovery,Client,GET http://localhost:9743/api/ServiceRegistry3 GET http://localhost:9748/api/Worker75 PUT http://localhost:9748/api/Worker75 POST http://localhost:9748/api/Worker75 DELETE http://localhost:9748/api/Worker75 
743,Client179,http://localhost:9753/api/Client179,,false,743,ServiceDiscovery,Client,GET http://localhost:9743/api/ServiceRegistry3 GET http://localhost:9748/api/Worker75 PUT http://localhost:9748/api/Worker75 POST http://localhost:9748/api/Worker75 DELETE http://localhost:9748/api/Worker75 
744,Client180,http://localhost:9754/api/Client180,,false,744,ServiceDiscovery,Client,GET http://localhost:9743/api/ServiceRegistry3 GET http://localhost:9748/api/Worker75 PUT http://localhost:9748/api/Worker75 POST http://localhost:9748/api/Worker75 DELETE http://localhost:9748/api/Worker75 
745,ServiceRegistry4,http://localhost:9755/api/ServiceRegistry4,POST PUT GET DELETE ,false,745,ServiceDiscovery,ServiceRegistry,
746,Worker76,http://localhost:9756/api/Worker76,POST PUT GET DELETE ,false,746,ServiceDiscovery,Worker,POST http://localhost:9755/api/ServiceRegistry4 PUT http://localhost:9755/api/ServiceRegistry4 DELETE http://localhost:9755/api/ServiceRegistry4 
747,Client181,http://localhost:9757/api/Client181,,false,747,ServiceDiscovery,Client,GET http://localhost:9755/api/ServiceRegistry4 GET http://localhost:9756/api/Worker76 PUT http://localhost:9756/api/Worker76 POST http://localhost:9756/api/Worker76 DELETE http://localhost:9756/api/Worker76 
748,Client182,http://localhost:9758/api/Client182,,false,748,ServiceDiscovery,Client,GET http://localhost:9755/api/ServiceRegistry4 GET http://localhost:9756/api/Worker76 PUT http://localhost:9756/api/Worker76 POST http://localhost:9756/api/Worker76 DELETE http://localhost:9756/api/Worker76 
749,Client183,http://localhost:9759/api/Client183,,false,749,ServiceDiscovery,Client,GET http://localhost:9755/api/ServiceRegistry4 GET http://localhost:9756/api/Worker76 PUT http://localhost:9756/api/Worker76 POST http://localhost:9756/api/Worker76 DELETE http://localhost:9756/api/Worker76 
750,Client184,http://localhost:9760/api/Client184,,false,750,ServiceDiscovery,Client,GET http://localhost:9755/api/ServiceRegistry4 GET http://localhost:9756/api/Worker76 PUT http://localhost:9756/api/Worker76 POST http://localhost:9756/api/Worker76 DELETE http://localhost:9756/api/Worker76 
751,Client185,http://localhost:9761/api/Client185,,false,751,ServiceDiscovery,Client,GET http://localhost:9755/api/ServiceRegistry4 GET http://localhost:9756/api/Worker76 PUT http://localhost:9756/api/Worker76 POST http://localhost:9756/api/Worker76 DELETE http://localhost:9756/api/Worker76 
752,Client186,http://localhost:9762/api/Client186,,false,752,ServiceDiscovery,Client,GET http://localhost:9755/api/ServiceRegistry4 GET http://localhost:9756/api/Worker76 PUT http://localhost:9756/api/Worker76 POST http://localhost:9756/api/Worker76 DELETE http://localhost:9756/api/Worker76 
753,Client187,http://localhost:9763/api/Client187,,false,753,ServiceDiscovery,Client,GET http://localhost:9755/api/ServiceRegistry4 GET http://localhost:9756/api/Worker76 PUT http://localhost:9756/api/Worker76 POST http://localhost:9756/api/Worker76 DELETE http://localhost:9756/api/Worker76 
754,ServiceRegistry5,http://localhost:9764/api/ServiceRegistry5,POST PUT GET DELETE ,false,754,ServiceDiscovery,ServiceRegistry,
755,Worker77,http://localhost:9765/api/Worker77,POST PUT GET DELETE ,false,755,ServiceDiscovery,Worker,POST http://localhost:9764/api/ServiceRegistry5 PUT http://localhost:9764/api/ServiceRegistry5 DELETE http://localhost:9764/api/ServiceRegistry5 
756,Worker78,http://localhost:9766/api/Worker78,POST PUT GET DELETE ,false,756,ServiceDiscovery,Worker,POST http://localhost:9764/api/ServiceRegistry5 PUT http://localhost:9764/api/ServiceRegistry5 DELETE http://localhost:9764/api/ServiceRegistry5 
757,Worker79,http://localhost:9767/api/Worker79,POST PUT GET DELETE ,false,757,ServiceDiscovery,Worker,POST http://localhost:9764/api/ServiceRegistry5 PUT http://localhost:9764/api/ServiceRegistry5 DELETE http://localhost:9764/api/ServiceRegistry5 
758,Worker80,http://localhost:9768/api/Worker80,POST PUT GET DELETE ,false,758,ServiceDiscovery,Worker,POST http://localhost:9764/api/ServiceRegistry5 PUT http://localhost:9764/api/ServiceRegistry5 DELETE http://localhost:9764/api/ServiceRegistry5 
759,Client188,http://localhost:9769/api/Client188,,false,759,ServiceDiscovery,Client,GET http://localhost:9764/api/ServiceRegistry5 GET http://localhost:9768/api/Worker80 PUT http://localhost:9768/api/Worker80 POST http://localhost:9768/api/Worker80 DELETE http://localhost:9768/api/Worker80 
760,Client189,http://localhost:9770/api/Client189,,false,760,ServiceDiscovery,Client,GET http://localhost:9764/api/ServiceRegistry5 GET http://localhost:9768/api/Worker80 PUT http://localhost:9768/api/Worker80 POST http://localhost:9768/api/Worker80 DELETE http://localhost:9768/api/Worker80 
761,Client190,http://localhost:9771/api/Client190,,false,761,ServiceDiscovery,Client,GET http://localhost:9764/api/ServiceRegistry5 GET http://localhost:9768/api/Worker80 PUT http://localhost:9768/api/Worker80 POST http://localhost:9768/api/Worker80 DELETE http://localhost:9768/api/Worker80 
762,Client191,http://localhost:9772/api/Client191,,false,762,ServiceDiscovery,Client,GET http://localhost:9764/api/ServiceRegistry5 GET http://localhost:9768/api/Worker80 PUT http://localhost:9768/api/Worker80 POST http://localhost:9768/api/Worker80 DELETE http://localhost:9768/api/Worker80 
763,Client192,http://localhost:9773/api/Client192,,false,763,ServiceDiscovery,Client,GET http://localhost:9764/api/ServiceRegistry5 GET http://localhost:9768/api/Worker80 PUT http://localhost:9768/api/Worker80 POST http://localhost:9768/api/Worker80 DELETE http://localhost:9768/api/Worker80 
764,ServiceRegistry6,http://localhost:9774/api/ServiceRegistry6,POST PUT GET DELETE ,false,764,ServiceDiscovery,ServiceRegistry,
765,Worker81,http://localhost:9775/api/Worker81,POST PUT GET DELETE ,false,765,ServiceDiscovery,Worker,POST http://localhost:9774/api/ServiceRegistry6 PUT http://localhost:9774/api/ServiceRegistry6 DELETE http://localhost:9774/api/ServiceRegistry6 
766,Worker82,http://localhost:9776/api/Worker82,POST PUT GET DELETE ,false,766,ServiceDiscovery,Worker,POST http://localhost:9774/api/ServiceRegistry6 PUT http://localhost:9774/api/ServiceRegistry6 DELETE http://localhost:9774/api/ServiceRegistry6 
767,Worker83,http://localhost:9777/api/Worker83,POST PUT GET DELETE ,false,767,ServiceDiscovery,Worker,POST http://localhost:9774/api/ServiceRegistry6 PUT http://localhost:9774/api/ServiceRegistry6 DELETE http://localhost:9774/api/ServiceRegistry6 
768,Worker84,http://localhost:9778/api/Worker84,POST PUT GET DELETE ,false,768,ServiceDiscovery,Worker,POST http://localhost:9774/api/ServiceRegistry6 PUT http://localhost:9774/api/ServiceRegistry6 DELETE http://localhost:9774/api/ServiceRegistry6 
769,Worker85,http://localhost:9779/api/Worker85,POST PUT GET DELETE ,false,769,ServiceDiscovery,Worker,POST http://localhost:9774/api/ServiceRegistry6 PUT http://localhost:9774/api/ServiceRegistry6 DELETE http://localhost:9774/api/ServiceRegistry6 
770,Client193,http://localhost:9780/api/Client193,,false,770,ServiceDiscovery,Client,GET http://localhost:9774/api/ServiceRegistry6 GET http://localhost:9779/api/Worker85 PUT http://localhost:9779/api/Worker85 POST http://localhost:9779/api/Worker85 DELETE http://localhost:9779/api/Worker85 
771,Client194,http://localhost:9781/api/Client194,,false,771,ServiceDiscovery,Client,GET http://localhost:9774/api/ServiceRegistry6 GET http://localhost:9779/api/Worker85 PUT http://localhost:9779/api/Worker85 POST http://localhost:9779/api/Worker85 DELETE http://localhost:9779/api/Worker85 
772,Client195,http://localhost:9782/api/Client195,,false,772,ServiceDiscovery,Client,GET http://localhost:9774/api/ServiceRegistry6 GET http://localhost:9779/api/Worker85 PUT http://localhost:9779/api/Worker85 POST http://localhost:9779/api/Worker85 DELETE http://localhost:9779/api/Worker85 
773,Client196,http://localhost:9783/api/Client196,,false,773,ServiceDiscovery,Client,GET http://localhost:9774/api/ServiceRegistry6 GET http://localhost:9779/api/Worker85 PUT http://localhost:9779/api/Worker85 POST http://localhost:9779/api/Worker85 DELETE http://localhost:9779/api/Worker85 
774,Client197,http://localhost:9784/api/Client197,,false,774,ServiceDiscovery,Client,GET http://localhost:9774/api/ServiceRegistry6 GET http://localhost:9779/api/Worker85 PUT http://localhost:9779/api/Worker85 POST http://localhost:9779/api/Worker85 DELETE http://localhost:9779/api/Worker85 
775,ServiceRegistry7,http://localhost:9785/api/ServiceRegistry7,POST PUT GET DELETE ,false,775,ServiceDiscovery,ServiceRegistry,
776,Worker86,http://localhost:9786/api/Worker86,POST PUT GET DELETE ,false,776,ServiceDiscovery,Worker,POST http://localhost:9785/api/ServiceRegistry7 PUT http://localhost:9785/api/ServiceRegistry7 DELETE http://localhost:9785/api/ServiceRegistry7 
777,Client198,http://localhost:9787/api/Client198,,false,777,ServiceDiscovery,Client,GET http://localhost:9785/api/ServiceRegistry7 GET http://localhost:9786/api/Worker86 PUT http://localhost:9786/api/Worker86 POST http://localhost:9786/api/Worker86 DELETE http://localhost:9786/api/Worker86 
778,Client199,http://localhost:9788/api/Client199,,false,778,ServiceDiscovery,Client,GET http://localhost:9785/api/ServiceRegistry7 GET http://localhost:9786/api/Worker86 PUT http://localhost:9786/api/Worker86 POST http://localhost:9786/api/Worker86 DELETE http://localhost:9786/api/Worker86 
779,Client200,http://localhost:9789/api/Client200,,false,779,ServiceDiscovery,Client,GET http://localhost:9785/api/ServiceRegistry7 GET http://localhost:9786/api/Worker86 PUT http://localhost:9786/api/Worker86 POST http://localhost:9786/api/Worker86 DELETE http://localhost:9786/api/Worker86 
780,Client201,http://localhost:9790/api/Client201,,false,780,ServiceDiscovery,Client,GET http://localhost:9785/api/ServiceRegistry7 GET http://localhost:9786/api/Worker86 PUT http://localhost:9786/api/Worker86 POST http://localhost:9786/api/Worker86 DELETE http://localhost:9786/api/Worker86 
781,Client202,http://localhost:9791/api/Client202,,false,781,ServiceDiscovery,Client,GET http://localhost:9785/api/ServiceRegistry7 GET http://localhost:9786/api/Worker86 PUT http://localhost:9786/api/Worker86 POST http://localhost:9786/api/Worker86 DELETE http://localhost:9786/api/Worker86 
782,ServiceRegistry8,http://localhost:9792/api/ServiceRegistry8,POST PUT GET DELETE ,false,782,ServiceDiscovery,ServiceRegistry,
783,Worker87,http://localhost:9793/api/Worker87,POST PUT GET DELETE ,false,783,ServiceDiscovery,Worker,POST http://localhost:9792/api/ServiceRegistry8 PUT http://localhost:9792/api/ServiceRegistry8 DELETE http://localhost:9792/api/ServiceRegistry8 
784,Worker88,http://localhost:9794/api/Worker88,POST PUT GET DELETE ,false,784,ServiceDiscovery,Worker,POST http://localhost:9792/api/ServiceRegistry8 PUT http://localhost:9792/api/ServiceRegistry8 DELETE http://localhost:9792/api/ServiceRegistry8 
785,Client203,http://localhost:9795/api/Client203,,false,785,ServiceDiscovery,Client,GET http://localhost:9792/api/ServiceRegistry8 GET http://localhost:9794/api/Worker88 PUT http://localhost:9794/api/Worker88 POST http://localhost:9794/api/Worker88 DELETE http://localhost:9794/api/Worker88 
786,Client204,http://localhost:9796/api/Client204,,false,786,ServiceDiscovery,Client,GET http://localhost:9792/api/ServiceRegistry8 GET http://localhost:9794/api/Worker88 PUT http://localhost:9794/api/Worker88 POST http://localhost:9794/api/Worker88 DELETE http://localhost:9794/api/Worker88 
787,Client205,http://localhost:9797/api/Client205,,false,787,ServiceDiscovery,Client,GET http://localhost:9792/api/ServiceRegistry8 GET http://localhost:9794/api/Worker88 PUT http://localhost:9794/api/Worker88 POST http://localhost:9794/api/Worker88 DELETE http://localhost:9794/api/Worker88 
788,Client206,http://localhost:9798/api/Client206,,false,788,ServiceDiscovery,Client,GET http://localhost:9792/api/ServiceRegistry8 GET http://localhost:9794/api/Worker88 PUT http://localhost:9794/api/Worker88 POST http://localhost:9794/api/Worker88 DELETE http://localhost:9794/api/Worker88 
789,Client207,http://localhost:9799/api/Client207,,false,789,ServiceDiscovery,Client,GET http://localhost:9792/api/ServiceRegistry8 GET http://localhost:9794/api/Worker88 PUT http://localhost:9794/api/Worker88 POST http://localhost:9794/api/Worker88 DELETE http://localhost:9794/api/Worker88 
790,Client208,http://localhost:9800/api/Client208,,false,790,ServiceDiscovery,Client,GET http://localhost:9792/api/ServiceRegistry8 GET http://localhost:9794/api/Worker88 PUT http://localhost:9794/api/Worker88 POST http://localhost:9794/api/Worker88 DELETE http://localhost:9794/api/Worker88 
791,Client209,http://localhost:9801/api/Client209,,false,791,ServiceDiscovery,Client,GET http://localhost:9792/api/ServiceRegistry8 GET http://localhost:9794/api/Worker88 PUT http://localhost:9794/api/Worker88 POST http://localhost:9794/api/Worker88 DELETE http://localhost:9794/api/Worker88 
792,Client210,http://localhost:9802/api/Client210,,false,792,ServiceDiscovery,Client,GET http://localhost:9792/api/ServiceRegistry8 GET http://localhost:9794/api/Worker88 PUT http://localhost:9794/api/Worker88 POST http://localhost:9794/api/Worker88 DELETE http://localhost:9794/api/Worker88 
793,ServiceRegistry9,http://localhost:9803/api/ServiceRegistry9,POST PUT GET DELETE ,false,793,ServiceDiscovery,ServiceRegistry,
794,Worker89,http://localhost:9804/api/Worker89,POST PUT GET DELETE ,false,794,ServiceDiscovery,Worker,POST http://localhost:9803/api/ServiceRegistry9 PUT http://localhost:9803/api/ServiceRegistry9 DELETE http://localhost:9803/api/ServiceRegistry9 
795,Worker90,http://localhost:9805/api/Worker90,POST PUT GET DELETE ,false,795,ServiceDiscovery,Worker,POST http://localhost:9803/api/ServiceRegistry9 PUT http://localhost:9803/api/ServiceRegistry9 DELETE http://localhost:9803/api/ServiceRegistry9 
796,Client211,http://localhost:9806/api/Client211,,false,796,ServiceDiscovery,Client,GET http://localhost:9803/api/ServiceRegistry9 GET http://localhost:9805/api/Worker90 PUT http://localhost:9805/api/Worker90 POST http://localhost:9805/api/Worker90 DELETE http://localhost:9805/api/Worker90 
797,Client212,http://localhost:9807/api/Client212,,false,797,ServiceDiscovery,Client,GET http://localhost:9803/api/ServiceRegistry9 GET http://localhost:9805/api/Worker90 PUT http://localhost:9805/api/Worker90 POST http://localhost:9805/api/Worker90 DELETE http://localhost:9805/api/Worker90 
798,Client213,http://localhost:9808/api/Client213,,false,798,ServiceDiscovery,Client,GET http://localhost:9803/api/ServiceRegistry9 GET http://localhost:9805/api/Worker90 PUT http://localhost:9805/api/Worker90 POST http://localhost:9805/api/Worker90 DELETE http://localhost:9805/api/Worker90 
799,ServiceRegistry10,http://localhost:9809/api/ServiceRegistry10,POST PUT GET DELETE ,false,799,ServiceDiscovery,ServiceRegistry,
800,Worker91,http://localhost:9810/api/Worker91,POST PUT GET DELETE ,false,800,ServiceDiscovery,Worker,POST http://localhost:9809/api/ServiceRegistry10 PUT http://localhost:9809/api/ServiceRegistry10 DELETE http://localhost:9809/api/ServiceRegistry10 
801,Client214,http://localhost:9811/api/Client214,,false,801,ServiceDiscovery,Client,GET http://localhost:9809/api/ServiceRegistry10 GET http://localhost:9810/api/Worker91 PUT http://localhost:9810/api/Worker91 POST http://localhost:9810/api/Worker91 DELETE http://localhost:9810/api/Worker91 
802,Client215,http://localhost:9812/api/Client215,,false,802,ServiceDiscovery,Client,GET http://localhost:9809/api/ServiceRegistry10 GET http://localhost:9810/api/Worker91 PUT http://localhost:9810/api/Worker91 POST http://localhost:9810/api/Worker91 DELETE http://localhost:9810/api/Worker91 
803,Client216,http://localhost:9813/api/Client216,,false,803,ServiceDiscovery,Client,GET http://localhost:9809/api/ServiceRegistry10 GET http://localhost:9810/api/Worker91 PUT http://localhost:9810/api/Worker91 POST http://localhost:9810/api/Worker91 DELETE http://localhost:9810/api/Worker91 
804,Client217,http://localhost:9814/api/Client217,,false,804,ServiceDiscovery,Client,GET http://localhost:9809/api/ServiceRegistry10 GET http://localhost:9810/api/Worker91 PUT http://localhost:9810/api/Worker91 POST http://localhost:9810/api/Worker91 DELETE http://localhost:9810/api/Worker91 
805,Client218,http://localhost:9815/api/Client218,,false,805,ServiceDiscovery,Client,GET http://localhost:9809/api/ServiceRegistry10 GET http://localhost:9810/api/Worker91 PUT http://localhost:9810/api/Worker91 POST http://localhost:9810/api/Worker91 DELETE http://localhost:9810/api/Worker91 
806,ServiceRegistry11,http://localhost:9816/api/ServiceRegistry11,POST PUT GET DELETE ,false,806,ServiceDiscovery,ServiceRegistry,
807,Worker92,http://localhost:9817/api/Worker92,POST PUT GET DELETE ,false,807,ServiceDiscovery,Worker,POST http://localhost:9816/api/ServiceRegistry11 PUT http://localhost:9816/api/ServiceRegistry11 DELETE http://localhost:9816/api/ServiceRegistry11 
808,Client219,http://localhost:9818/api/Client219,,false,808,ServiceDiscovery,Client,GET http://localhost:9816/api/ServiceRegistry11 GET http://localhost:9817/api/Worker92 PUT http://localhost:9817/api/Worker92 POST http://localhost:9817/api/Worker92 DELETE http://localhost:9817/api/Worker92 
809,Client220,http://localhost:9819/api/Client220,,false,809,ServiceDiscovery,Client,GET http://localhost:9816/api/ServiceRegistry11 GET http://localhost:9817/api/Worker92 PUT http://localhost:9817/api/Worker92 POST http://localhost:9817/api/Worker92 DELETE http://localhost:9817/api/Worker92 
810,Client221,http://localhost:9820/api/Client221,,false,810,ServiceDiscovery,Client,GET http://localhost:9816/api/ServiceRegistry11 GET http://localhost:9817/api/Worker92 PUT http://localhost:9817/api/Worker92 POST http://localhost:9817/api/Worker92 DELETE http://localhost:9817/api/Worker92 
811,ServiceRegistry12,http://localhost:9821/api/ServiceRegistry12,POST PUT GET DELETE ,false,811,ServiceDiscovery,ServiceRegistry,
812,Worker93,http://localhost:9822/api/Worker93,POST PUT GET DELETE ,false,812,ServiceDiscovery,Worker,POST http://localhost:9821/api/ServiceRegistry12 PUT http://localhost:9821/api/ServiceRegistry12 DELETE http://localhost:9821/api/ServiceRegistry12 
813,Worker94,http://localhost:9823/api/Worker94,POST PUT GET DELETE ,false,813,ServiceDiscovery,Worker,POST http://localhost:9821/api/ServiceRegistry12 PUT http://localhost:9821/api/ServiceRegistry12 DELETE http://localhost:9821/api/ServiceRegistry12 
814,Client222,http://localhost:9824/api/Client222,,false,814,ServiceDiscovery,Client,GET http://localhost:9821/api/ServiceRegistry12 GET http://localhost:9823/api/Worker94 PUT http://localhost:9823/api/Worker94 POST http://localhost:9823/api/Worker94 DELETE http://localhost:9823/api/Worker94 
815,Client223,http://localhost:9825/api/Client223,,false,815,ServiceDiscovery,Client,GET http://localhost:9821/api/ServiceRegistry12 GET http://localhost:9823/api/Worker94 PUT http://localhost:9823/api/Worker94 POST http://localhost:9823/api/Worker94 DELETE http://localhost:9823/api/Worker94 
816,Client224,http://localhost:9826/api/Client224,,false,816,ServiceDiscovery,Client,GET http://localhost:9821/api/ServiceRegistry12 GET http://localhost:9823/api/Worker94 PUT http://localhost:9823/api/Worker94 POST http://localhost:9823/api/Worker94 DELETE http://localhost:9823/api/Worker94 
817,Client225,http://localhost:9827/api/Client225,,false,817,ServiceDiscovery,Client,GET http://localhost:9821/api/ServiceRegistry12 GET http://localhost:9823/api/Worker94 PUT http://localhost:9823/api/Worker94 POST http://localhost:9823/api/Worker94 DELETE http://localhost:9823/api/Worker94 
818,Client226,http://localhost:9828/api/Client226,,false,818,ServiceDiscovery,Client,GET http://localhost:9821/api/ServiceRegistry12 GET http://localhost:9823/api/Worker94 PUT http://localhost:9823/api/Worker94 POST http://localhost:9823/api/Worker94 DELETE http://localhost:9823/api/Worker94 
819,Client227,http://localhost:9829/api/Client227,,false,819,ServiceDiscovery,Client,GET http://localhost:9821/api/ServiceRegistry12 GET http://localhost:9823/api/Worker94 PUT http://localhost:9823/api/Worker94 POST http://localhost:9823/api/Worker94 DELETE http://localhost:9823/api/Worker94 
820,Client228,http://localhost:9830/api/Client228,,false,820,ServiceDiscovery,Client,GET http://localhost:9821/api/ServiceRegistry12 GET http://localhost:9823/api/Worker94 PUT http://localhost:9823/api/Worker94 POST http://localhost:9823/api/Worker94 DELETE http://localhost:9823/api/Worker94 
821,Client229,http://localhost:9831/api/Client229,,false,821,ServiceDiscovery,Client,GET http://localhost:9821/api/ServiceRegistry12 GET http://localhost:9823/api/Worker94 PUT http://localhost:9823/api/Worker94 POST http://localhost:9823/api/Worker94 DELETE http://localhost:9823/api/Worker94 
822,ServiceRegistry13,http://localhost:9832/api/ServiceRegistry13,POST PUT GET DELETE ,false,822,ServiceDiscovery,ServiceRegistry,
823,Worker95,http://localhost:9833/api/Worker95,POST PUT GET DELETE ,false,823,ServiceDiscovery,Worker,POST http://localhost:9832/api/ServiceRegistry13 PUT http://localhost:9832/api/ServiceRegistry13 DELETE http://localhost:9832/api/ServiceRegistry13 
824,Worker96,http://localhost:9834/api/Worker96,POST PUT GET DELETE ,false,824,ServiceDiscovery,Worker,POST http://localhost:9832/api/ServiceRegistry13 PUT http://localhost:9832/api/ServiceRegistry13 DELETE http://localhost:9832/api/ServiceRegistry13 
825,Worker97,http://localhost:9835/api/Worker97,POST PUT GET DELETE ,false,825,ServiceDiscovery,Worker,POST http://localhost:9832/api/ServiceRegistry13 PUT http://localhost:9832/api/ServiceRegistry13 DELETE http://localhost:9832/api/ServiceRegistry13 
826,Client230,http://localhost:9836/api/Client230,,false,826,ServiceDiscovery,Client,GET http://localhost:9832/api/ServiceRegistry13 GET http://localhost:9835/api/Worker97 PUT http://localhost:9835/api/Worker97 POST http://localhost:9835/api/Worker97 DELETE http://localhost:9835/api/Worker97 
827,Client231,http://localhost:9837/api/Client231,,false,827,ServiceDiscovery,Client,GET http://localhost:9832/api/ServiceRegistry13 GET http://localhost:9835/api/Worker97 PUT http://localhost:9835/api/Worker97 POST http://localhost:9835/api/Worker97 DELETE http://localhost:9835/api/Worker97 
828,Client232,http://localhost:9838/api/Client232,,false,828,ServiceDiscovery,Client,GET http://localhost:9832/api/ServiceRegistry13 GET http://localhost:9835/api/Worker97 PUT http://localhost:9835/api/Worker97 POST http://localhost:9835/api/Worker97 DELETE http://localhost:9835/api/Worker97 
829,Client233,http://localhost:9839/api/Client233,,false,829,ServiceDiscovery,Client,GET http://localhost:9832/api/ServiceRegistry13 GET http://localhost:9835/api/Worker97 PUT http://localhost:9835/api/Worker97 POST http://localhost:9835/api/Worker97 DELETE http://localhost:9835/api/Worker97 
830,Client234,http://localhost:9840/api/Client234,,false,830,ServiceDiscovery,Client,GET http://localhost:9832/api/ServiceRegistry13 GET http://localhost:9835/api/Worker97 PUT http://localhost:9835/api/Worker97 POST http://localhost:9835/api/Worker97 DELETE http://localhost:9835/api/Worker97 
831,Client235,http://localhost:9841/api/Client235,,false,831,ServiceDiscovery,Client,GET http://localhost:9832/api/ServiceRegistry13 GET http://localhost:9835/api/Worker97 PUT http://localhost:9835/api/Worker97 POST http://localhost:9835/api/Worker97 DELETE http://localhost:9835/api/Worker97 
832,Client236,http://localhost:9842/api/Client236,,false,832,ServiceDiscovery,Client,GET http://localhost:9832/api/ServiceRegistry13 GET http://localhost:9835/api/Worker97 PUT http://localhost:9835/api/Worker97 POST http://localhost:9835/api/Worker97 DELETE http://localhost:9835/api/Worker97 
833,Client237,http://localhost:9843/api/Client237,,false,833,ServiceDiscovery,Client,GET http://localhost:9832/api/ServiceRegistry13 GET http://localhost:9835/api/Worker97 PUT http://localhost:9835/api/Worker97 POST http://localhost:9835/api/Worker97 DELETE http://localhost:9835/api/Worker97 
834,ServiceRegistry14,http://localhost:9844/api/ServiceRegistry14,POST PUT GET DELETE ,false,834,ServiceDiscovery,ServiceRegistry,
835,Worker98,http://localhost:9845/api/Worker98,POST PUT GET DELETE ,false,835,ServiceDiscovery,Worker,POST http://localhost:9844/api/ServiceRegistry14 PUT http://localhost:9844/api/ServiceRegistry14 DELETE http://localhost:9844/api/ServiceRegistry14 
836,Worker99,http://localhost:9846/api/Worker99,POST PUT GET DELETE ,false,836,ServiceDiscovery,Worker,POST http://localhost:9844/api/ServiceRegistry14 PUT http://localhost:9844/api/ServiceRegistry14 DELETE http://localhost:9844/api/ServiceRegistry14 
837,Worker100,http://localhost:9847/api/Worker100,POST PUT GET DELETE ,false,837,ServiceDiscovery,Worker,POST http://localhost:9844/api/ServiceRegistry14 PUT http://localhost:9844/api/ServiceRegistry14 DELETE http://localhost:9844/api/ServiceRegistry14 
838,Worker101,http://localhost:9848/api/Worker101,POST PUT GET DELETE ,false,838,ServiceDiscovery,Worker,POST http://localhost:9844/api/ServiceRegistry14 PUT http://localhost:9844/api/ServiceRegistry14 DELETE http://localhost:9844/api/ServiceRegistry14 
839,Client238,http://localhost:9849/api/Client238,,false,839,ServiceDiscovery,Client,GET http://localhost:9844/api/ServiceRegistry14 GET http://localhost:9848/api/Worker101 PUT http://localhost:9848/api/Worker101 POST http://localhost:9848/api/Worker101 DELETE http://localhost:9848/api/Worker101 
840,Client239,http://localhost:9850/api/Client239,,false,840,ServiceDiscovery,Client,GET http://localhost:9844/api/ServiceRegistry14 GET http://localhost:9848/api/Worker101 PUT http://localhost:9848/api/Worker101 POST http://localhost:9848/api/Worker101 DELETE http://localhost:9848/api/Worker101 
841,Client240,http://localhost:9851/api/Client240,,false,841,ServiceDiscovery,Client,GET http://localhost:9844/api/ServiceRegistry14 GET http://localhost:9848/api/Worker101 PUT http://localhost:9848/api/Worker101 POST http://localhost:9848/api/Worker101 DELETE http://localhost:9848/api/Worker101 
842,ServiceRegistry15,http://localhost:9852/api/ServiceRegistry15,POST PUT GET DELETE ,false,842,ServiceDiscovery,ServiceRegistry,
843,Worker102,http://localhost:9853/api/Worker102,POST PUT GET DELETE ,false,843,ServiceDiscovery,Worker,POST http://localhost:9852/api/ServiceRegistry15 PUT http://localhost:9852/api/ServiceRegistry15 DELETE http://localhost:9852/api/ServiceRegistry15 
844,Worker103,http://localhost:9854/api/Worker103,POST PUT GET DELETE ,false,844,ServiceDiscovery,Worker,POST http://localhost:9852/api/ServiceRegistry15 PUT http://localhost:9852/api/ServiceRegistry15 DELETE http://localhost:9852/api/ServiceRegistry15 
845,Worker104,http://localhost:9855/api/Worker104,POST PUT GET DELETE ,false,845,ServiceDiscovery,Worker,POST http://localhost:9852/api/ServiceRegistry15 PUT http://localhost:9852/api/ServiceRegistry15 DELETE http://localhost:9852/api/ServiceRegistry15 
846,Worker105,http://localhost:9856/api/Worker105,POST PUT GET DELETE ,false,846,ServiceDiscovery,Worker,POST http://localhost:9852/api/ServiceRegistry15 PUT http://localhost:9852/api/ServiceRegistry15 DELETE http://localhost:9852/api/ServiceRegistry15 
847,Client241,http://localhost:9857/api/Client241,,false,847,ServiceDiscovery,Client,GET http://localhost:9852/api/ServiceRegistry15 GET http://localhost:9856/api/Worker105 PUT http://localhost:9856/api/Worker105 POST http://localhost:9856/api/Worker105 DELETE http://localhost:9856/api/Worker105 
848,Client242,http://localhost:9858/api/Client242,,false,848,ServiceDiscovery,Client,GET http://localhost:9852/api/ServiceRegistry15 GET http://localhost:9856/api/Worker105 PUT http://localhost:9856/api/Worker105 POST http://localhost:9856/api/Worker105 DELETE http://localhost:9856/api/Worker105 
849,Client243,http://localhost:9859/api/Client243,,false,849,ServiceDiscovery,Client,GET http://localhost:9852/api/ServiceRegistry15 GET http://localhost:9856/api/Worker105 PUT http://localhost:9856/api/Worker105 POST http://localhost:9856/api/Worker105 DELETE http://localhost:9856/api/Worker105 
850,Client244,http://localhost:9860/api/Client244,,false,850,ServiceDiscovery,Client,GET http://localhost:9852/api/ServiceRegistry15 GET http://localhost:9856/api/Worker105 PUT http://localhost:9856/api/Worker105 POST http://localhost:9856/api/Worker105 DELETE http://localhost:9856/api/Worker105 
851,ServiceRegistry16,http://localhost:9861/api/ServiceRegistry16,POST PUT GET DELETE ,false,851,ServiceDiscovery,ServiceRegistry,
852,Worker106,http://localhost:9862/api/Worker106,POST PUT GET DELETE ,false,852,ServiceDiscovery,Worker,POST http://localhost:9861/api/ServiceRegistry16 PUT http://localhost:9861/api/ServiceRegistry16 DELETE http://localhost:9861/api/ServiceRegistry16 
853,Worker107,http://localhost:9863/api/Worker107,POST PUT GET DELETE ,false,853,ServiceDiscovery,Worker,POST http://localhost:9861/api/ServiceRegistry16 PUT http://localhost:9861/api/ServiceRegistry16 DELETE http://localhost:9861/api/ServiceRegistry16 
854,Client245,http://localhost:9864/api/Client245,,false,854,ServiceDiscovery,Client,GET http://localhost:9861/api/ServiceRegistry16 GET http://localhost:9863/api/Worker107 PUT http://localhost:9863/api/Worker107 POST http://localhost:9863/api/Worker107 DELETE http://localhost:9863/api/Worker107 
855,Client246,http://localhost:9865/api/Client246,,false,855,ServiceDiscovery,Client,GET http://localhost:9861/api/ServiceRegistry16 GET http://localhost:9863/api/Worker107 PUT http://localhost:9863/api/Worker107 POST http://localhost:9863/api/Worker107 DELETE http://localhost:9863/api/Worker107 
856,Client247,http://localhost:9866/api/Client247,,false,856,ServiceDiscovery,Client,GET http://localhost:9861/api/ServiceRegistry16 GET http://localhost:9863/api/Worker107 PUT http://localhost:9863/api/Worker107 POST http://localhost:9863/api/Worker107 DELETE http://localhost:9863/api/Worker107 
857,Client248,http://localhost:9867/api/Client248,,false,857,ServiceDiscovery,Client,GET http://localhost:9861/api/ServiceRegistry16 GET http://localhost:9863/api/Worker107 PUT http://localhost:9863/api/Worker107 POST http://localhost:9863/api/Worker107 DELETE http://localhost:9863/api/Worker107 
858,Client249,http://localhost:9868/api/Client249,,false,858,ServiceDiscovery,Client,GET http://localhost:9861/api/ServiceRegistry16 GET http://localhost:9863/api/Worker107 PUT http://localhost:9863/api/Worker107 POST http://localhost:9863/api/Worker107 DELETE http://localhost:9863/api/Worker107 
859,Client250,http://localhost:9869/api/Client250,,false,859,ServiceDiscovery,Client,GET http://localhost:9861/api/ServiceRegistry16 GET http://localhost:9863/api/Worker107 PUT http://localhost:9863/api/Worker107 POST http://localhost:9863/api/Worker107 DELETE http://localhost:9863/api/Worker107 
860,Client251,http://localhost:9870/api/Client251,,false,860,ServiceDiscovery,Client,GET http://localhost:9861/api/ServiceRegistry16 GET http://localhost:9863/api/Worker107 PUT http://localhost:9863/api/Worker107 POST http://localhost:9863/api/Worker107 DELETE http://localhost:9863/api/Worker107 
861,ServiceRegistry17,http://localhost:9871/api/ServiceRegistry17,POST PUT GET DELETE ,false,861,ServiceDiscovery,ServiceRegistry,
862,Worker108,http://localhost:9872/api/Worker108,POST PUT GET DELETE ,false,862,ServiceDiscovery,Worker,POST http://localhost:9871/api/ServiceRegistry17 PUT http://localhost:9871/api/ServiceRegistry17 DELETE http://localhost:9871/api/ServiceRegistry17 
863,Worker109,http://localhost:9873/api/Worker109,POST PUT GET DELETE ,false,863,ServiceDiscovery,Worker,POST http://localhost:9871/api/ServiceRegistry17 PUT http://localhost:9871/api/ServiceRegistry17 DELETE http://localhost:9871/api/ServiceRegistry17 
864,Worker110,http://localhost:9874/api/Worker110,POST PUT GET DELETE ,false,864,ServiceDiscovery,Worker,POST http://localhost:9871/api/ServiceRegistry17 PUT http://localhost:9871/api/ServiceRegistry17 DELETE http://localhost:9871/api/ServiceRegistry17 
865,Worker111,http://localhost:9875/api/Worker111,POST PUT GET DELETE ,false,865,ServiceDiscovery,Worker,POST http://localhost:9871/api/ServiceRegistry17 PUT http://localhost:9871/api/ServiceRegistry17 DELETE http://localhost:9871/api/ServiceRegistry17 
866,Client252,http://localhost:9876/api/Client252,,false,866,ServiceDiscovery,Client,GET http://localhost:9871/api/ServiceRegistry17 GET http://localhost:9875/api/Worker111 PUT http://localhost:9875/api/Worker111 POST http://localhost:9875/api/Worker111 DELETE http://localhost:9875/api/Worker111 
867,Client253,http://localhost:9877/api/Client253,,false,867,ServiceDiscovery,Client,GET http://localhost:9871/api/ServiceRegistry17 GET http://localhost:9875/api/Worker111 PUT http://localhost:9875/api/Worker111 POST http://localhost:9875/api/Worker111 DELETE http://localhost:9875/api/Worker111 
868,Client254,http://localhost:9878/api/Client254,,false,868,ServiceDiscovery,Client,GET http://localhost:9871/api/ServiceRegistry17 GET http://localhost:9875/api/Worker111 PUT http://localhost:9875/api/Worker111 POST http://localhost:9875/api/Worker111 DELETE http://localhost:9875/api/Worker111 
869,Client255,http://localhost:9879/api/Client255,,false,869,ServiceDiscovery,Client,GET http://localhost:9871/api/ServiceRegistry17 GET http://localhost:9875/api/Worker111 PUT http://localhost:9875/api/Worker111 POST http://localhost:9875/api/Worker111 DELETE http://localhost:9875/api/Worker111 
870,Client256,http://localhost:9880/api/Client256,,false,870,ServiceDiscovery,Client,GET http://localhost:9871/api/ServiceRegistry17 GET http://localhost:9875/api/Worker111 PUT http://localhost:9875/api/Worker111 POST http://localhost:9875/api/Worker111 DELETE http://localhost:9875/api/Worker111 
871,Client257,http://localhost:9881/api/Client257,,false,871,ServiceDiscovery,Client,GET http://localhost:9871/api/ServiceRegistry17 GET http://localhost:9875/api/Worker111 PUT http://localhost:9875/api/Worker111 POST http://localhost:9875/api/Worker111 DELETE http://localhost:9875/api/Worker111 
872,Client258,http://localhost:9882/api/Client258,,false,872,ServiceDiscovery,Client,GET http://localhost:9871/api/ServiceRegistry17 GET http://localhost:9875/api/Worker111 PUT http://localhost:9875/api/Worker111 POST http://localhost:9875/api/Worker111 DELETE http://localhost:9875/api/Worker111 
873,ServiceRegistry18,http://localhost:9883/api/ServiceRegistry18,POST PUT GET DELETE ,false,873,ServiceDiscovery,ServiceRegistry,
874,Worker112,http://localhost:9884/api/Worker112,POST PUT GET DELETE ,false,874,ServiceDiscovery,Worker,POST http://localhost:9883/api/ServiceRegistry18 PUT http://localhost:9883/api/ServiceRegistry18 DELETE http://localhost:9883/api/ServiceRegistry18 
875,Worker113,http://localhost:9885/api/Worker113,POST PUT GET DELETE ,false,875,ServiceDiscovery,Worker,POST http://localhost:9883/api/ServiceRegistry18 PUT http://localhost:9883/api/ServiceRegistry18 DELETE http://localhost:9883/api/ServiceRegistry18 
876,Worker114,http://localhost:9886/api/Worker114,POST PUT GET DELETE ,false,876,ServiceDiscovery,Worker,POST http://localhost:9883/api/ServiceRegistry18 PUT http://localhost:9883/api/ServiceRegistry18 DELETE http://localhost:9883/api/ServiceRegistry18 
877,Client259,http://localhost:9887/api/Client259,,false,877,ServiceDiscovery,Client,GET http://localhost:9883/api/ServiceRegistry18 GET http://localhost:9886/api/Worker114 PUT http://localhost:9886/api/Worker114 POST http://localhost:9886/api/Worker114 DELETE http://localhost:9886/api/Worker114 
878,Client260,http://localhost:9888/api/Client260,,false,878,ServiceDiscovery,Client,GET http://localhost:9883/api/ServiceRegistry18 GET http://localhost:9886/api/Worker114 PUT http://localhost:9886/api/Worker114 POST http://localhost:9886/api/Worker114 DELETE http://localhost:9886/api/Worker114 
879,Client261,http://localhost:9889/api/Client261,,false,879,ServiceDiscovery,Client,GET http://localhost:9883/api/ServiceRegistry18 GET http://localhost:9886/api/Worker114 PUT http://localhost:9886/api/Worker114 POST http://localhost:9886/api/Worker114 DELETE http://localhost:9886/api/Worker114 
880,Client262,http://localhost:9890/api/Client262,,false,880,ServiceDiscovery,Client,GET http://localhost:9883/api/ServiceRegistry18 GET http://localhost:9886/api/Worker114 PUT http://localhost:9886/api/Worker114 POST http://localhost:9886/api/Worker114 DELETE http://localhost:9886/api/Worker114 
881,ServiceRegistry19,http://localhost:9891/api/ServiceRegistry19,POST PUT GET DELETE ,false,881,ServiceDiscovery,ServiceRegistry,
882,Worker115,http://localhost:9892/api/Worker115,POST PUT GET DELETE ,false,882,ServiceDiscovery,Worker,POST http://localhost:9891/api/ServiceRegistry19 PUT http://localhost:9891/api/ServiceRegistry19 DELETE http://localhost:9891/api/ServiceRegistry19 
883,Worker116,http://localhost:9893/api/Worker116,POST PUT GET DELETE ,false,883,ServiceDiscovery,Worker,POST http://localhost:9891/api/ServiceRegistry19 PUT http://localhost:9891/api/ServiceRegistry19 DELETE http://localhost:9891/api/ServiceRegistry19 
884,Worker117,http://localhost:9894/api/Worker117,POST PUT GET DELETE ,false,884,ServiceDiscovery,Worker,POST http://localhost:9891/api/ServiceRegistry19 PUT http://localhost:9891/api/ServiceRegistry19 DELETE http://localhost:9891/api/ServiceRegistry19 
885,Client263,http://localhost:9895/api/Client263,,false,885,ServiceDiscovery,Client,GET http://localhost:9891/api/ServiceRegistry19 GET http://localhost:9894/api/Worker117 PUT http://localhost:9894/api/Worker117 POST http://localhost:9894/api/Worker117 DELETE http://localhost:9894/api/Worker117 
886,Client264,http://localhost:9896/api/Client264,,false,886,ServiceDiscovery,Client,GET http://localhost:9891/api/ServiceRegistry19 GET http://localhost:9894/api/Worker117 PUT http://localhost:9894/api/Worker117 POST http://localhost:9894/api/Worker117 DELETE http://localhost:9894/api/Worker117 
887,Client265,http://localhost:9897/api/Client265,,false,887,ServiceDiscovery,Client,GET http://localhost:9891/api/ServiceRegistry19 GET http://localhost:9894/api/Worker117 PUT http://localhost:9894/api/Worker117 POST http://localhost:9894/api/Worker117 DELETE http://localhost:9894/api/Worker117 
888,ServiceRegistry20,http://localhost:9898/api/ServiceRegistry20,POST PUT GET DELETE ,false,888,ServiceDiscovery,ServiceRegistry,
889,Worker118,http://localhost:9899/api/Worker118,POST PUT GET DELETE ,false,889,ServiceDiscovery,Worker,POST http://localhost:9898/api/ServiceRegistry20 PUT http://localhost:9898/api/ServiceRegistry20 DELETE http://localhost:9898/api/ServiceRegistry20 
890,Worker119,http://localhost:9900/api/Worker119,POST PUT GET DELETE ,false,890,ServiceDiscovery,Worker,POST http://localhost:9898/api/ServiceRegistry20 PUT http://localhost:9898/api/ServiceRegistry20 DELETE http://localhost:9898/api/ServiceRegistry20 
891,Worker120,http://localhost:9901/api/Worker120,POST PUT GET DELETE ,false,891,ServiceDiscovery,Worker,POST http://localhost:9898/api/ServiceRegistry20 PUT http://localhost:9898/api/ServiceRegistry20 DELETE http://localhost:9898/api/ServiceRegistry20 
892,Worker121,http://localhost:9902/api/Worker121,POST PUT GET DELETE ,false,892,ServiceDiscovery,Worker,POST http://localhost:9898/api/ServiceRegistry20 PUT http://localhost:9898/api/ServiceRegistry20 DELETE http://localhost:9898/api/ServiceRegistry20 
893,Client266,http://localhost:9903/api/Client266,,false,893,ServiceDiscovery,Client,GET http://localhost:9898/api/ServiceRegistry20 GET http://localhost:9902/api/Worker121 PUT http://localhost:9902/api/Worker121 POST http://localhost:9902/api/Worker121 DELETE http://localhost:9902/api/Worker121 
894,Client267,http://localhost:9904/api/Client267,,false,894,ServiceDiscovery,Client,GET http://localhost:9898/api/ServiceRegistry20 GET http://localhost:9902/api/Worker121 PUT http://localhost:9902/api/Worker121 POST http://localhost:9902/api/Worker121 DELETE http://localhost:9902/api/Worker121 
895,Client268,http://localhost:9905/api/Client268,,false,895,ServiceDiscovery,Client,GET http://localhost:9898/api/ServiceRegistry20 GET http://localhost:9902/api/Worker121 PUT http://localhost:9902/api/Worker121 POST http://localhost:9902/api/Worker121 DELETE http://localhost:9902/api/Worker121 
896,Client269,http://localhost:9906/api/Client269,,false,896,ServiceDiscovery,Client,GET http://localhost:9898/api/ServiceRegistry20 GET http://localhost:9902/api/Worker121 PUT http://localhost:9902/api/Worker121 POST http://localhost:9902/api/Worker121 DELETE http://localhost:9902/api/Worker121 
897,Client270,http://localhost:9907/api/Client270,,false,897,ServiceDiscovery,Client,GET http://localhost:9898/api/ServiceRegistry20 GET http://localhost:9902/api/Worker121 PUT http://localhost:9902/api/Worker121 POST http://localhost:9902/api/Worker121 DELETE http://localhost:9902/api/Worker121 
898,ServiceRegistry21,http://localhost:9908/api/ServiceRegistry21,POST PUT GET DELETE ,false,898,ServiceDiscovery,ServiceRegistry,
899,Worker122,http://localhost:9909/api/Worker122,POST PUT GET DELETE ,false,899,ServiceDiscovery,Worker,POST http://localhost:9908/api/ServiceRegistry21 PUT http://localhost:9908/api/ServiceRegistry21 DELETE http://localhost:9908/api/ServiceRegistry21 
900,Client271,http://localhost:9910/api/Client271,,false,900,ServiceDiscovery,Client,GET http://localhost:9908/api/ServiceRegistry21 GET http://localhost:9909/api/Worker122 PUT http://localhost:9909/api/Worker122 POST http://localhost:9909/api/Worker122 DELETE http://localhost:9909/api/Worker122 
901,Client272,http://localhost:9911/api/Client272,,false,901,ServiceDiscovery,Client,GET http://localhost:9908/api/ServiceRegistry21 GET http://localhost:9909/api/Worker122 PUT http://localhost:9909/api/Worker122 POST http://localhost:9909/api/Worker122 DELETE http://localhost:9909/api/Worker122 
902,Client273,http://localhost:9912/api/Client273,,false,902,ServiceDiscovery,Client,GET http://localhost:9908/api/ServiceRegistry21 GET http://localhost:9909/api/Worker122 PUT http://localhost:9909/api/Worker122 POST http://localhost:9909/api/Worker122 DELETE http://localhost:9909/api/Worker122 
903,Client274,http://localhost:9913/api/Client274,,false,903,ServiceDiscovery,Client,GET http://localhost:9908/api/ServiceRegistry21 GET http://localhost:9909/api/Worker122 PUT http://localhost:9909/api/Worker122 POST http://localhost:9909/api/Worker122 DELETE http://localhost:9909/api/Worker122 
904,Client275,http://localhost:9914/api/Client275,,false,904,ServiceDiscovery,Client,GET http://localhost:9908/api/ServiceRegistry21 GET http://localhost:9909/api/Worker122 PUT http://localhost:9909/api/Worker122 POST http://localhost:9909/api/Worker122 DELETE http://localhost:9909/api/Worker122 
905,Client276,http://localhost:9915/api/Client276,,false,905,ServiceDiscovery,Client,GET http://localhost:9908/api/ServiceRegistry21 GET http://localhost:9909/api/Worker122 PUT http://localhost:9909/api/Worker122 POST http://localhost:9909/api/Worker122 DELETE http://localhost:9909/api/Worker122 
906,Client277,http://localhost:9916/api/Client277,,false,906,ServiceDiscovery,Client,GET http://localhost:9908/api/ServiceRegistry21 GET http://localhost:9909/api/Worker122 PUT http://localhost:9909/api/Worker122 POST http://localhost:9909/api/Worker122 DELETE http://localhost:9909/api/Worker122 
907,Client278,http://localhost:9917/api/Client278,,false,907,ServiceDiscovery,Client,GET http://localhost:9908/api/ServiceRegistry21 GET http://localhost:9909/api/Worker122 PUT http://localhost:9909/api/Worker122 POST http://localhost:9909/api/Worker122 DELETE http://localhost:9909/api/Worker122 
908,ServiceRegistry22,http://localhost:9918/api/ServiceRegistry22,POST PUT GET DELETE ,false,908,ServiceDiscovery,ServiceRegistry,
909,Worker123,http://localhost:9919/api/Worker123,POST PUT GET DELETE ,false,909,ServiceDiscovery,Worker,POST http://localhost:9918/api/ServiceRegistry22 PUT http://localhost:9918/api/ServiceRegistry22 DELETE http://localhost:9918/api/ServiceRegistry22 
910,Worker124,http://localhost:9920/api/Worker124,POST PUT GET DELETE ,false,910,ServiceDiscovery,Worker,POST http://localhost:9918/api/ServiceRegistry22 PUT http://localhost:9918/api/ServiceRegistry22 DELETE http://localhost:9918/api/ServiceRegistry22 
911,Client279,http://localhost:9921/api/Client279,,false,911,ServiceDiscovery,Client,GET http://localhost:9918/api/ServiceRegistry22 GET http://localhost:9920/api/Worker124 PUT http://localhost:9920/api/Worker124 POST http://localhost:9920/api/Worker124 DELETE http://localhost:9920/api/Worker124 
912,Client280,http://localhost:9922/api/Client280,,false,912,ServiceDiscovery,Client,GET http://localhost:9918/api/ServiceRegistry22 GET http://localhost:9920/api/Worker124 PUT http://localhost:9920/api/Worker124 POST http://localhost:9920/api/Worker124 DELETE http://localhost:9920/api/Worker124 
913,Client281,http://localhost:9923/api/Client281,,false,913,ServiceDiscovery,Client,GET http://localhost:9918/api/ServiceRegistry22 GET http://localhost:9920/api/Worker124 PUT http://localhost:9920/api/Worker124 POST http://localhost:9920/api/Worker124 DELETE http://localhost:9920/api/Worker124 
914,Client282,http://localhost:9924/api/Client282,,false,914,ServiceDiscovery,Client,GET http://localhost:9918/api/ServiceRegistry22 GET http://localhost:9920/api/Worker124 PUT http://localhost:9920/api/Worker124 POST http://localhost:9920/api/Worker124 DELETE http://localhost:9920/api/Worker124 
915,Client283,http://localhost:9925/api/Client283,,false,915,ServiceDiscovery,Client,GET http://localhost:9918/api/ServiceRegistry22 GET http://localhost:9920/api/Worker124 PUT http://localhost:9920/api/Worker124 POST http://localhost:9920/api/Worker124 DELETE http://localhost:9920/api/Worker124 
916,ServiceRegistry23,http://localhost:9926/api/ServiceRegistry23,POST PUT GET DELETE ,false,916,ServiceDiscovery,ServiceRegistry,
917,Worker125,http://localhost:9927/api/Worker125,POST PUT GET DELETE ,false,917,ServiceDiscovery,Worker,POST http://localhost:9926/api/ServiceRegistry23 PUT http://localhost:9926/api/ServiceRegistry23 DELETE http://localhost:9926/api/ServiceRegistry23 
918,Worker126,http://localhost:9928/api/Worker126,POST PUT GET DELETE ,false,918,ServiceDiscovery,Worker,POST http://localhost:9926/api/ServiceRegistry23 PUT http://localhost:9926/api/ServiceRegistry23 DELETE http://localhost:9926/api/ServiceRegistry23 
919,Worker127,http://localhost:9929/api/Worker127,POST PUT GET DELETE ,false,919,ServiceDiscovery,Worker,POST http://localhost:9926/api/ServiceRegistry23 PUT http://localhost:9926/api/ServiceRegistry23 DELETE http://localhost:9926/api/ServiceRegistry23 
920,Worker128,http://localhost:9930/api/Worker128,POST PUT GET DELETE ,false,920,ServiceDiscovery,Worker,POST http://localhost:9926/api/ServiceRegistry23 PUT http://localhost:9926/api/ServiceRegistry23 DELETE http://localhost:9926/api/ServiceRegistry23 
921,Client284,http://localhost:9931/api/Client284,,false,921,ServiceDiscovery,Client,GET http://localhost:9926/api/ServiceRegistry23 GET http://localhost:9930/api/Worker128 PUT http://localhost:9930/api/Worker128 POST http://localhost:9930/api/Worker128 DELETE http://localhost:9930/api/Worker128 
922,Client285,http://localhost:9932/api/Client285,,false,922,ServiceDiscovery,Client,GET http://localhost:9926/api/ServiceRegistry23 GET http://localhost:9930/api/Worker128 PUT http://localhost:9930/api/Worker128 POST http://localhost:9930/api/Worker128 DELETE http://localhost:9930/api/Worker128 
923,Client286,http://localhost:9933/api/Client286,,false,923,ServiceDiscovery,Client,GET http://localhost:9926/api/ServiceRegistry23 GET http://localhost:9930/api/Worker128 PUT http://localhost:9930/api/Worker128 POST http://localhost:9930/api/Worker128 DELETE http://localhost:9930/api/Worker128 
924,ServiceRegistry24,http://localhost:9934/api/ServiceRegistry24,POST PUT GET DELETE ,false,924,ServiceDiscovery,ServiceRegistry,
925,Worker129,http://localhost:9935/api/Worker129,POST PUT GET DELETE ,false,925,ServiceDiscovery,Worker,POST http://localhost:9934/api/ServiceRegistry24 PUT http://localhost:9934/api/ServiceRegistry24 DELETE http://localhost:9934/api/ServiceRegistry24 
926,Client287,http://localhost:9936/api/Client287,,false,926,ServiceDiscovery,Client,GET http://localhost:9934/api/ServiceRegistry24 GET http://localhost:9935/api/Worker129 PUT http://localhost:9935/api/Worker129 POST http://localhost:9935/api/Worker129 DELETE http://localhost:9935/api/Worker129 
927,Client288,http://localhost:9937/api/Client288,,false,927,ServiceDiscovery,Client,GET http://localhost:9934/api/ServiceRegistry24 GET http://localhost:9935/api/Worker129 PUT http://localhost:9935/api/Worker129 POST http://localhost:9935/api/Worker129 DELETE http://localhost:9935/api/Worker129 
928,Client289,http://localhost:9938/api/Client289,,false,928,ServiceDiscovery,Client,GET http://localhost:9934/api/ServiceRegistry24 GET http://localhost:9935/api/Worker129 PUT http://localhost:9935/api/Worker129 POST http://localhost:9935/api/Worker129 DELETE http://localhost:9935/api/Worker129 
929,Client290,http://localhost:9939/api/Client290,,false,929,ServiceDiscovery,Client,GET http://localhost:9934/api/ServiceRegistry24 GET http://localhost:9935/api/Worker129 PUT http://localhost:9935/api/Worker129 POST http://localhost:9935/api/Worker129 DELETE http://localhost:9935/api/Worker129 
930,Client291,http://localhost:9940/api/Client291,,false,930,ServiceDiscovery,Client,GET http://localhost:9934/api/ServiceRegistry24 GET http://localhost:9935/api/Worker129 PUT http://localhost:9935/api/Worker129 POST http://localhost:9935/api/Worker129 DELETE http://localhost:9935/api/Worker129 
931,Client292,http://localhost:9941/api/Client292,,false,931,ServiceDiscovery,Client,GET http://localhost:9934/api/ServiceRegistry24 GET http://localhost:9935/api/Worker129 PUT http://localhost:9935/api/Worker129 POST http://localhost:9935/api/Worker129 DELETE http://localhost:9935/api/Worker129 
932,Client293,http://localhost:9942/api/Client293,,false,932,ServiceDiscovery,Client,GET http://localhost:9934/api/ServiceRegistry24 GET http://localhost:9935/api/Worker129 PUT http://localhost:9935/api/Worker129 POST http://localhost:9935/api/Worker129 DELETE http://localhost:9935/api/Worker129 
